"date_utc"	"indicator"	"type"	"source"	"tags"	"context"
"2026-03-05T23:21:10Z"	"hxxp://servecdn[.]my/QuickAccessPopup-32-bit[.]exe"	"url"	"urlhaus"	"clickfix"	"status=offline; threat=malware_download"
"2026-03-05T23:21:10Z"	"hxxps://roverbot[.]info/result[.]hta"	"url"	"urlhaus"	"clickfix"	"status=offline; threat=malware_download"
"2026-03-05T23:21:10Z"	"hxxps://185[.]125[.]91[.]3/"	"url"	"urlhaus"	"clickfix"	"status=offline; threat=malware_download"
"2026-03-05T23:21:10Z"	"hxxp://185[.]125[.]91[.]3/"	"url"	"urlhaus"	"clickfix"	"status=offline; threat=malware_download"
"2026-03-05T23:21:10Z"	"hxxp://servecdn[.]my"	"url"	"urlhaus"	"clickfix"	"status=offline; threat=malware_download"
"2026-03-05T23:21:10Z"	"hxxp://94[.]154[.]32[.]195/killxd[.]bat"	"url"	"urlhaus"	"clickfix"	"status=offline; threat=malware_download"
"2026-03-05T23:21:10Z"	"hxxps://94[.]154[.]32[.]195/killxd[.]bat"	"url"	"urlhaus"	"clickfix"	"status=offline; threat=malware_download"
"2026-03-05T23:21:10Z"	"hxxp://roverbot[.]info/result[.]hta"	"url"	"urlhaus"	"clickfix"	"status=offline; threat=malware_download"
"2026-03-05T23:21:10Z"	"hxxp://94[.]154[.]32[.]195/result[.]hta"	"url"	"urlhaus"	"clickfix"	"status=offline; threat=malware_download"
"2026-03-05T23:21:10Z"	"hxxps://94[.]154[.]32[.]9/result[.]hta"	"url"	"urlhaus"	"clickfix"	"status=offline; threat=malware_download"
"2026-03-05T23:21:10Z"	"hxxp://94[.]154[.]32[.]9/result[.]hta"	"url"	"urlhaus"	"clickfix"	"status=offline; threat=malware_download"
"2026-03-05T23:21:10Z"	"hxxps://94[.]154[.]32[.]195/result[.]hta"	"url"	"urlhaus"	"clickfix"	"status=offline; threat=malware_download"
"2026-03-05T23:21:10Z"	"hxxp://roverlink[.]io/result[.]hta"	"url"	"urlhaus"	"clickfix"	"status=online; threat=malware_download"
"2026-03-05T23:21:10Z"	"hxxps://roverbot[.]info/killxd[.]bat"	"url"	"urlhaus"	"clickfix"	"status=offline; threat=malware_download"
"2026-03-05T23:21:10Z"	"hxxps://roverlink[.]io/result[.]hta"	"url"	"urlhaus"	"clickfix"	"status=online; threat=malware_download"
"2026-03-05T23:21:10Z"	"hxxp://roverbot[.]info/killxd[.]bat"	"url"	"urlhaus"	"clickfix"	"status=offline; threat=malware_download"
"2026-03-05T23:21:10Z"	"hxxps://github[.]com/e70412150-del/fullinfonedameee/releases/download/23456465/CromeSecurityUpdate_software_revision_build_1311_x86_x64[.]exe"	"url"	"urlhaus"	"clickfix"	"status=offline; threat=malware_download"
"2026-03-05T23:21:10Z"	"hxxp://94[.]154[.]32[.]129/result[.]hta"	"url"	"urlhaus"	"clickfix"	"status=offline; threat=malware_download"
"2026-03-05T23:21:10Z"	"hxxp://94[.]154[.]32[.]127/"	"url"	"urlhaus"	"clickfix"	"status=offline; threat=malware_download"
"2026-03-05T23:21:10Z"	"hxxp://94[.]154[.]32[.]129/"	"url"	"urlhaus"	"clickfix"	"status=offline; threat=malware_download"
"2026-03-05T23:21:10Z"	"hxxp://94[.]154[.]32[.]127/result[.]hta"	"url"	"urlhaus"	"clickfix"	"status=offline; threat=malware_download"
"2026-03-05T23:21:10Z"	"hxxps://gatepass-corp[.]com/toljhnxgvhcsfduwzf"	"url"	"urlhaus"	"clickfix"	"status=offline; threat=malware_download"
"2026-03-05T23:21:10Z"	"hxxp://quicrob[.]com/quicrob[.]php"	"url"	"urlhaus"	"clickfix"	"status=offline; threat=malware_download"
"2026-03-05T23:21:10Z"	"hxxp://quicrob[.]com/"	"url"	"urlhaus"	"clickfix"	"status=offline; threat=malware_download"
"2026-03-05T23:21:10Z"	"hxxps://193[.]58[.]122[.]97/"	"url"	"urlhaus"	"clickfix"	"status=offline; threat=malware_download"
"2026-03-05T23:21:10Z"	"hxxps://103[.]74[.]5[.]124/"	"url"	"urlhaus"	"clickfix"	"status=offline; threat=malware_download"
"2026-03-05T23:21:10Z"	"hxxp://3[.]110[.]22[.]152/"	"url"	"urlhaus"	"clickfix"	"status=offline; threat=malware_download"
"2026-03-05T23:21:10Z"	"hxxps://3[.]110[.]22[.]152/"	"url"	"urlhaus"	"clickfix"	"status=offline; threat=malware_download"
"2026-03-05T23:21:10Z"	"hxxps://139[.]59[.]31[.]145/"	"url"	"urlhaus"	"clickfix"	"status=online; threat=malware_download"
"2026-03-05T23:21:10Z"	"hxxps://51[.]79[.]204[.]217/"	"url"	"urlhaus"	"clickfix"	"status=online; threat=malware_download"
"2026-03-05T23:21:10Z"	"hxxps://210[.]245[.]90[.]206/"	"url"	"urlhaus"	"clickfix"	"status=online; threat=malware_download"
"2026-03-05T23:21:10Z"	"hxxps://162[.]240[.]96[.]107/"	"url"	"urlhaus"	"clickfix"	"status=online; threat=malware_download"
"2026-03-05T23:21:10Z"	"hxxps://github[.]com/e70412150-del/fullinfonedameee/releases/download/23456465/it[.]vbs"	"url"	"urlhaus"	"clickfix"	"status=offline; threat=malware_download"
"2026-03-05T23:21:10Z"	"hxxp://193[.]221[.]201[.]191/"	"url"	"urlhaus"	"clickfix"	"status=offline; threat=malware_download"
"2026-03-05T23:21:10Z"	"hxxps://gardenscup[.]com/36b42c47/e62d154f1b[.]msi"	"url"	"urlhaus"	"clickfix"	"status=offline; threat=malware_download"
"2026-03-05T23:21:10Z"	"hxxp://162[.]240[.]96[.]107/"	"url"	"urlhaus"	"clickfix"	"status=online; threat=malware_download"
"2026-03-05T23:21:10Z"	"hxxp://118[.]139[.]167[.]36/"	"url"	"urlhaus"	"clickfix"	"status=online; threat=malware_download"
"2026-03-05T23:21:10Z"	"hxxp://172[.]96[.]189[.]153/"	"url"	"urlhaus"	"clickfix"	"status=online; threat=malware_download"
"2026-03-05T23:21:10Z"	"hxxp://193[.]58[.]122[.]97/"	"url"	"urlhaus"	"clickfix"	"status=offline; threat=malware_download"
"2026-03-05T23:21:10Z"	"hxxps://widexenmexico[.]com[.]mx/plugins/Cloudflare/challenge/IsHuman/ID53728/"	"url"	"urlhaus"	"clickfix"	"status=online; threat=malware_download"
"2026-03-05T23:21:10Z"	"hxxp://quicrob[.]com/7z[.]dll"	"url"	"urlhaus"	"clickfix"	"status=offline; threat=malware_download"
"2026-03-05T23:21:10Z"	"hxxp://quicrob[.]com/lnk[.]7z"	"url"	"urlhaus"	"clickfix"	"status=offline; threat=malware_download"
"2026-03-05T23:21:10Z"	"hxxp://quicrob[.]com/at[.]7z"	"url"	"urlhaus"	"clickfix"	"status=offline; threat=malware_download"
"2026-03-05T23:21:10Z"	"hxxp://quicrob[.]com/7z[.]exe"	"url"	"urlhaus"	"clickfix"	"status=offline; threat=malware_download"
"2026-03-05T23:21:10Z"	"hxxps://216[.]119[.]126[.]23/old_backup/"	"url"	"urlhaus"	"clickfix"	"status=online; threat=malware_download"
"2026-03-05T23:21:10Z"	"hxxp://77[.]238[.]232[.]165/optopucas_v1[.]4[.]1-x86[.]bat"	"url"	"urlhaus"	"clickfix"	"status=offline; threat=malware_download"
"2026-03-05T23:21:10Z"	"hxxps://incomexrps[.]com/mpv[.]luc"	"url"	"urlhaus"	"clickfix"	"status=offline; threat=malware_download"
"2026-03-05T23:21:10Z"	"hxxps://sectigoapps[.]com/cftoken"	"url"	"urlhaus"	"clickfix"	"status=offline; threat=malware_download"
"2026-03-05T23:21:10Z"	"hxxps://sonnyangel[.]us/"	"url"	"urlhaus"	"clickfix"	"status=offline; threat=malware_download"
"2026-03-05T23:21:10Z"	"hxxps://174[.]142[.]195[.]203:444/"	"url"	"urlhaus"	"clickfix"	"status=offline; threat=malware_download"
"2026-03-05T23:21:10Z"	"hxxps://gardenscup[.]com/7b46e108/87383114bf[.]msi"	"url"	"urlhaus"	"clickfix"	"status=offline; threat=malware_download"
"2026-03-05T23:21:10Z"	"hxxps://gardenscup[.]com/9c8cc2bb/4c766b9d2b[.]exe"	"url"	"urlhaus"	"clickfix"	"status=offline; threat=malware_download"
"2026-03-05T23:21:10Z"	"hxxps://emierich[.]com/2p2o[.]js"	"url"	"urlhaus"	"clickfix"	"status=offline; threat=malware_download"
"2026-03-05T23:21:10Z"	"hxxp://98[.]142[.]251[.]63/con"	"url"	"urlhaus"	"clickfix"	"status=offline; threat=malware_download"
"2026-03-05T23:21:10Z"	"hxxp://185[.]198[.]234[.]72/gisl[.]odd"	"url"	"urlhaus"	"clickfix"	"status=offline; threat=malware_download"
"2026-03-05T23:21:10Z"	"hxxp://185[.]0xC6[.]234[.]72/gisl[.]odd"	"url"	"urlhaus"	"clickfix"	"status=offline; threat=malware_download"
"2026-03-05T23:21:10Z"	"hxxp://89[.]125[.]60[.]223/love[.]pdf"	"url"	"urlhaus"	"clickfix"	"status=offline; threat=malware_download"
"2026-03-05T23:21:10Z"	"hxxp://192[.]177[.]26[.]244/save[.]pdf"	"url"	"urlhaus"	"clickfix"	"status=offline; threat=malware_download"
"2026-03-05T23:21:10Z"	"hxxps://wilknnson[.]com/6j6s[.]js"	"url"	"urlhaus"	"clickfix"	"status=offline; threat=malware_download"
"2026-03-05T23:21:10Z"	"hxxp://150[.]241[.]124[.]218:5509/r[.]txt"	"url"	"urlhaus"	"clickfix"	"status=offline; threat=malware_download"
"2026-03-05T23:21:10Z"	"hxxps://sdufkghdfshds[.]cfd/"	"url"	"urlhaus"	"clickfix"	"status=offline; threat=malware_download"
"2026-03-05T23:21:10Z"	"hxxp://51[.]79[.]204[.]217/"	"url"	"urlhaus"	"clickfix"	"status=online; threat=malware_download"
"2026-03-05T23:21:10Z"	"hxxps://github[.]com/e70412150-del/fullinfonedameee/releases/download/23456465/updater2[.]vbs"	"url"	"urlhaus"	"clickfix"	"status=offline; threat=malware_download"
"2026-03-05T23:21:10Z"	"hxxps://rainbow-terrace[.]com"	"url"	"urlhaus"	"clickfix"	"status=offline; threat=malware_download"
"2026-03-05T23:21:10Z"	"hxxps://raw[.]githubusercontent[.]com/clock-cheking/expert-barnacle/refs/heads/main/brand"	"url"	"urlhaus"	"clickfix"	"status=offline; threat=malware_download"
"2026-03-05T23:21:10Z"	"hxxps://45[.]8[.]93[.]168/authorize[.]txt"	"url"	"urlhaus"	"clickfix"	"status=offline; threat=malware_download"
"2026-03-05T23:21:10Z"	"hxxps://github[.]com/e70412150-del/fullinfonedameee/releases/download/23456465/updater3[.]vbs"	"url"	"urlhaus"	"clickfix"	"status=offline; threat=malware_download"
"2026-03-05T23:21:10Z"	"hxxps://github[.]com/e70412150-del/fullinfonedameee/releases/download/23456465/updater1[.]vbs"	"url"	"urlhaus"	"clickfix"	"status=offline; threat=malware_download"
"2026-03-05T23:21:10Z"	"hxxps://github[.]com/e70412150-del/fullinfonedameee/releases/download/23456465/updater4[.]vbs"	"url"	"urlhaus"	"clickfix"	"status=offline; threat=malware_download"
"2026-03-05T23:21:10Z"	"hxxps://github[.]com/e70412150-del/fullinfonedameee/releases/download/23456465/us[.]vbs"	"url"	"urlhaus"	"clickfix"	"status=offline; threat=malware_download"
"2026-03-05T23:21:10Z"	"hxxps://co-emas[.]com/receiveharsh/changebusiness"	"url"	"urlhaus"	"clickfix"	"status=online; threat=malware_download"
"2026-03-05T23:21:10Z"	"hxxps://co-emas[.]com/x/s"	"url"	"urlhaus"	"clickfix"	"status=online; threat=malware_download"
"2026-03-05T23:21:10Z"	"hxxps://help[.]get-upgrades[.]com/last[.]php"	"url"	"urlhaus"	"clickfix"	"status=offline; threat=malware_download"
"2026-03-05T23:21:10Z"	"hxxps://raw[.]githubusercontent[.]com/routing78-fabric43-euw3/csz54-hrt8-s43-g984-gsdf555/refs/heads/main/upturnedevict"	"url"	"urlhaus"	"clickfix"	"status=offline; threat=malware_download"
"2026-03-05T23:21:10Z"	"hxxps://raw[.]githubusercontent[.]com/routing78-fabric43-euw3/a4-g89-dc01-eu/refs/heads/main/uncrownslicing"	"url"	"urlhaus"	"clickfix"	"status=offline; threat=malware_download"
"2026-03-05T23:21:10Z"	"hxxps://raw[.]githubusercontent[.]com/routing78-fabric43-euw3/a4-g89-dc01-eu/refs/heads/main/revivalscraggly"	"url"	"urlhaus"	"clickfix"	"status=offline; threat=malware_download"
"2026-03-05T23:21:10Z"	"hxxps://raw[.]githubusercontent[.]com/routing78-fabric43-euw3/csz54-hrt8-s43-g984-gsdf555/refs/heads/main/unlovingconcrete456"	"url"	"urlhaus"	"clickfix"	"status=offline; threat=malware_download"
"2026-03-05T23:21:10Z"	"hxxps://raw[.]githubusercontent[.]com/routing78-fabric43-euw3/csz54-hrt8-s43-g984-gsdf555/refs/heads/main/ruckusbox"	"url"	"urlhaus"	"clickfix"	"status=offline; threat=malware_download"
"2026-03-05T23:21:10Z"	"hxxps://raw[.]githubusercontent[.]com/clock-cheking/expert-barnacle/refs/heads/main/load"	"url"	"urlhaus"	"clickfix"	"status=offline; threat=malware_download"
"2026-03-05T23:21:10Z"	"hxxps://github[.]com/e70412150-del/fullinfonedameee/releases/download/23456465/98[.]vbs"	"url"	"urlhaus"	"clickfix"	"status=offline; threat=malware_download"
"2026-03-05T23:21:10Z"	"hxxp://91[.]92[.]240[.]219/"	"url"	"urlhaus"	"clickfix"	"status=offline; threat=malware_download"
"2026-03-05T23:21:10Z"	"hxxp://206[.]245[.]132[.]222/blsq[.]odd"	"url"	"urlhaus"	"clickfix"	"status=offline; threat=malware_download"
"2026-03-05T23:21:10Z"	"hxxp://23[.]160[.]168[.]165:7998/hst/test[.]bat"	"url"	"urlhaus"	"clickfix"	"status=offline; threat=malware_download"
"2026-03-05T23:21:10Z"	"hxxps://slowdomen[.]ru/authorize[.]txt"	"url"	"urlhaus"	"clickfix"	"status=offline; threat=malware_download"
"2026-03-05T23:21:10Z"	"hxxps://authorizegoogle[.]com/"	"url"	"urlhaus"	"clickfix"	"status=offline; threat=malware_download"
"2026-03-05T23:21:10Z"	"hxxps://slowdomen[.]ru/"	"url"	"urlhaus"	"clickfix"	"status=offline; threat=malware_download"
"2026-03-05T23:21:10Z"	"hxxp://authorizegoogle[.]com/"	"url"	"urlhaus"	"clickfix"	"status=offline; threat=malware_download"
"2026-03-05T23:21:10Z"	"hxxp://meetvideogoogle[.]com/"	"url"	"urlhaus"	"clickfix"	"status=online; threat=malware_download"
"2026-03-05T23:21:10Z"	"hxxps://194[.]67[.]127[.]229/"	"url"	"urlhaus"	"clickfix"	"status=offline; threat=malware_download"
"2026-03-05T23:21:10Z"	"hxxps://meetvideogoogle[.]com/"	"url"	"urlhaus"	"clickfix"	"status=offline; threat=malware_download"
"2026-03-05T23:21:10Z"	"hxxps://videomeetgoogle[.]com/"	"url"	"urlhaus"	"clickfix"	"status=offline; threat=malware_download"
"2026-03-05T23:21:10Z"	"hxxp://videomeetgoogle[.]com/"	"url"	"urlhaus"	"clickfix"	"status=online; threat=malware_download"
"2026-03-05T23:21:10Z"	"hxxp://194[.]67[.]127[.]229/"	"url"	"urlhaus"	"clickfix"	"status=online; threat=malware_download"
"2026-03-05T23:21:10Z"	"hxxps://github[.]com/e70412150-del/fullinfonedameee/releases/download/23456465/updater[.]vbs"	"url"	"urlhaus"	"clickfix"	"status=offline; threat=malware_download"
"2026-03-05T23:21:10Z"	"hxxps://45[.]8[.]93[.]168/"	"url"	"urlhaus"	"clickfix"	"status=offline; threat=malware_download"
"2026-03-05T23:21:10Z"	"hxxps://cloudy-verification[.]com/cloudfa"	"url"	"urlhaus"	"clickfix"	"status=offline; threat=malware_download"
"2026-03-05T23:21:10Z"	"hxxps://132[.]148[.]78[.]83:444/"	"url"	"urlhaus"	"clickfix"	"status=offline; threat=malware_download"
"2026-03-05T23:21:10Z"	"hxxps://macqore[.]com/app2"	"url"	"urlhaus"	"clickfix"	"status=offline; threat=malware_download"
"2026-03-05T23:21:10Z"	"hxxp://45[.]135[.]232[.]33/d/roberto99223"	"url"	"urlhaus"	"clickfix"	"status=offline; threat=malware_download"
"2026-03-05T23:21:10Z"	"hxxp://217[.]119[.]139[.]117/d/roberto32100"	"url"	"urlhaus"	"clickfix"	"status=offline; threat=malware_download"
"2026-03-05T23:21:10Z"	"hxxps://45[.]144[.]233[.]192/"	"url"	"urlhaus"	"clickfix"	"status=online; threat=malware_download"
"2026-03-05T23:21:10Z"	"hxxps://tesllamacapp[.]com/"	"url"	"urlhaus"	"clickfix"	"status=online; threat=malware_download"
"2026-03-05T23:21:10Z"	"hxxp://198[.]13[.]158[.]127:5506/ny[.]vbs"	"url"	"urlhaus"	"clickfix"	"status=offline; threat=malware_download"
"2026-03-05T23:21:10Z"	"hxxps://geeconglobal[.]com/CLOUDFLARE"	"url"	"urlhaus"	"clickfix"	"status=offline; threat=malware_download"
"2026-03-05T23:21:10Z"	"hxxps://142[.]93[.]179[.]103:8081/"	"url"	"urlhaus"	"clickfix"	"status=offline; threat=malware_download"
"2026-03-05T23:21:10Z"	"hxxp://157[.]230[.]254[.]1/"	"url"	"urlhaus"	"clickfix"	"status=offline; threat=malware_download"
"2026-03-05T23:21:10Z"	"hxxps://162[.]215[.]130[.]152/"	"url"	"urlhaus"	"clickfix"	"status=online; threat=malware_download"
"2026-03-05T23:21:10Z"	"hxxp://103[.]241[.]42[.]40/"	"url"	"urlhaus"	"clickfix"	"status=online; threat=malware_download"
"2026-03-05T23:21:10Z"	"hxxps://152[.]44[.]39[.]12/"	"url"	"urlhaus"	"clickfix"	"status=offline; threat=malware_download"
"2026-03-05T23:21:10Z"	"hxxps://165[.]22[.]255[.]138/"	"url"	"urlhaus"	"clickfix"	"status=offline; threat=malware_download"
"2026-03-05T23:21:10Z"	"hxxps://52[.]21[.]159[.]183/"	"url"	"urlhaus"	"clickfix"	"status=offline; threat=malware_download"
"2026-03-05T23:21:10Z"	"hxxps://72[.]167[.]140[.]158/"	"url"	"urlhaus"	"clickfix"	"status=offline; threat=malware_download"
"2026-03-05T23:21:10Z"	"hxxp://72[.]62[.]59[.]160:8080/"	"url"	"urlhaus"	"clickfix"	"status=offline; threat=malware_download"
"2026-03-05T23:21:10Z"	"hxxps://159[.]223[.]160[.]166/"	"url"	"urlhaus"	"clickfix"	"status=offline; threat=malware_download"
"2026-03-05T23:21:10Z"	"hxxp://217[.]160[.]27[.]36/"	"url"	"urlhaus"	"clickfix"	"status=offline; threat=malware_download"
"2026-03-05T23:21:10Z"	"hxxps://46[.]4[.]194[.]54/"	"url"	"urlhaus"	"clickfix"	"status=offline; threat=malware_download"
"2026-03-05T23:21:10Z"	"hxxps://102[.]206[.]27[.]46/"	"url"	"urlhaus"	"clickfix"	"status=offline; threat=malware_download"
"2026-03-05T23:21:10Z"	"hxxps://18[.]222[.]4[.]143/"	"url"	"urlhaus"	"clickfix"	"status=offline; threat=malware_download"
"2026-03-05T23:21:10Z"	"hxxps://13[.]233[.]119[.]235/"	"url"	"urlhaus"	"clickfix"	"status=offline; threat=malware_download"
"2026-03-05T23:21:10Z"	"hxxp://66[.]39[.]32[.]101/"	"url"	"urlhaus"	"clickfix"	"status=offline; threat=malware_download"
"2026-03-05T23:21:10Z"	"hxxps://183[.]181[.]96[.]178/"	"url"	"urlhaus"	"clickfix"	"status=offline; threat=malware_download"
"2026-03-05T23:21:10Z"	"hxxps://89[.]37[.]214[.]212/"	"url"	"urlhaus"	"clickfix"	"status=offline; threat=malware_download"
"2026-03-05T23:21:10Z"	"hxxps://148[.]72[.]247[.]154/"	"url"	"urlhaus"	"clickfix"	"status=offline; threat=malware_download"
"2026-03-05T23:21:10Z"	"hxxps://77[.]120[.]165[.]2/"	"url"	"urlhaus"	"clickfix"	"status=offline; threat=malware_download"
"2026-03-05T23:21:10Z"	"hxxp://178[.]159[.]11[.]216/"	"url"	"urlhaus"	"clickfix"	"status=online; threat=malware_download"
"2026-03-05T23:21:10Z"	"hxxp://91[.]121[.]34[.]146/"	"url"	"urlhaus"	"clickfix"	"status=offline; threat=malware_download"
"2026-03-05T23:21:10Z"	"hxxps://66[.]39[.]17[.]31/"	"url"	"urlhaus"	"clickfix"	"status=online; threat=malware_download"
"2026-03-05T23:21:10Z"	"hxxps://216[.]92[.]32[.]98/"	"url"	"urlhaus"	"clickfix"	"status=offline; threat=malware_download"
"2026-03-05T23:21:10Z"	"hxxp://77[.]120[.]165[.]2/"	"url"	"urlhaus"	"clickfix"	"status=offline; threat=malware_download"
"2026-03-05T23:21:10Z"	"hxxp://138[.]197[.]49[.]130:8080/"	"url"	"urlhaus"	"clickfix"	"status=offline; threat=malware_download"
"2026-03-05T23:21:10Z"	"hxxp://138[.]199[.]222[.]6/"	"url"	"urlhaus"	"clickfix"	"status=offline; threat=malware_download"
"2026-03-05T23:21:10Z"	"hxxp://18[.]222[.]166[.]74/"	"url"	"urlhaus"	"clickfix"	"status=offline; threat=malware_download"
"2026-03-05T23:21:10Z"	"hxxps://173[.]255[.]252[.]25/"	"url"	"urlhaus"	"clickfix"	"status=offline; threat=malware_download"
"2026-03-05T23:21:10Z"	"hxxps://178[.]159[.]11[.]216/"	"url"	"urlhaus"	"clickfix"	"status=online; threat=malware_download"
"2026-03-05T23:21:10Z"	"hxxp://52[.]40[.]97[.]75/"	"url"	"urlhaus"	"clickfix"	"status=offline; threat=malware_download"
"2026-03-05T23:21:10Z"	"hxxps://3[.]71[.]235[.]243/"	"url"	"urlhaus"	"clickfix"	"status=offline; threat=malware_download"
"2026-03-05T23:21:10Z"	"hxxps://169[.]50[.]189[.]146/"	"url"	"urlhaus"	"clickfix"	"status=offline; threat=malware_download"
"2026-03-05T23:21:10Z"	"hxxp://190[.]92[.]158[.]250/"	"url"	"urlhaus"	"clickfix"	"status=offline; threat=malware_download"
"2026-03-05T23:21:10Z"	"hxxps://54[.]173[.]170[.]130/"	"url"	"urlhaus"	"clickfix"	"status=offline; threat=malware_download"
"2026-03-05T23:21:10Z"	"hxxps://52[.]76[.]43[.]213/"	"url"	"urlhaus"	"clickfix"	"status=offline; threat=malware_download"
"2026-03-05T23:21:10Z"	"hxxps://138[.]199[.]222[.]6/"	"url"	"urlhaus"	"clickfix"	"status=offline; threat=malware_download"
"2026-03-05T23:21:10Z"	"hxxp://31[.]147[.]204[.]35/"	"url"	"urlhaus"	"clickfix"	"status=offline; threat=malware_download"
"2026-03-05T23:21:10Z"	"hxxp://65[.]49[.]82[.]3/"	"url"	"urlhaus"	"clickfix"	"status=offline; threat=malware_download"
"2026-03-05T23:21:10Z"	"hxxps://84[.]16[.]239[.]214/"	"url"	"urlhaus"	"clickfix"	"status=offline; threat=malware_download"
"2026-03-05T23:21:10Z"	"hxxp://94[.]159[.]105[.]149/123456[.]txt"	"url"	"urlhaus"	"clickfix"	"status=offline; threat=malware_download"
"2026-03-05T23:21:10Z"	"hxxps://104[.]199[.]248[.]167/"	"url"	"urlhaus"	"clickfix"	"status=offline; threat=malware_download"
"2026-03-05T23:21:10Z"	"hxxps://45[.]76[.]63[.]6/"	"url"	"urlhaus"	"clickfix"	"status=offline; threat=malware_download"
"2026-03-05T23:21:10Z"	"hxxp://64[.]227[.]129[.]58:8083/"	"url"	"urlhaus"	"clickfix"	"status=offline; threat=malware_download"
"2026-03-05T23:21:10Z"	"hxxp://143[.]198[.]135[.]70/"	"url"	"urlhaus"	"clickfix"	"status=offline; threat=malware_download"
"2026-03-05T23:21:10Z"	"hxxps://199[.]168[.]184[.]115/"	"url"	"urlhaus"	"clickfix"	"status=online; threat=malware_download"
"2026-03-05T23:21:10Z"	"hxxp://98[.]70[.]13[.]131/"	"url"	"urlhaus"	"clickfix"	"status=online; threat=malware_download"
"2026-03-05T23:21:10Z"	"hxxp://143[.]198[.]73[.]49/"	"url"	"urlhaus"	"clickfix"	"status=offline; threat=malware_download"
"2026-03-05T23:21:10Z"	"hxxps://176[.]57[.]70[.]199/"	"url"	"urlhaus"	"clickfix"	"status=offline; threat=malware_download"
"2026-03-05T23:21:10Z"	"hxxp://89[.]111[.]134[.]202/"	"url"	"urlhaus"	"clickfix"	"status=offline; threat=malware_download"
"2026-03-05T23:21:10Z"	"hxxps://167[.]99[.]0[.]131:4011/"	"url"	"urlhaus"	"clickfix"	"status=offline; threat=malware_download"
"2026-03-05T23:21:10Z"	"hxxps://202[.]74[.]75[.]181/"	"url"	"urlhaus"	"clickfix"	"status=offline; threat=malware_download"
"2026-03-05T23:21:10Z"	"hxxps://3[.]14[.]240[.]188/"	"url"	"urlhaus"	"clickfix"	"status=online; threat=malware_download"
"2026-03-05T23:21:10Z"	"hxxps://44[.]203[.]141[.]243/"	"url"	"urlhaus"	"clickfix"	"status=offline; threat=malware_download"
"2026-03-05T23:21:10Z"	"hxxps://13[.]213[.]189[.]252/"	"url"	"urlhaus"	"clickfix"	"status=offline; threat=malware_download"
"2026-03-05T23:21:10Z"	"hxxps://185[.]174[.]173[.]32/"	"url"	"urlhaus"	"clickfix"	"status=offline; threat=malware_download"
"2026-03-05T23:21:10Z"	"hxxp://52[.]192[.]160[.]71/"	"url"	"urlhaus"	"clickfix"	"status=offline; threat=malware_download"
"2026-03-05T23:21:10Z"	"hxxps://159[.]223[.]94[.]233/"	"url"	"urlhaus"	"clickfix"	"status=offline; threat=malware_download"
"2026-03-05T23:21:10Z"	"hxxps://165[.]73[.]81[.]241:9809/"	"url"	"urlhaus"	"clickfix"	"status=online; threat=malware_download"
"2026-03-05T23:21:10Z"	"hxxps://74[.]208[.]210[.]81/"	"url"	"urlhaus"	"clickfix"	"status=offline; threat=malware_download"
"2026-03-05T23:21:10Z"	"hxxp://45[.]79[.]216[.]201/"	"url"	"urlhaus"	"clickfix"	"status=offline; threat=malware_download"
"2026-03-05T23:21:10Z"	"hxxps://49[.]13[.]228[.]105/"	"url"	"urlhaus"	"clickfix"	"status=online; threat=malware_download"
"2026-03-05T23:21:10Z"	"hxxps://52[.]23[.]9[.]8/"	"url"	"urlhaus"	"clickfix"	"status=offline; threat=malware_download"
"2026-03-05T23:21:10Z"	"hxxp://152[.]42[.]225[.]73/"	"url"	"urlhaus"	"clickfix"	"status=online; threat=malware_download"
"2026-03-05T23:21:10Z"	"hxxp://167[.]99[.]0[.]131:3011/"	"url"	"urlhaus"	"clickfix"	"status=offline; threat=malware_download"
"2026-03-05T23:21:10Z"	"hxxps://213[.]111[.]148[.]241/"	"url"	"urlhaus"	"clickfix"	"status=online; threat=malware_download"
"2026-03-05T23:21:10Z"	"hxxp://199[.]168[.]184[.]115/"	"url"	"urlhaus"	"clickfix"	"status=online; threat=malware_download"
"2026-03-05T23:21:10Z"	"hxxp://18[.]222[.]4[.]143/"	"url"	"urlhaus"	"clickfix"	"status=offline; threat=malware_download"
"2026-03-05T23:21:10Z"	"hxxp://198[.]91[.]87[.]184/"	"url"	"urlhaus"	"clickfix"	"status=online; threat=malware_download"
"2026-03-05T23:21:10Z"	"hxxp://69[.]48[.]143[.]20/"	"url"	"urlhaus"	"clickfix"	"status=offline; threat=malware_download"
"2026-03-05T23:21:10Z"	"hxxps://91[.]121[.]34[.]146/"	"url"	"urlhaus"	"clickfix"	"status=offline; threat=malware_download"
"2026-03-05T23:21:10Z"	"hxxp://142[.]93[.]179[.]103:8080/"	"url"	"urlhaus"	"clickfix"	"status=offline; threat=malware_download"
"2026-03-05T23:21:10Z"	"hxxps://143[.]110[.]235[.]189/"	"url"	"urlhaus"	"clickfix"	"status=offline; threat=malware_download"
"2026-03-05T23:21:10Z"	"hxxps://103[.]26[.]141[.]6/"	"url"	"urlhaus"	"clickfix"	"status=offline; threat=malware_download"
"2026-03-05T23:21:10Z"	"hxxp://108[.]179[.]231[.]237/"	"url"	"urlhaus"	"clickfix"	"status=online; threat=malware_download"
"2026-03-05T23:21:10Z"	"hxxps://143[.]198[.]135[.]70/"	"url"	"urlhaus"	"clickfix"	"status=offline; threat=malware_download"
"2026-03-05T23:21:10Z"	"hxxps://3[.]18[.]128[.]17/"	"url"	"urlhaus"	"clickfix"	"status=offline; threat=malware_download"
"2026-03-05T23:21:10Z"	"hxxps://3[.]143[.]145[.]55/"	"url"	"urlhaus"	"clickfix"	"status=offline; threat=malware_download"
"2026-03-05T23:21:10Z"	"hxxps://118[.]139[.]167[.]36/"	"url"	"urlhaus"	"clickfix"	"status=online; threat=malware_download"
"2026-03-05T23:21:10Z"	"hxxps://85[.]235[.]145[.]247/"	"url"	"urlhaus"	"clickfix"	"status=offline; threat=malware_download"
"2026-03-05T23:21:10Z"	"hxxp://44[.]200[.]11[.]23/"	"url"	"urlhaus"	"clickfix"	"status=offline; threat=malware_download"
"2026-03-05T23:21:10Z"	"hxxps://176[.]57[.]70[.]199:8443/"	"url"	"urlhaus"	"clickfix"	"status=offline; threat=malware_download"
"2026-03-05T23:21:10Z"	"hxxps://18[.]176[.]47[.]246/"	"url"	"urlhaus"	"clickfix"	"status=online; threat=malware_download"
"2026-03-05T23:21:10Z"	"hxxps://54[.]76[.]13[.]162/"	"url"	"urlhaus"	"clickfix"	"status=offline; threat=malware_download"
"2026-03-05T23:21:10Z"	"hxxps://192[.]241[.]158[.]165/"	"url"	"urlhaus"	"clickfix"	"status=offline; threat=malware_download"
"2026-03-05T23:21:10Z"	"hxxps://133[.]242[.]169[.]121/"	"url"	"urlhaus"	"clickfix"	"status=offline; threat=malware_download"
"2026-03-05T23:21:10Z"	"hxxps://94[.]130[.]229[.]174/"	"url"	"urlhaus"	"clickfix"	"status=offline; threat=malware_download"
"2026-03-05T23:21:10Z"	"hxxp://159[.]223[.]94[.]233/"	"url"	"urlhaus"	"clickfix"	"status=offline; threat=malware_download"
"2026-03-05T23:21:10Z"	"hxxps://92[.]205[.]227[.]106/"	"url"	"urlhaus"	"clickfix"	"status=online; threat=malware_download"
"2026-03-05T23:21:10Z"	"hxxps://34[.]23[.]45[.]74/"	"url"	"urlhaus"	"clickfix"	"status=offline; threat=malware_download"
"2026-03-05T23:21:10Z"	"hxxp://198[.]89[.]99[.]22:8080/"	"url"	"urlhaus"	"clickfix"	"status=offline; threat=malware_download"
"2026-03-05T23:21:10Z"	"hxxps://159[.]89[.]93[.]96/"	"url"	"urlhaus"	"clickfix"	"status=offline; threat=malware_download"
"2026-03-05T23:21:10Z"	"hxxp://15[.]236[.]37[.]248/"	"url"	"urlhaus"	"clickfix"	"status=offline; threat=malware_download"
"2026-03-05T23:21:10Z"	"hxxps://172[.]233[.]144[.]238/"	"url"	"urlhaus"	"clickfix"	"status=offline; threat=malware_download"
"2026-03-05T23:21:10Z"	"hxxps://173[.]231[.]199[.]178/"	"url"	"urlhaus"	"clickfix"	"status=offline; threat=malware_download"
"2026-03-05T23:21:10Z"	"hxxps://161[.]35[.]17[.]65/"	"url"	"urlhaus"	"clickfix"	"status=offline; threat=malware_download"
"2026-03-05T23:21:10Z"	"hxxps://138[.]197[.]49[.]130:8081/"	"url"	"urlhaus"	"clickfix"	"status=offline; threat=malware_download"
"2026-03-05T23:21:10Z"	"hxxps://44[.]221[.]166[.]160/"	"url"	"urlhaus"	"clickfix"	"status=offline; threat=malware_download"
"2026-03-05T23:21:10Z"	"hxxp://18[.]217[.]254[.]255/"	"url"	"urlhaus"	"clickfix"	"status=offline; threat=malware_download"
"2026-03-05T23:21:10Z"	"hxxps://la-pan-adventures[.]com"	"url"	"urlhaus"	"clickfix"	"status=online; threat=malware_download"
"2026-03-05T23:21:10Z"	"hxxps://52[.]192[.]160[.]71/"	"url"	"urlhaus"	"clickfix"	"status=offline; threat=malware_download"
"2026-03-05T23:21:10Z"	"hxxp://202[.]154[.]5[.]83:9092/"	"url"	"urlhaus"	"clickfix"	"status=online; threat=malware_download"
"2026-03-05T23:21:10Z"	"hxxp://92[.]53[.]69[.]246/"	"url"	"urlhaus"	"clickfix"	"status=online; threat=malware_download"
"2026-03-05T23:21:10Z"	"hxxps://92[.]53[.]69[.]246/"	"url"	"urlhaus"	"clickfix"	"status=online; threat=malware_download"
"2026-03-05T23:21:10Z"	"hxxps://158[.]69[.]62[.]153/"	"url"	"urlhaus"	"clickfix"	"status=offline; threat=malware_download"
"2026-03-05T23:21:10Z"	"hxxp://3[.]14[.]240[.]188/"	"url"	"urlhaus"	"clickfix"	"status=offline; threat=malware_download"
"2026-03-05T23:21:10Z"	"hxxps://37[.]27[.]187[.]213/"	"url"	"urlhaus"	"clickfix"	"status=offline; threat=malware_download"
"2026-03-05T23:21:10Z"	"hxxps://188[.]166[.]162[.]138/"	"url"	"urlhaus"	"clickfix"	"status=offline; threat=malware_download"
"2026-03-05T23:21:10Z"	"hxxps://152[.]42[.]225[.]73/"	"url"	"urlhaus"	"clickfix"	"status=offline; threat=malware_download"
"2026-03-05T23:21:10Z"	"hxxp://183[.]181[.]96[.]178/"	"url"	"urlhaus"	"clickfix"	"status=offline; threat=malware_download"
"2026-03-05T23:21:10Z"	"hxxp://3[.]34[.]125[.]22/"	"url"	"urlhaus"	"clickfix"	"status=offline; threat=malware_download"
"2026-03-05T23:21:10Z"	"hxxps://3[.]35[.]214[.]173/"	"url"	"urlhaus"	"clickfix"	"status=offline; threat=malware_download"
"2026-03-05T23:21:10Z"	"hxxps://74[.]48[.]114[.]55/"	"url"	"urlhaus"	"clickfix"	"status=offline; threat=malware_download"
"2026-03-05T23:21:10Z"	"hxxp://185[.]116[.]193[.]105/"	"url"	"urlhaus"	"clickfix"	"status=offline; threat=malware_download"
"2026-03-05T23:21:10Z"	"hxxp://5[.]35[.]124[.]133/"	"url"	"urlhaus"	"clickfix"	"status=online; threat=malware_download"
"2026-03-05T23:21:10Z"	"hxxps://185[.]4[.]65[.]177/"	"url"	"urlhaus"	"clickfix"	"status=offline; threat=malware_download"
"2026-03-05T23:21:10Z"	"hxxp://3[.]18[.]128[.]17/"	"url"	"urlhaus"	"clickfix"	"status=offline; threat=malware_download"
"2026-03-05T23:21:10Z"	"hxxp://18[.]233[.]234[.]27/"	"url"	"urlhaus"	"clickfix"	"status=offline; threat=malware_download"
"2026-03-05T23:21:10Z"	"hxxp://104[.]199[.]248[.]167/"	"url"	"urlhaus"	"clickfix"	"status=offline; threat=malware_download"
"2026-03-05T23:21:10Z"	"hxxps://112[.]220[.]72[.]117/"	"url"	"urlhaus"	"clickfix"	"status=online; threat=malware_download"
"2026-03-05T23:21:10Z"	"hxxps://144[.]208[.]73[.]31/"	"url"	"urlhaus"	"clickfix"	"status=online; threat=malware_download"
"2026-03-05T23:21:10Z"	"hxxps://18[.]217[.]254[.]255/"	"url"	"urlhaus"	"clickfix"	"status=offline; threat=malware_download"
"2026-03-05T23:21:10Z"	"hxxp://3[.]35[.]214[.]173/"	"url"	"urlhaus"	"clickfix"	"status=offline; threat=malware_download"
"2026-03-05T23:21:10Z"	"hxxps://54[.]197[.]245[.]249/"	"url"	"urlhaus"	"clickfix"	"status=online; threat=malware_download"
"2026-03-05T23:21:10Z"	"hxxp://165[.]73[.]81[.]241:9808/"	"url"	"urlhaus"	"clickfix"	"status=online; threat=malware_download"
"2026-03-05T23:21:10Z"	"hxxps://98[.]70[.]13[.]131/"	"url"	"urlhaus"	"clickfix"	"status=online; threat=malware_download"
"2026-03-05T23:21:10Z"	"hxxp://52[.]76[.]43[.]213/"	"url"	"urlhaus"	"clickfix"	"status=offline; threat=malware_download"
"2026-03-05T23:21:10Z"	"hxxps://208[.]109[.]244[.]121/"	"url"	"urlhaus"	"clickfix"	"status=offline; threat=malware_download"
"2026-03-05T23:21:10Z"	"hxxps://165[.]22[.]182[.]5/"	"url"	"urlhaus"	"clickfix"	"status=offline; threat=malware_download"
"2026-03-05T23:21:10Z"	"hxxps://184[.]73[.]130[.]151/"	"url"	"urlhaus"	"clickfix"	"status=offline; threat=malware_download"
"2026-03-05T23:21:10Z"	"hxxp://54[.]197[.]245[.]249/"	"url"	"urlhaus"	"clickfix"	"status=online; threat=malware_download"
"2026-03-05T23:21:10Z"	"hxxps://5[.]63[.]157[.]201/"	"url"	"urlhaus"	"clickfix"	"status=online; threat=malware_download"
"2026-03-05T23:21:10Z"	"hxxps://4[.]227[.]186[.]5/"	"url"	"urlhaus"	"clickfix"	"status=offline; threat=malware_download"
"2026-03-05T23:21:10Z"	"hxxps://198[.]199[.]84[.]181/"	"url"	"urlhaus"	"clickfix"	"status=offline; threat=malware_download"
"2026-03-05T23:21:10Z"	"hxxps://185[.]80[.]0[.]36/"	"url"	"urlhaus"	"clickfix"	"status=online; threat=malware_download"
"2026-03-05T23:21:10Z"	"hxxps://13[.]218[.]57[.]74/"	"url"	"urlhaus"	"clickfix"	"status=offline; threat=malware_download"
"2026-03-05T23:21:10Z"	"hxxp://184[.]73[.]130[.]151/"	"url"	"urlhaus"	"clickfix"	"status=offline; threat=malware_download"
"2026-03-05T23:21:10Z"	"hxxp://198[.]7[.]124[.]197/"	"url"	"urlhaus"	"clickfix"	"status=offline; threat=malware_download"
"2026-03-05T23:21:10Z"	"hxxps://185[.]88[.]29[.]170/"	"url"	"urlhaus"	"clickfix"	"status=offline; threat=malware_download"
"2026-03-05T23:21:10Z"	"hxxp://169[.]51[.]48[.]11/"	"url"	"urlhaus"	"clickfix"	"status=offline; threat=malware_download"
"2026-03-05T23:21:10Z"	"hxxps://13[.]58[.]101[.]213/"	"url"	"urlhaus"	"clickfix"	"status=offline; threat=malware_download"
"2026-03-05T23:21:10Z"	"hxxps://159[.]223[.]105[.]127/"	"url"	"urlhaus"	"clickfix"	"status=offline; threat=malware_download"
"2026-03-05T23:21:10Z"	"hxxps://52[.]40[.]97[.]75/"	"url"	"urlhaus"	"clickfix"	"status=offline; threat=malware_download"
"2026-03-05T23:21:10Z"	"hxxps://125[.]253[.]125[.]72/"	"url"	"urlhaus"	"clickfix"	"status=online; threat=malware_download"
"2026-03-05T23:21:10Z"	"hxxps://198[.]91[.]87[.]184/"	"url"	"urlhaus"	"clickfix"	"status=online; threat=malware_download"
"2026-03-05T23:21:10Z"	"hxxp://193[.]57[.]33[.]115/"	"url"	"urlhaus"	"clickfix"	"status=offline; threat=malware_download"
"2026-03-05T23:21:10Z"	"hxxps://134[.]209[.]209[.]26/"	"url"	"urlhaus"	"clickfix"	"status=offline; threat=malware_download"
"2026-03-05T23:21:10Z"	"hxxps://103[.]241[.]42[.]40/"	"url"	"urlhaus"	"clickfix"	"status=online; threat=malware_download"
"2026-03-05T23:21:10Z"	"hxxps://45[.]79[.]216[.]201/"	"url"	"urlhaus"	"clickfix"	"status=offline; threat=malware_download"
"2026-03-05T23:21:10Z"	"hxxp://157[.]230[.]192[.]229/"	"url"	"urlhaus"	"clickfix"	"status=offline; threat=malware_download"
"2026-03-05T23:21:10Z"	"hxxps://13[.]113[.]8[.]105/"	"url"	"urlhaus"	"clickfix"	"status=online; threat=malware_download"
"2026-03-05T23:21:10Z"	"hxxp://125[.]253[.]125[.]72/"	"url"	"urlhaus"	"clickfix"	"status=online; threat=malware_download"
"2026-03-05T23:21:10Z"	"hxxp://102[.]206[.]27[.]46/"	"url"	"urlhaus"	"clickfix"	"status=offline; threat=malware_download"
"2026-03-05T23:21:10Z"	"hxxp://209[.]250[.]2[.]244/"	"url"	"urlhaus"	"clickfix"	"status=online; threat=malware_download"
"2026-03-05T23:21:10Z"	"hxxps://44[.]200[.]11[.]23/"	"url"	"urlhaus"	"clickfix"	"status=offline; threat=malware_download"
"2026-03-05T23:21:10Z"	"hxxps://144[.]22[.]251[.]16/"	"url"	"urlhaus"	"clickfix"	"status=online; threat=malware_download"
"2026-03-05T23:21:10Z"	"hxxps://190[.]92[.]158[.]250/"	"url"	"urlhaus"	"clickfix"	"status=offline; threat=malware_download"
"2026-03-05T23:21:10Z"	"hxxps://132[.]148[.]78[.]83/"	"url"	"urlhaus"	"clickfix"	"status=offline; threat=malware_download"
"2026-03-05T23:21:10Z"	"hxxp://194[.]233[.]68[.]134:8085/"	"url"	"urlhaus"	"clickfix"	"status=offline; threat=malware_download"
"2026-03-05T23:21:10Z"	"hxxp://13[.]218[.]57[.]74/"	"url"	"urlhaus"	"clickfix"	"status=offline; threat=malware_download"
"2026-03-05T23:21:10Z"	"hxxps://20[.]92[.]160[.]27/"	"url"	"urlhaus"	"clickfix"	"status=offline; threat=malware_download"
"2026-03-05T23:21:10Z"	"hxxps://mhw[.]codes/check"	"url"	"urlhaus"	"clickfix"	"status=offline; threat=malware_download"
"2026-03-05T23:21:10Z"	"hxxps://88[.]198[.]19[.]78/"	"url"	"urlhaus"	"clickfix"	"status=online; threat=malware_download"
"2026-03-05T23:21:10Z"	"hxxp://178[.]17[.]59[.]40:5506/qk[.]vbs"	"url"	"urlhaus"	"clickfix"	"status=offline; threat=malware_download"
"2026-03-05T23:21:10Z"	"hxxps://116[.]118[.]47[.]149/"	"url"	"urlhaus"	"clickfix"	"status=online; threat=malware_download"
"2026-03-05T23:21:10Z"	"hxxps://201[.]182[.]25[.]51/"	"url"	"urlhaus"	"clickfix"	"status=online; threat=malware_download"
"2026-03-05T23:21:10Z"	"hxxp://158[.]69[.]137[.]15/"	"url"	"urlhaus"	"clickfix"	"status=offline; threat=malware_download"
"2026-03-05T23:21:10Z"	"hxxps://52[.]16[.]112[.]136/"	"url"	"urlhaus"	"clickfix"	"status=offline; threat=malware_download"
"2026-03-05T23:21:10Z"	"hxxps://77[.]246[.]147[.]92/"	"url"	"urlhaus"	"clickfix"	"status=offline; threat=malware_download"
"2026-03-05T23:21:10Z"	"hxxp://147[.]135[.]254[.]49:32788/"	"url"	"urlhaus"	"clickfix"	"status=offline; threat=malware_download"
"2026-03-05T23:21:10Z"	"hxxp://13[.]58[.]101[.]213/"	"url"	"urlhaus"	"clickfix"	"status=offline; threat=malware_download"
"2026-03-05T23:21:10Z"	"hxxps://167[.]71[.]110[.]80/"	"url"	"urlhaus"	"clickfix"	"status=offline; threat=malware_download"
"2026-03-05T23:21:10Z"	"hxxp://85[.]235[.]145[.]247/"	"url"	"urlhaus"	"clickfix"	"status=offline; threat=malware_download"
"2026-03-05T23:21:10Z"	"hxxp://34[.]23[.]45[.]74/"	"url"	"urlhaus"	"clickfix"	"status=offline; threat=malware_download"
"2026-03-05T23:21:10Z"	"hxxps://108[.]61[.]166[.]232/"	"url"	"urlhaus"	"clickfix"	"status=offline; threat=malware_download"
"2026-03-05T23:21:10Z"	"hxxps://207[.]154[.]204[.]54/"	"url"	"urlhaus"	"clickfix"	"status=offline; threat=malware_download"
"2026-03-05T23:21:10Z"	"hxxps://157[.]66[.]26[.]233/"	"url"	"urlhaus"	"clickfix"	"status=online; threat=malware_download"
"2026-03-05T23:21:10Z"	"hxxps://74[.]48[.]108[.]236/"	"url"	"urlhaus"	"clickfix"	"status=offline; threat=malware_download"
"2026-03-05T23:21:10Z"	"hxxps://31[.]147[.]204[.]35/"	"url"	"urlhaus"	"clickfix"	"status=offline; threat=malware_download"
"2026-03-05T23:21:10Z"	"hxxps://209[.]250[.]2[.]244/"	"url"	"urlhaus"	"clickfix"	"status=online; threat=malware_download"
"2026-03-05T23:21:10Z"	"hxxps://185[.]116[.]193[.]105/"	"url"	"urlhaus"	"clickfix"	"status=offline; threat=malware_download"
"2026-03-05T23:21:10Z"	"hxxps://45[.]77[.]254[.]180/"	"url"	"urlhaus"	"clickfix"	"status=offline; threat=malware_download"
"2026-03-05T23:21:10Z"	"hxxp://74[.]207[.]236[.]7/"	"url"	"urlhaus"	"clickfix"	"status=offline; threat=malware_download"
"2026-03-05T23:21:10Z"	"hxxps://13[.]115[.]32[.]233/"	"url"	"urlhaus"	"clickfix"	"status=offline; threat=malware_download"
"2026-03-05T23:21:10Z"	"hxxp://150[.]95[.]27[.]35/"	"url"	"urlhaus"	"clickfix"	"status=online; threat=malware_download"
"2026-03-05T23:21:10Z"	"hxxps://216[.]172[.]170[.]236/"	"url"	"urlhaus"	"clickfix"	"status=offline; threat=malware_download"
"2026-03-05T23:21:10Z"	"hxxps://150[.]95[.]27[.]35/"	"url"	"urlhaus"	"clickfix"	"status=offline; threat=malware_download"
"2026-03-05T23:21:10Z"	"hxxps://173[.]231[.]196[.]249/"	"url"	"urlhaus"	"clickfix"	"status=online; threat=malware_download"
"2026-03-05T23:21:10Z"	"hxxp://162[.]215[.]130[.]152/"	"url"	"urlhaus"	"clickfix"	"status=online; threat=malware_download"
"2026-03-05T23:21:10Z"	"hxxps://174[.]142[.]195[.]203/"	"url"	"urlhaus"	"clickfix"	"status=offline; threat=malware_download"
"2026-03-05T23:21:10Z"	"hxxp://174[.]142[.]195[.]203:444/"	"url"	"urlhaus"	"clickfix"	"status=offline; threat=malware_download"
"2026-03-05T23:21:10Z"	"hxxps://185[.]214[.]192[.]4/"	"url"	"urlhaus"	"clickfix"	"status=online; threat=malware_download"
"2026-03-05T23:21:10Z"	"hxxp://46[.]4[.]194[.]54/"	"url"	"urlhaus"	"clickfix"	"status=offline; threat=malware_download"
"2026-03-05T23:21:10Z"	"hxxps://43[.]135[.]162[.]33/"	"url"	"urlhaus"	"clickfix"	"status=offline; threat=malware_download"
"2026-03-05T23:21:10Z"	"hxxp://96[.]125[.]189[.]7/"	"url"	"urlhaus"	"clickfix"	"status=offline; threat=malware_download"
"2026-03-05T23:21:10Z"	"hxxps://69[.]57[.]163[.]151/"	"url"	"urlhaus"	"clickfix"	"status=offline; threat=malware_download"
"2026-03-05T23:21:10Z"	"hxxps://3[.]141[.]75[.]29/"	"url"	"urlhaus"	"clickfix"	"status=offline; threat=malware_download"
"2026-03-05T23:21:10Z"	"hxxps://35[.]154[.]224[.]78/"	"url"	"urlhaus"	"clickfix"	"status=offline; threat=malware_download"
"2026-03-05T23:21:10Z"	"hxxps://18[.]190[.]162[.]121/"	"url"	"urlhaus"	"clickfix"	"status=offline; threat=malware_download"
"2026-03-05T23:21:10Z"	"hxxp://74[.]48[.]108[.]236/"	"url"	"urlhaus"	"clickfix"	"status=offline; threat=malware_download"
"2026-03-05T23:21:10Z"	"hxxps://44[.]208[.]147[.]17/"	"url"	"urlhaus"	"clickfix"	"status=online; threat=malware_download"
"2026-03-05T23:21:10Z"	"hxxps://213[.]159[.]30[.]38/"	"url"	"urlhaus"	"clickfix"	"status=offline; threat=malware_download"
"2026-03-05T23:21:10Z"	"hxxps://66[.]39[.]143[.]145/"	"url"	"urlhaus"	"clickfix"	"status=offline; threat=malware_download"
"2026-03-05T23:21:10Z"	"hxxp://95[.]154[.]194[.]17/"	"url"	"urlhaus"	"clickfix"	"status=online; threat=malware_download"
"2026-03-05T23:21:10Z"	"hxxps://91[.]99[.]59[.]46/"	"url"	"urlhaus"	"clickfix"	"status=offline; threat=malware_download"
"2026-03-05T23:21:10Z"	"hxxps://95[.]154[.]194[.]17/"	"url"	"urlhaus"	"clickfix"	"status=offline; threat=malware_download"
"2026-03-05T23:21:10Z"	"hxxps://35[.]75[.]68[.]158/"	"url"	"urlhaus"	"clickfix"	"status=offline; threat=malware_download"
"2026-03-05T23:21:10Z"	"hxxp://192[.]155[.]93[.]247:3101/"	"url"	"urlhaus"	"clickfix"	"status=online; threat=malware_download"
"2026-03-05T23:21:10Z"	"hxxps://18[.]233[.]234[.]27/"	"url"	"urlhaus"	"clickfix"	"status=offline; threat=malware_download"
"2026-03-05T23:21:10Z"	"hxxp://112[.]220[.]72[.]117/"	"url"	"urlhaus"	"clickfix"	"status=online; threat=malware_download"
"2026-03-05T23:21:10Z"	"hxxps://153[.]127[.]50[.]236/"	"url"	"urlhaus"	"clickfix"	"status=offline; threat=malware_download"
"2026-03-05T23:21:10Z"	"hxxps://162[.]240[.]31[.]67/"	"url"	"urlhaus"	"clickfix"	"status=offline; threat=malware_download"
"2026-03-05T23:21:10Z"	"hxxp://52[.]23[.]9[.]8/"	"url"	"urlhaus"	"clickfix"	"status=offline; threat=malware_download"
"2026-03-05T23:21:10Z"	"hxxps://162[.]55[.]94[.]68/"	"url"	"urlhaus"	"clickfix"	"status=offline; threat=malware_download"
"2026-03-05T23:21:10Z"	"hxxps://185[.]4[.]64[.]128/"	"url"	"urlhaus"	"clickfix"	"status=offline; threat=malware_download"
"2026-03-05T23:21:10Z"	"hxxp://185[.]109[.]216[.]74/"	"url"	"urlhaus"	"clickfix"	"status=offline; threat=malware_download"
"2026-03-05T23:21:10Z"	"hxxps://72[.]62[.]59[.]160/"	"url"	"urlhaus"	"clickfix"	"status=offline; threat=malware_download"
"2026-03-05T23:21:10Z"	"hxxp://176[.]57[.]70[.]199/"	"url"	"urlhaus"	"clickfix"	"status=offline; threat=malware_download"
"2026-03-05T23:21:10Z"	"hxxps://45[.]79[.]202[.]83/"	"url"	"urlhaus"	"clickfix"	"status=offline; threat=malware_download"
"2026-03-05T23:21:10Z"	"hxxps://78[.]46[.]240[.]128/"	"url"	"urlhaus"	"clickfix"	"status=offline; threat=malware_download"
"2026-03-05T23:21:10Z"	"hxxps://172[.]232[.]114[.]51/"	"url"	"urlhaus"	"clickfix"	"status=offline; threat=malware_download"
"2026-03-05T23:21:10Z"	"hxxps://91[.]134[.]176[.]227/"	"url"	"urlhaus"	"clickfix"	"status=offline; threat=malware_download"
"2026-03-05T23:21:10Z"	"hxxp://185[.]4[.]64[.]128/"	"url"	"urlhaus"	"clickfix"	"status=offline; threat=malware_download"
"2026-03-05T23:21:10Z"	"hxxps://178[.]210[.]83[.]9/"	"url"	"urlhaus"	"clickfix"	"status=online; threat=malware_download"
"2026-03-05T23:21:10Z"	"hxxps://169[.]51[.]48[.]11/"	"url"	"urlhaus"	"clickfix"	"status=offline; threat=malware_download"
"2026-03-05T23:21:10Z"	"hxxp://164[.]160[.]41[.]10/"	"url"	"urlhaus"	"clickfix"	"status=online; threat=malware_download"
"2026-03-05T23:21:10Z"	"hxxp://13[.]213[.]189[.]252/"	"url"	"urlhaus"	"clickfix"	"status=offline; threat=malware_download"
"2026-03-05T23:21:10Z"	"hxxp://207[.]154[.]204[.]54/"	"url"	"urlhaus"	"clickfix"	"status=offline; threat=malware_download"
"2026-03-05T23:21:10Z"	"hxxps://74[.]50[.]99[.]45:8443/"	"url"	"urlhaus"	"clickfix"	"status=online; threat=malware_download"
"2026-03-05T23:21:10Z"	"hxxp://159[.]89[.]93[.]96/"	"url"	"urlhaus"	"clickfix"	"status=offline; threat=malware_download"
"2026-03-05T23:21:10Z"	"hxxps://96[.]125[.]189[.]7/"	"url"	"urlhaus"	"clickfix"	"status=offline; threat=malware_download"
"2026-03-05T23:21:10Z"	"hxxps://72[.]167[.]134[.]175/"	"url"	"urlhaus"	"clickfix"	"status=offline; threat=malware_download"
"2026-03-05T23:21:10Z"	"hxxps://5[.]35[.]90[.]28/"	"url"	"urlhaus"	"clickfix"	"status=offline; threat=malware_download"
"2026-03-05T23:21:10Z"	"hxxp://208[.]109[.]244[.]121:8000/"	"url"	"urlhaus"	"clickfix"	"status=offline; threat=malware_download"
"2026-03-05T23:21:10Z"	"hxxps://164[.]160[.]41[.]10/"	"url"	"urlhaus"	"clickfix"	"status=offline; threat=malware_download"
"2026-03-05T23:21:10Z"	"hxxps://77[.]240[.]38[.]12/"	"url"	"urlhaus"	"clickfix"	"status=offline; threat=malware_download"
"2026-03-05T23:21:10Z"	"hxxps://185[.]109[.]216[.]74/"	"url"	"urlhaus"	"clickfix"	"status=offline; threat=malware_download"
"2026-03-05T23:21:10Z"	"hxxp://185[.]214[.]192[.]4/"	"url"	"urlhaus"	"clickfix"	"status=offline; threat=malware_download"
"2026-03-05T23:21:10Z"	"hxxp://169[.]50[.]189[.]146/"	"url"	"urlhaus"	"clickfix"	"status=offline; threat=malware_download"
"2026-03-05T23:21:10Z"	"hxxps://104[.]219[.]248[.]200/"	"url"	"urlhaus"	"clickfix"	"status=offline; threat=malware_download"
"2026-03-05T23:21:10Z"	"hxxp://44[.]208[.]147[.]17/"	"url"	"urlhaus"	"clickfix"	"status=offline; threat=malware_download"
"2026-03-05T23:21:10Z"	"hxxp://66[.]39[.]79[.]68/"	"url"	"urlhaus"	"clickfix"	"status=offline; threat=malware_download"
"2026-03-05T23:21:10Z"	"hxxp://108[.]61[.]166[.]232/"	"url"	"urlhaus"	"clickfix"	"status=offline; threat=malware_download"
"2026-03-05T23:21:10Z"	"hxxp://153[.]127[.]50[.]236/"	"url"	"urlhaus"	"clickfix"	"status=offline; threat=malware_download"
"2026-03-05T23:21:10Z"	"hxxp://91[.]189[.]119[.]125/"	"url"	"urlhaus"	"clickfix"	"status=offline; threat=malware_download"
"2026-03-05T23:21:10Z"	"hxxps://148[.]113[.]205[.]94/"	"url"	"urlhaus"	"clickfix"	"status=offline; threat=malware_download"
"2026-03-05T23:21:10Z"	"hxxps://158[.]69[.]137[.]15/"	"url"	"urlhaus"	"clickfix"	"status=offline; threat=malware_download"
"2026-03-05T23:21:10Z"	"hxxps://18[.]222[.]166[.]74/"	"url"	"urlhaus"	"clickfix"	"status=offline; threat=malware_download"
"2026-03-05T23:21:10Z"	"hxxp://84[.]16[.]239[.]214/"	"url"	"urlhaus"	"clickfix"	"status=offline; threat=malware_download"
"2026-03-05T23:21:10Z"	"hxxps://198[.]7[.]124[.]197/"	"url"	"urlhaus"	"clickfix"	"status=offline; threat=malware_download"
"2026-03-05T23:21:10Z"	"hxxps://35[.]226[.]92[.]8/"	"url"	"urlhaus"	"clickfix"	"status=online; threat=malware_download"
"2026-03-05T23:21:10Z"	"hxxp://134[.]209[.]102[.]103/"	"url"	"urlhaus"	"clickfix"	"status=offline; threat=malware_download"
"2026-03-05T23:21:10Z"	"hxxp://176[.]57[.]70[.]199:8080/"	"url"	"urlhaus"	"clickfix"	"status=offline; threat=malware_download"
"2026-03-05T23:21:10Z"	"hxxps://13[.]58[.]223[.]243/"	"url"	"urlhaus"	"clickfix"	"status=online; threat=malware_download"
"2026-03-05T23:21:10Z"	"hxxps://206[.]189[.]58[.]84/"	"url"	"urlhaus"	"clickfix"	"status=offline; threat=malware_download"
"2026-03-05T23:21:10Z"	"hxxp://83[.]229[.]85[.]197/"	"url"	"urlhaus"	"clickfix"	"status=offline; threat=malware_download"
"2026-03-05T23:21:10Z"	"hxxp://34[.]102[.]40[.]229/"	"url"	"urlhaus"	"clickfix"	"status=offline; threat=malware_download"
"2026-03-05T23:21:10Z"	"hxxps://34[.]102[.]40[.]229/"	"url"	"urlhaus"	"clickfix"	"status=offline; threat=malware_download"
"2026-03-05T23:21:10Z"	"hxxps://199[.]38[.]100[.]9/"	"url"	"urlhaus"	"clickfix"	"status=offline; threat=malware_download"
"2026-03-05T23:21:10Z"	"hxxp://199[.]38[.]100[.]9/"	"url"	"urlhaus"	"clickfix"	"status=offline; threat=malware_download"
"2026-03-05T23:21:10Z"	"hxxps://82[.]146[.]58[.]204/"	"url"	"urlhaus"	"clickfix"	"status=offline; threat=malware_download"
"2026-03-05T23:21:10Z"	"hxxps://38[.]91[.]107[.]72/"	"url"	"urlhaus"	"clickfix"	"status=offline; threat=malware_download"
"2026-03-05T23:21:10Z"	"hxxp://13[.]58[.]223[.]243/"	"url"	"urlhaus"	"clickfix"	"status=online; threat=malware_download"
"2026-03-05T23:21:10Z"	"hxxp://82[.]146[.]58[.]204/"	"url"	"urlhaus"	"clickfix"	"status=offline; threat=malware_download"
"2026-03-05T23:21:10Z"	"hxxps://69[.]164[.]207[.]137/"	"url"	"urlhaus"	"clickfix"	"status=offline; threat=malware_download"
"2026-03-05T23:21:10Z"	"hxxps://31[.]57[.]135[.]163/"	"url"	"urlhaus"	"clickfix"	"status=offline; threat=malware_download"
"2026-03-05T23:21:10Z"	"hxxp://31[.]97[.]186[.]206/"	"url"	"urlhaus"	"clickfix"	"status=offline; threat=malware_download"
"2026-03-05T23:21:10Z"	"hxxp://18[.]176[.]75[.]171/"	"url"	"urlhaus"	"clickfix"	"status=offline; threat=malware_download"
"2026-03-05T23:21:10Z"	"hxxps://159[.]203[.]9[.]141/"	"url"	"urlhaus"	"clickfix"	"status=offline; threat=malware_download"
"2026-03-05T23:21:10Z"	"hxxps://180[.]149[.]198[.]22/"	"url"	"urlhaus"	"clickfix"	"status=offline; threat=malware_download"
"2026-03-05T23:21:10Z"	"hxxp://18[.]176[.]47[.]246/"	"url"	"urlhaus"	"clickfix"	"status=offline; threat=malware_download"
"2026-03-05T23:21:10Z"	"hxxps://peppersghost[.]org"	"url"	"urlhaus"	"clickfix"	"status=offline; threat=malware_download"
"2026-03-05T23:21:10Z"	"hxxps://api[.]loadcrate[.]icu/?qr=cp&zqs=aecf57fa0eda531d62e46ee1ddc4cfb6"	"url"	"urlhaus"	"clickfix"	"status=offline; threat=malware_download"
"2026-03-05T23:21:10Z"	"hxxps://ballfrank[.]today/trezor/start/7d14c6ce9da34479db925b3659d6905a4dd3515bb02fe525cb767d6e20778f01"	"url"	"urlhaus"	"clickfix"	"status=offline; threat=malware_download"
"2026-03-05T23:21:10Z"	"hxxp://93[.]113[.]25[.]102/msi/e69378480adab23d"	"url"	"urlhaus"	"clickfix"	"status=offline; threat=malware_download"
"2026-03-05T23:21:10Z"	"hxxps://raw[.]githubusercontent[.]com/Kilab-Gaming/test-ignore/refs/heads/main/Captcha[.]bat"	"url"	"urlhaus"	"clickfix"	"status=offline; threat=malware_download"
"2026-03-05T23:21:10Z"	"hxxps://www[.]upload[.]ee/download/17781192/8c600d7d608520426347/Built[.]exe"	"url"	"urlhaus"	"clickfix"	"status=offline; threat=malware_download"
"2026-03-05T23:21:10Z"	"hxxps://elfrodbloom[.]today/ledger/a754c9073f856dcf16d203da41a9418b8f09dfa8e2e54592009b01bc9610d4df"	"url"	"urlhaus"	"clickfix"	"status=offline; threat=malware_download"
"2026-03-05T23:21:10Z"	"hxxps://furlabase[.]com/ledger/76e6f0a8722c61f7ab6c5a5146858e7ba3a790dbf85272bad9e954abf4c75502"	"url"	"urlhaus"	"clickfix"	"status=offline; threat=malware_download"
"2026-03-05T23:21:10Z"	"hxxps://furlabase[.]com/trezor/76e6f0a8722c61f7ab6c5a5146858e7ba3a790dbf85272bad9e954abf4c75502"	"url"	"urlhaus"	"clickfix"	"status=offline; threat=malware_download"
"2026-03-05T23:21:10Z"	"hxxps://elfrodbloom[.]today/trezor/a754c9073f856dcf16d203da41a9418b8f09dfa8e2e54592009b01bc9610d4df"	"url"	"urlhaus"	"clickfix"	"status=offline; threat=malware_download"
"2026-03-05T23:21:10Z"	"hxxps://macclouddrive[.]com/s2/?c=ABAHP2n5dwUAHIwCAElUOQAMAAAAAABr"	"url"	"urlhaus"	"clickfix"	"status=offline; threat=malware_download"
"2026-03-05T23:21:10Z"	"hxxp://macfilebox[.]com/app5/"	"url"	"urlhaus"	"clickfix"	"status=offline; threat=malware_download"
"2026-03-05T23:21:10Z"	"hxxps://ballfrank[.]today/ledger/start/7d14c6ce9da34479db925b3659d6905a4dd3515bb02fe525cb767d6e20778f01"	"url"	"urlhaus"	"clickfix"	"status=offline; threat=malware_download"
"2026-03-05T23:21:10Z"	"hxxp://ballfrank[.]world/curl/292eacff968b3e2ee3cab812b47a7632d667268039ae27fe1234a714304666ea"	"url"	"urlhaus"	"clickfix"	"status=offline; threat=malware_download"
"2026-03-05T23:21:10Z"	"hxxps://instmac[.]com/app2/?c=AOYbP2n5ewUApIwCAERFOQASAAAAAAAX"	"url"	"urlhaus"	"clickfix"	"status=offline; threat=malware_download"
"2026-03-05T23:21:10Z"	"hxxp://maccloudsync[.]com/ak1/"	"url"	"urlhaus"	"clickfix"	"status=offline; threat=malware_download"
"2026-03-05T23:21:10Z"	"hxxp://maccloudsafe[.]com/s3/?c=AKSCPWlfegUAHYwCAEdCOQASAAAAAADv"	"url"	"urlhaus"	"clickfix"	"status=offline; threat=malware_download"
"2026-03-05T23:21:10Z"	"hxxp://198[.]13[.]158[.]127:5506/dd[.]vbs"	"url"	"urlhaus"	"clickfix"	"status=offline; threat=malware_download"
"2026-03-05T23:21:10Z"	"hxxps://ballfrank[.]today/ledger/main/7d14c6ce9da34479db925b3659d6905a4dd3515bb02fe525cb767d6e20778f01"	"url"	"urlhaus"	"clickfix"	"status=offline; threat=malware_download"
"2026-03-05T23:21:10Z"	"hxxps://maccloudvault[.]com/s3/?c=AKwHP2n5dwUAHYwCAElUOQAMAAAAAAD_"	"url"	"urlhaus"	"clickfix"	"status=offline; threat=malware_download"
"2026-03-05T23:21:10Z"	"hxxps://ballfrank[.]today/ledger/seed/7d14c6ce9da34479db925b3659d6905a4dd3515bb02fe525cb767d6e20778f01"	"url"	"urlhaus"	"clickfix"	"status=offline; threat=malware_download"
"2026-03-05T23:21:10Z"	"hxxps://macfilebox[.]com/downloadsoftware/?c=AClsRWlEbwUAd4oCAENIOQAZAAAAAABp"	"url"	"urlhaus"	"clickfix"	"status=offline; threat=malware_download"
"2026-03-05T23:21:10Z"	"hxxps://cap[.]opetap[.]com/payload[.]ps1"	"url"	"urlhaus"	"clickfix"	"status=offline; threat=malware_download"
"2026-03-05T23:21:10Z"	"hxxp://78[.]40[.]209[.]164:5506/dk[.]vbs"	"url"	"urlhaus"	"clickfix"	"status=offline; threat=malware_download"
"2026-03-05T23:21:10Z"	"hxxp://4controller[.]ru/videos[.]html"	"url"	"urlhaus"	"clickfix"	"status=offline; threat=malware_download"
"2026-03-05T23:21:10Z"	"hxxp://6controller[.]ru/videos[.]html"	"url"	"urlhaus"	"clickfix"	"status=offline; threat=malware_download"
"2026-03-05T23:21:10Z"	"hxxp://6controller[.]online/videos[.]html"	"url"	"urlhaus"	"clickfix"	"status=offline; threat=malware_download"
"2026-03-05T23:21:10Z"	"hxxp://8controller[.]online/videos[.]html"	"url"	"urlhaus"	"clickfix"	"status=offline; threat=malware_download"
"2026-03-05T23:21:10Z"	"hxxps://penguinpublishers[.]org/files/audio/"	"url"	"urlhaus"	"clickfix"	"status=offline; threat=malware_download"
"2026-03-05T23:21:10Z"	"hxxp://w2li[.]xyz/uploads/09aeb1c5c233f36f[.]dll"	"url"	"urlhaus"	"clickfix"	"status=offline; threat=malware_download"
"2026-03-05T23:21:10Z"	"hxxp://w2li[.]xyz/8f42fdde60222ec1[.]node"	"url"	"urlhaus"	"clickfix"	"status=offline; threat=malware_download"
"2026-03-05T23:21:10Z"	"hxxps://pizzabyte[.]com[.]au/smartdetection/deviceverification/CF/path/captcha/"	"url"	"urlhaus"	"clickfix"	"status=offline; threat=malware_download"
"2026-03-05T23:21:10Z"	"hxxps://pizzabyte[.]com[.]au/smartdetection/deviceverification/CF/path/captcha"	"url"	"urlhaus"	"clickfix"	"status=offline; threat=malware_download"
"2026-03-05T23:21:10Z"	"hxxp://www[.]test[.]my-video-live[.]cloud/1"	"url"	"urlhaus"	"clickfix"	"status=offline; threat=malware_download"
"2026-03-05T23:21:10Z"	"hxxps://verification-220-check-441-8890[.]click"	"url"	"urlhaus"	"clickfix"	"status=offline; threat=malware_download"
"2026-03-05T23:21:10Z"	"hxxp://95[.]164[.]53[.]115:5506/DVQQXUHT[.]msi"	"url"	"urlhaus"	"clickfix"	"status=offline; threat=malware_download"
"2026-03-05T23:21:10Z"	"hxxp://103[.]27[.]157[.]60:5506/1212[.]msi"	"url"	"urlhaus"	"clickfix"	"status=offline; threat=malware_download"
"2026-03-05T23:21:10Z"	"hxxp://95[.]164[.]53[.]115:5506/do[.]vbs"	"url"	"urlhaus"	"clickfix"	"status=offline; threat=malware_download"
"2026-03-05T23:21:10Z"	"hxxp://103[.]27[.]157[.]60:5506/dn[.]vbs"	"url"	"urlhaus"	"clickfix"	"status=offline; threat=malware_download"
"2026-03-05T23:21:10Z"	"hxxp://jmpbowl[.]space/curl/1594300ef576e489183fb20c411b7d28c1342209b9f7a97285c1f8df7ac1ce2c"	"url"	"urlhaus"	"clickfix"	"status=offline; threat=malware_download"
"2026-03-05T23:21:10Z"	"hxxps://account-captcha-id4234[.]cfd/sign-in/uri[.]html"	"url"	"urlhaus"	"clickfix"	"status=offline; threat=malware_download"
"2026-03-05T23:21:10Z"	"hxxps://ghost[.]nestdns[.]com/files"	"url"	"urlhaus"	"clickfix"	"status=offline; threat=malware_download"
"2026-03-05T23:21:10Z"	"hxxps://ranchernandez[.]store/public/cloudflare[.]txt"	"url"	"urlhaus"	"clickfix"	"status=offline; threat=malware_download"
"2026-03-05T23:21:10Z"	"hxxps://www[.]1c-bitrix-perenos[.]adm-center[.]ru/"	"url"	"urlhaus"	"clickfix"	"status=offline; threat=malware_download"
"2026-03-05T23:21:10Z"	"hxxps://innov8league[.]com/"	"url"	"urlhaus"	"clickfix"	"status=offline; threat=malware_download"
"2026-03-05T23:21:10Z"	"hxxps://tizambia[.]org[.]zm/2025/03/civil-society-position-on-the-proposed-constitutional-amendment-process/"	"url"	"urlhaus"	"clickfix"	"status=offline; threat=malware_download"
"2026-03-05T23:21:10Z"	"hxxps://title-car[.]info/"	"url"	"urlhaus"	"clickfix"	"status=offline; threat=malware_download"
"2026-03-05T23:21:10Z"	"hxxps://fsdtiototoitweot[.]com/ofofo[.]js"	"url"	"urlhaus"	"clickfix"	"status=offline; threat=malware_download"
"2026-03-05T23:21:10Z"	"hxxps://kjarz[.]com/uri[.]html"	"url"	"urlhaus"	"clickfix"	"status=offline; threat=malware_download"
"2026-03-05T23:21:10Z"	"hxxp://91[.]247[.]36[.]3/immunewait[.]msi"	"url"	"urlhaus"	"clickfix"	"status=offline; threat=malware_download"
"2026-03-05T23:21:10Z"	"hxxps://bandbsmengine[.]com"	"url"	"urlhaus"	"clickfix"	"status=offline; threat=malware_download"
"2026-03-05T23:21:10Z"	"hxxps://54[.]39[.]68[.]142/"	"url"	"urlhaus"	"clickfix"	"status=offline; threat=malware_download"
"2026-03-05T23:21:10Z"	"hxxp://185[.]163[.]204[.]237/google[.]json"	"url"	"urlhaus"	"clickfix"	"status=offline; threat=malware_download"
"2026-03-05T23:21:10Z"	"hxxps://cryptoinfa[.]com"	"url"	"urlhaus"	"clickfix"	"status=offline; threat=malware_download"
"2026-03-05T23:21:10Z"	"hxxps://tffoodindustries[.]com"	"url"	"urlhaus"	"clickfix"	"status=offline; threat=malware_download"
"2026-03-05T23:21:10Z"	"hxxps://cashforclutter[.]online"	"url"	"urlhaus"	"clickfix"	"status=offline; threat=malware_download"
"2026-03-05T23:21:10Z"	"hxxps://kjarz[.]com/j[.]txt"	"url"	"urlhaus"	"clickfix"	"status=offline; threat=malware_download"
"2026-03-05T23:21:10Z"	"hxxps://rceventhub[.]com/2411[.]json"	"url"	"urlhaus"	"clickfix"	"status=offline; threat=malware_download"
"2026-03-05T23:21:10Z"	"hxxps://validate-348-captcha-220-8237[.]click"	"url"	"urlhaus"	"clickfix"	"status=offline; threat=malware_download"
"2026-03-05T23:21:10Z"	"hxxps://lospls[.]com/m[.]txt"	"url"	"urlhaus"	"clickfix"	"status=offline; threat=malware_download"
"2026-03-05T23:21:10Z"	"hxxps://account-extranetcheck[.]com"	"url"	"urlhaus"	"clickfix"	"status=offline; threat=malware_download"
"2026-03-05T23:21:10Z"	"hxxps://account-extranetcheck[.]info"	"url"	"urlhaus"	"clickfix"	"status=offline; threat=malware_download"
"2026-03-05T23:21:10Z"	"hxxps://defencecloudly[.]com/challenge/"	"url"	"urlhaus"	"clickfix"	"status=offline; threat=malware_download"
"2026-03-05T23:21:10Z"	"hxxps://cptchic[.]icu"	"url"	"urlhaus"	"clickfix"	"status=offline; threat=malware_download"
"2026-03-05T23:21:10Z"	"hxxps://getfix[.]win"	"url"	"urlhaus"	"clickfix"	"status=offline; threat=malware_download"
"2026-03-05T23:21:10Z"	"hxxps://wp2[.]unairdedemo[.]com"	"url"	"urlhaus"	"clickfix"	"status=offline; threat=malware_download"
"2026-03-05T23:21:10Z"	"hxxps://meguri-toroge[.]com"	"url"	"urlhaus"	"clickfix"	"status=offline; threat=malware_download"
"2026-03-05T23:21:10Z"	"hxxps://invoiceguru[.]co[.]za"	"url"	"urlhaus"	"clickfix"	"status=offline; threat=malware_download"
"2026-03-05T23:21:10Z"	"hxxps://dog-villa-portal[.]com"	"url"	"urlhaus"	"clickfix"	"status=offline; threat=malware_download"
"2026-03-05T23:21:10Z"	"hxxps://alyssaramirez[.]ch"	"url"	"urlhaus"	"clickfix"	"status=offline; threat=malware_download"
"2026-03-05T23:21:10Z"	"hxxps://marrakechpalms[.]com"	"url"	"urlhaus"	"clickfix"	"status=offline; threat=malware_download"
"2026-03-05T23:21:10Z"	"hxxps://ecologix[.]world"	"url"	"urlhaus"	"clickfix"	"status=offline; threat=malware_download"
"2026-03-05T23:21:10Z"	"hxxps://ieclearbra[.]com"	"url"	"urlhaus"	"clickfix"	"status=offline; threat=malware_download"
"2026-03-05T23:21:10Z"	"hxxps://astrologie-ruddeck[.]de"	"url"	"urlhaus"	"clickfix"	"status=offline; threat=malware_download"
"2026-03-05T23:21:10Z"	"hxxps://weendugroup[.]com"	"url"	"urlhaus"	"clickfix"	"status=offline; threat=malware_download"
"2026-03-05T23:21:10Z"	"hxxps://uniquecarsppf[.]com"	"url"	"urlhaus"	"clickfix"	"status=offline; threat=malware_download"
"2026-03-05T23:21:10Z"	"hxxps://new[.]in-cut[.]com"	"url"	"urlhaus"	"clickfix"	"status=offline; threat=malware_download"
"2026-03-05T23:21:10Z"	"hxxps://mondodiponyo[.]it"	"url"	"urlhaus"	"clickfix"	"status=offline; threat=malware_download"
"2026-03-05T23:21:10Z"	"hxxps://thortogel[.]net"	"url"	"urlhaus"	"clickfix"	"status=offline; threat=malware_download"
"2026-03-05T23:21:10Z"	"hxxps://jaguarsgame[.]live"	"url"	"urlhaus"	"clickfix"	"status=offline; threat=malware_download"
"2026-03-05T23:21:10Z"	"hxxps://lakhaniglobalsourcing[.]com"	"url"	"urlhaus"	"clickfix"	"status=offline; threat=malware_download"
"2026-03-05T23:21:10Z"	"hxxps://mojtabaabbasi[.]com"	"url"	"urlhaus"	"clickfix"	"status=offline; threat=malware_download"
"2026-03-05T23:21:10Z"	"hxxps://razzledazzlejewelrystore[.]com"	"url"	"urlhaus"	"clickfix"	"status=offline; threat=malware_download"
"2026-03-05T23:21:10Z"	"hxxps://milf-sex-games[.]com"	"url"	"urlhaus"	"clickfix"	"status=offline; threat=malware_download"
"2026-03-05T23:21:10Z"	"hxxps://domainetarenti[.]com"	"url"	"urlhaus"	"clickfix"	"status=offline; threat=malware_download"
"2026-03-05T23:21:10Z"	"hxxps://goal123[.]wiki"	"url"	"urlhaus"	"clickfix"	"status=offline; threat=malware_download"
"2026-03-05T23:21:10Z"	"hxxps://cp-caren[.]com"	"url"	"urlhaus"	"clickfix"	"status=offline; threat=malware_download"
"2026-03-05T23:21:10Z"	"hxxps://hrokvip247[.]com"	"url"	"urlhaus"	"clickfix"	"status=offline; threat=malware_download"
"2026-03-05T23:21:10Z"	"hxxps://persenglish[.]com"	"url"	"urlhaus"	"clickfix"	"status=offline; threat=malware_download"
"2026-03-05T23:21:10Z"	"hxxps://anupammills[.]com"	"url"	"urlhaus"	"clickfix"	"status=offline; threat=malware_download"
"2026-03-05T23:21:10Z"	"hxxps://vibortherm[.]hu"	"url"	"urlhaus"	"clickfix"	"status=offline; threat=malware_download"
"2026-03-05T23:21:10Z"	"hxxps://imaziner[.]com"	"url"	"urlhaus"	"clickfix"	"status=offline; threat=malware_download"
"2026-03-05T23:21:10Z"	"hxxps://sohumbabyproducts[.]com"	"url"	"urlhaus"	"clickfix"	"status=offline; threat=malware_download"
"2026-03-05T23:21:10Z"	"hxxps://hobsmedia[.]com"	"url"	"urlhaus"	"clickfix"	"status=offline; threat=malware_download"
"2026-03-05T23:21:10Z"	"hxxps://cyberlaws[.]net"	"url"	"urlhaus"	"clickfix"	"status=offline; threat=malware_download"
"2026-03-05T23:21:10Z"	"hxxps://kubett[.]mobi"	"url"	"urlhaus"	"clickfix"	"status=offline; threat=malware_download"
"2026-03-05T23:21:10Z"	"hxxps://inlaser[.]pro"	"url"	"urlhaus"	"clickfix"	"status=offline; threat=malware_download"
"2026-03-05T23:21:10Z"	"hxxps://rdweb[.]csmanay[.]com"	"url"	"urlhaus"	"clickfix"	"status=offline; threat=malware_download"
"2026-03-05T23:21:10Z"	"hxxps://flipgg[.]sbs"	"url"	"urlhaus"	"clickfix"	"status=offline; threat=malware_download"
"2026-03-05T23:21:10Z"	"hxxps://getyourownbook[.]com/kitty[.]zip"	"url"	"urlhaus"	"clickfix"	"status=offline; threat=malware_download"
"2026-03-05T23:21:10Z"	"hxxps://earsi[.]com/steam-gift-card-activation[.]txt"	"url"	"urlhaus"	"clickfix"	"status=offline; threat=malware_download"
"2026-03-05T23:21:10Z"	"hxxps://earsi[.]com/H1[.]zip"	"url"	"urlhaus"	"clickfix"	"status=offline; threat=malware_download"
"2026-03-05T23:21:10Z"	"hxxps://verify-connection[.]cfd"	"url"	"urlhaus"	"clickfix"	"status=offline; threat=malware_download"
"2026-03-05T23:21:10Z"	"hxxp://193[.]233[.]19[.]134/page"	"url"	"urlhaus"	"clickfix"	"status=offline; threat=malware_download"
"2026-03-05T23:21:10Z"	"hxxps://sonyarafferty[.]com"	"url"	"urlhaus"	"clickfix"	"status=offline; threat=malware_download"
"2026-03-05T23:21:10Z"	"hxxps://account-partner[.]com"	"url"	"urlhaus"	"clickfix"	"status=offline; threat=malware_download"
"2026-03-05T23:21:10Z"	"hxxps://account-extranetpulse[.]com"	"url"	"urlhaus"	"clickfix"	"status=offline; threat=malware_download"
"2026-03-05T23:21:10Z"	"hxxps://account-captchapulse[.]com"	"url"	"urlhaus"	"clickfix"	"status=offline; threat=malware_download"
"2026-03-05T23:21:10Z"	"hxxps://shift-art[.]com/123/cloudflare/verify/humanverfification/cloudflarechallenge/CustomerID37832738"	"url"	"urlhaus"	"clickfix"	"status=offline; threat=malware_download"
"2026-03-05T23:21:10Z"	"hxxps://bestvrsexgames[.]com"	"url"	"urlhaus"	"clickfix"	"status=offline; threat=malware_download"
"2026-03-05T23:21:10Z"	"hxxps://hostel[.]org[.]br"	"url"	"urlhaus"	"clickfix"	"status=offline; threat=malware_download"
"2026-03-05T23:21:10Z"	"hxxps://alwedadsa[.]com"	"url"	"urlhaus"	"clickfix"	"status=offline; threat=malware_download"
"2026-03-05T23:21:10Z"	"hxxps://freeporngamesnocreditcard[.]com"	"url"	"urlhaus"	"clickfix"	"status=offline; threat=malware_download"
"2026-03-05T23:21:10Z"	"hxxps://pornstimulation[.]com"	"url"	"urlhaus"	"clickfix"	"status=offline; threat=malware_download"
"2026-03-05T23:21:10Z"	"hxxps://greeneasylife[.]com"	"url"	"urlhaus"	"clickfix"	"status=offline; threat=malware_download"
"2026-03-05T23:21:10Z"	"hxxps://onlinemobileporngames[.]com"	"url"	"urlhaus"	"clickfix"	"status=offline; threat=malware_download"
"2026-03-05T23:21:10Z"	"hxxps://securiskbrokers[.]com"	"url"	"urlhaus"	"clickfix"	"status=offline; threat=malware_download"
"2026-03-05T23:21:10Z"	"hxxps://gocontract[.]co[.]uk"	"url"	"urlhaus"	"clickfix"	"status=offline; threat=malware_download"
"2026-03-05T23:21:10Z"	"hxxps://realvisionworld[.]com"	"url"	"urlhaus"	"clickfix"	"status=offline; threat=malware_download"
"2026-03-05T23:21:10Z"	"hxxps://agence-immobiliere-lyon[.]com"	"url"	"urlhaus"	"clickfix"	"status=online; threat=malware_download"
"2026-03-05T23:21:10Z"	"hxxps://bestandroidsexgames[.]com"	"url"	"urlhaus"	"clickfix"	"status=offline; threat=malware_download"
"2026-03-05T23:21:10Z"	"hxxps://avatarporngames[.]com"	"url"	"urlhaus"	"clickfix"	"status=offline; threat=malware_download"
"2026-03-05T23:21:10Z"	"hxxps://furusato-shinshu[.]com"	"url"	"urlhaus"	"clickfix"	"status=offline; threat=malware_download"
"2026-03-05T23:21:10Z"	"hxxps://pornplaygames[.]com"	"url"	"urlhaus"	"clickfix"	"status=offline; threat=malware_download"
"2026-03-05T23:21:10Z"	"hxxp://44[.]221[.]166[.]160/"	"url"	"urlhaus"	"clickfix"	"status=offline; threat=malware_download"
"2026-03-05T23:21:10Z"	"hxxps://74[.]207[.]236[.]7/"	"url"	"urlhaus"	"clickfix"	"status=offline; threat=malware_download"
"2026-03-05T23:21:10Z"	"hxxps://revise-akmo[.]com/ajax/pixi[.]min[.]js"	"url"	"urlhaus"	"clickfix"	"status=offline; threat=malware_download"
"2026-03-05T23:21:10Z"	"hxxps://slaveporngames[.]com"	"url"	"urlhaus"	"clickfix"	"status=offline; threat=malware_download"
"2026-03-05T23:21:10Z"	"hxxps://adapadske[.]org/zfg[.]lim"	"url"	"urlhaus"	"clickfix"	"status=offline; threat=malware_download"
"2026-03-05T23:21:10Z"	"hxxps://anydeesk[.]ink"	"url"	"urlhaus"	"clickfix"	"status=offline; threat=malware_download"
"2026-03-05T23:21:10Z"	"hxxps://refrigeracion[.]delmondexpress[.]com"	"url"	"urlhaus"	"clickfix"	"status=online; threat=malware_download"
"2026-03-05T23:21:10Z"	"hxxps://wakfuck[.]com"	"url"	"urlhaus"	"clickfix"	"status=offline; threat=malware_download"
"2026-03-05T23:21:10Z"	"hxxps://lesbianstimulation[.]com"	"url"	"urlhaus"	"clickfix"	"status=offline; threat=malware_download"
"2026-03-05T23:21:10Z"	"hxxps://grewaltech[.]com"	"url"	"urlhaus"	"clickfix"	"status=offline; threat=malware_download"
"2026-03-05T23:21:10Z"	"hxxps://indianporngames[.]com"	"url"	"urlhaus"	"clickfix"	"status=offline; threat=malware_download"
"2026-03-05T23:21:10Z"	"hxxps://derpixonpartygames[.]com"	"url"	"urlhaus"	"clickfix"	"status=offline; threat=malware_download"
"2026-03-05T23:21:10Z"	"hxxps://melodysexgame[.]com"	"url"	"urlhaus"	"clickfix"	"status=offline; threat=malware_download"
"2026-03-05T23:21:10Z"	"hxxps://mindcontrolhentaigames[.]com"	"url"	"urlhaus"	"clickfix"	"status=offline; threat=malware_download"
"2026-03-05T23:21:10Z"	"hxxps://vrporngamesfree[.]com"	"url"	"urlhaus"	"clickfix"	"status=offline; threat=malware_download"
"2026-03-05T23:21:10Z"	"hxxps://valley-of-butterflies[.]com"	"url"	"urlhaus"	"clickfix"	"status=offline; threat=malware_download"
"2026-03-05T23:21:10Z"	"hxxps://jerkdolls[.]net"	"url"	"urlhaus"	"clickfix"	"status=offline; threat=malware_download"
"2026-03-05T23:21:10Z"	"hxxps://shift-art[.]com/123/cloudflare/verify/humanverfification/cloudflarechallenge/CustomerID37832738/"	"url"	"urlhaus"	"clickfix"	"status=offline; threat=malware_download"
"2026-03-05T23:21:10Z"	"hxxps://redroademail[.]com/praise[.]bak"	"url"	"urlhaus"	"clickfix"	"status=offline; threat=malware_download"
"2026-03-05T23:21:10Z"	"hxxps://xxclglglglklgkxlc[.]com/bxx[.]js"	"url"	"urlhaus"	"clickfix"	"status=offline; threat=malware_download"
"2026-03-05T23:21:10Z"	"hxxps://appasdmdamsdmasd[.]com/das"	"url"	"urlhaus"	"clickfix"	"status=offline; threat=malware_download"
"2026-03-05T23:21:10Z"	"hxxps://api[.]easybugpixolanefreeapp[.]monster/?qr=cp&zqs=7b316683d180dc6d4d0cff6c7363c521"	"url"	"urlhaus"	"clickfix"	"status=offline; threat=malware_download"
"2026-03-05T23:21:10Z"	"hxxps://settingss[.]pages[.]dev/settings"	"url"	"urlhaus"	"clickfix"	"status=offline; threat=malware_download"
"2026-03-05T23:21:10Z"	"hxxps://settings-4av[.]pages[.]dev/settings"	"url"	"urlhaus"	"clickfix"	"status=offline; threat=malware_download"
"2026-03-05T23:21:10Z"	"hxxp://95[.]164[.]53[.]235:5506/rs[.]vbs"	"url"	"urlhaus"	"clickfix"	"status=offline; threat=malware_download"
"2026-03-05T23:21:10Z"	"hxxps://ndtv[.]plus/delta[.]html"	"url"	"urlhaus"	"clickfix"	"status=offline; threat=malware_download"
"2026-03-05T23:21:10Z"	"hxxps://cloudflare-captcha[.]net/"	"url"	"urlhaus"	"clickfix"	"status=offline; threat=malware_download"
"2026-03-05T23:21:10Z"	"hxxp://cloudflare-captcha[.]net/123[.]wav"	"url"	"urlhaus"	"clickfix"	"status=offline; threat=malware_download"
"2026-03-05T23:21:10Z"	"hxxp://93[.]152[.]230[.]54/"	"url"	"urlhaus"	"clickfix"	"status=offline; threat=malware_download"
"2026-03-05T23:21:10Z"	"hxxps://zerqua[.]cloud/e[.]GRE"	"url"	"urlhaus"	"clickfix"	"status=offline; threat=malware_download"
"2026-03-05T23:21:10Z"	"hxxps://cloudflare[.]cheahpartners[.]com/Demo[.]txt"	"url"	"urlhaus"	"clickfix"	"status=offline; threat=malware_download"
"2026-03-05T23:21:10Z"	"hxxps://171[.]22[.]16[.]134/"	"url"	"urlhaus"	"clickfix"	"status=offline; threat=malware_download"
"2026-03-05T23:21:10Z"	"hxxp://80[.]71[.]229[.]25/prepare_answer[.]php"	"url"	"urlhaus"	"clickfix"	"status=offline; threat=malware_download"
"2026-03-05T23:21:10Z"	"hxxps://benten[.]ink"	"url"	"urlhaus"	"clickfix"	"status=offline; threat=malware_download"
"2026-03-05T23:21:10Z"	"hxxps://redroademail[.]com/outdoor[.]bak"	"url"	"urlhaus"	"clickfix"	"status=offline; threat=malware_download"
"2026-03-05T23:21:10Z"	"hxxps://redroademail[.]com/rich[.]bak"	"url"	"urlhaus"	"clickfix"	"status=offline; threat=malware_download"
"2026-03-05T23:21:10Z"	"hxxps://171[.]22[.]16[.]134/bookvita[.]txt"	"url"	"urlhaus"	"clickfix"	"status=offline; threat=malware_download"
"2026-03-05T23:21:10Z"	"hxxps://admin-extranetadm-captcha[.]com/updserc[.]zip"	"url"	"urlhaus"	"clickfix"	"status=offline; threat=malware_download"
"2026-03-05T23:21:10Z"	"hxxps://tadanohito[.]com/get/update"	"url"	"urlhaus"	"clickfix"	"status=offline; threat=malware_download"
"2026-03-05T23:21:10Z"	"hxxps://nimdelcapital[.]com/captcha[.]html"	"url"	"urlhaus"	"clickfix"	"status=offline; threat=malware_download"
"2026-03-05T23:21:10Z"	"hxxps://tadanohito[.]com/get/install[.]sh"	"url"	"urlhaus"	"clickfix"	"status=offline; threat=malware_download"
"2026-03-05T23:21:10Z"	"hxxp://91[.]206[.]178[.]200/int[.]pdf"	"url"	"urlhaus"	"clickfix"	"status=offline; threat=malware_download"
"2026-03-05T23:21:10Z"	"hxxp://195[.]201[.]227[.]130/xex/ch0m[.]exe"	"url"	"urlhaus"	"clickfix"	"status=offline; threat=malware_download"
"2026-03-05T23:21:10Z"	"hxxp://195[.]201[.]227[.]130/BDA/"	"url"	"urlhaus"	"clickfix"	"status=offline; threat=malware_download"
"2026-03-05T23:21:10Z"	"hxxps://my1st[.]gold/tgd[.]exe"	"url"	"urlhaus"	"clickfix"	"status=offline; threat=malware_download"
"2026-03-05T23:21:10Z"	"hxxps://fastmirror[.]click/bjdk[.]ico"	"url"	"urlhaus"	"clickfix"	"status=offline; threat=malware_download"
"2026-03-05T23:21:10Z"	"hxxps://tok-info[.]com/I?I=I"	"url"	"urlhaus"	"clickfix"	"status=offline; threat=malware_download"
"2026-03-05T23:21:10Z"	"hxxps://tok-info[.]com/captcha"	"url"	"urlhaus"	"clickfix"	"status=offline; threat=malware_download"
"2026-03-05T23:21:10Z"	"hxxps://booking[.]captcha-message-extranet[.]com/"	"url"	"urlhaus"	"clickfix"	"status=offline; threat=malware_download"
"2026-03-05T23:21:10Z"	"hxxp://171[.]22[.]16[.]134/bookvita[.]txt"	"url"	"urlhaus"	"clickfix"	"status=offline; threat=malware_download"
"2026-03-05T23:21:10Z"	"hxxps://bee496bd[.]pythonanywhere[.]com/static/SystemUI[.]jpg"	"url"	"urlhaus"	"clickfix"	"status=offline; threat=malware_download"
"2026-03-05T23:21:10Z"	"hxxps://forum-and-building[.]com/"	"url"	"urlhaus"	"clickfix"	"status=offline; threat=malware_download"
"2026-03-05T23:21:10Z"	"hxxps://anydeesk[.]ink/download/anydesk[.]html"	"url"	"urlhaus"	"clickfix"	"status=offline; threat=malware_download"
"2026-03-05T23:21:10Z"	"hxxp://62[.]133[.]62[.]176/firep[.]img"	"url"	"urlhaus"	"clickfix"	"status=offline; threat=malware_download"
"2026-03-05T23:21:10Z"	"hxxps://falconmx[.]top/wwwap/sunnyday"	"url"	"urlhaus"	"clickfix"	"status=offline; threat=malware_download"
"2026-03-05T23:21:10Z"	"hxxp://185[.]93[.]89[.]62/d/kin54042"	"url"	"urlhaus"	"clickfix"	"status=offline; threat=malware_download"
"2026-03-05T23:21:10Z"	"hxxp://electri[.]billregulator[.]com/aTu[.]lim"	"url"	"urlhaus"	"clickfix"	"status=online; threat=malware_download"
"2026-03-05T23:21:10Z"	"hxxps://domainweel[.]com/ajax/pixi[.]min[.]js"	"url"	"urlhaus"	"clickfix"	"status=offline; threat=malware_download"
"2026-03-05T23:21:10Z"	"hxxps://menslaks[.]top/wwwap/sunnyday"	"url"	"urlhaus"	"clickfix"	"status=offline; threat=malware_download"
"2026-03-05T23:21:10Z"	"hxxps://psee[.]io/7zxg9h"	"url"	"urlhaus"	"clickfix"	"status=offline; threat=malware_download"
"2026-03-05T23:21:10Z"	"hxxps://redroademail[.]com/over[.]bak"	"url"	"urlhaus"	"clickfix"	"status=offline; threat=malware_download"
"2026-03-05T23:21:10Z"	"hxxps://redroademail[.]com/smoke[.]bak"	"url"	"urlhaus"	"clickfix"	"status=offline; threat=malware_download"
"2026-03-05T23:21:10Z"	"hxxps://redroademail[.]com/give[.]bak"	"url"	"urlhaus"	"clickfix"	"status=offline; threat=malware_download"
"2026-03-05T23:21:10Z"	"hxxp://80[.]71[.]229[.]25/pro[.]php"	"url"	"urlhaus"	"clickfix"	"status=offline; threat=malware_download"
"2026-03-05T23:21:10Z"	"hxxp://77[.]237[.]247[.]182/YMyCT[.]exe"	"url"	"urlhaus"	"clickfix"	"status=offline; threat=malware_download"
"2026-03-05T23:21:10Z"	"hxxp://185[.]39[.]17[.]70/zgrnf/nums[.]bat"	"url"	"urlhaus"	"clickfix"	"status=offline; threat=malware_download"
"2026-03-05T23:21:10Z"	"hxxps://jfbd[.]com/f/c"	"url"	"urlhaus"	"clickfix"	"status=offline; threat=malware_download"
"2026-03-05T23:21:10Z"	"hxxps://shop[.]aeroboutiquepanama[.]com/selectra_planilla/X/assets/images/g8[.]webp"	"url"	"urlhaus"	"clickfix"	"status=offline; threat=malware_download"
"2026-03-05T23:21:10Z"	"hxxps://redroademail[.]com/play[.]bak"	"url"	"urlhaus"	"clickfix"	"status=offline; threat=malware_download"
"2026-03-05T23:21:10Z"	"hxxps://redroademail[.]com/electric[.]bak"	"url"	"urlhaus"	"clickfix"	"status=offline; threat=malware_download"
"2026-03-05T23:21:10Z"	"hxxps://redroademail[.]com/legal[.]bak"	"url"	"urlhaus"	"clickfix"	"status=offline; threat=malware_download"
"2026-03-05T23:21:10Z"	"hxxps://redroademail[.]com/loan[.]bak"	"url"	"urlhaus"	"clickfix"	"status=offline; threat=malware_download"
"2026-03-05T23:21:10Z"	"hxxps://redroademail[.]com/zone[.]bak"	"url"	"urlhaus"	"clickfix"	"status=offline; threat=malware_download"
"2026-03-05T23:21:10Z"	"hxxps://redroademail[.]com/direct[.]bak"	"url"	"urlhaus"	"clickfix"	"status=offline; threat=malware_download"
"2026-03-05T23:21:10Z"	"hxxps://redroademail[.]com/about[.]bak"	"url"	"urlhaus"	"clickfix"	"status=offline; threat=malware_download"
"2026-03-05T23:21:10Z"	"hxxps://redroademail[.]com/culture[.]bak"	"url"	"urlhaus"	"clickfix"	"status=offline; threat=malware_download"
"2026-03-05T23:21:10Z"	"hxxps://driverservices[.]store/visiodrive/nvidiaRelease[.]zip"	"url"	"urlhaus"	"clickfix"	"status=offline; threat=malware_download"
"2026-03-05T23:21:10Z"	"hxxps://redroademail[.]com/room[.]bak"	"url"	"urlhaus"	"clickfix"	"status=offline; threat=malware_download"
"2026-03-05T23:21:10Z"	"hxxps://cryptoprinto[.]com/upd[.]zip"	"url"	"urlhaus"	"clickfix"	"status=offline; threat=malware_download"
"2026-03-05T23:21:10Z"	"hxxp://95[.]164[.]55[.]176:5554/kalik[.]bat"	"url"	"urlhaus"	"clickfix"	"status=offline; threat=malware_download"
"2026-03-05T23:21:10Z"	"hxxps://www[.]jfbd[.]com/f/f"	"url"	"urlhaus"	"clickfix"	"status=offline; threat=malware_download"
"2026-03-05T23:21:10Z"	"hxxp://77[.]237[.]247[.]182/kp[.]d"	"url"	"urlhaus"	"clickfix"	"status=offline; threat=malware_download"
"2026-03-05T23:21:10Z"	"hxxps://pub-80d00a1328be4388a2740834b68ae87f[.]r2[.]dev/jjjllly4[.]rga"	"url"	"urlhaus"	"clickfix"	"status=offline; threat=malware_download"
"2026-03-05T23:21:10Z"	"hxxps://pub-4ca1012140f74fd68c1b825e8f00db61[.]r2[.]dev/ProfilesEncyclopedia[.]exe"	"url"	"urlhaus"	"clickfix"	"status=offline; threat=malware_download"
"2026-03-05T23:21:10Z"	"hxxps://eu2[.]contabostorage[.]com/2dbce46599db434a89694f6303ce6d08:ghekr/Latest-V5-The-GoogIe%20Captcha-Continue[.]html"	"url"	"urlhaus"	"clickfix"	"status=offline; threat=malware_download"
"2026-03-05T23:21:10Z"	"hxxps://adrianfrieg[.]com/go/install[.]sh"	"url"	"urlhaus"	"clickfix"	"status=offline; threat=malware_download"
"2026-03-05T23:21:10Z"	"hxxps://adrianfrieg[.]com/go/update"	"url"	"urlhaus"	"clickfix"	"status=offline; threat=malware_download"
"2026-03-05T23:21:10Z"	"hxxps://apple[.]blogofficial[.]com/storage"	"url"	"urlhaus"	"clickfix"	"status=offline; threat=malware_download"
"2026-03-05T23:21:10Z"	"hxxps://walkin[.]college/trace[.]mp3"	"url"	"urlhaus"	"clickfix"	"status=offline; threat=malware_download"
"2026-03-05T23:21:10Z"	"hxxps://www[.]dropbox[.]com/scl/fi/f6uznfct32tl8l4p5jsq3/aRicardo_Zahlungsart[.]zip?rlkey=g03n6j2zhy91fv8dbixgirmfh&st=ubryqphn&dl=1"	"url"	"urlhaus"	"clickfix"	"status=offline; threat=malware_download"
"2026-03-05T23:21:10Z"	"hxxps://correctwion[.]click/ssl/"	"url"	"urlhaus"	"clickfix"	"status=offline; threat=malware_download"
"2026-03-05T23:21:10Z"	"hxxps://helpfullyk[.]click/robot/captchaV4DE/"	"url"	"urlhaus"	"clickfix"	"status=offline; threat=malware_download"
"2026-03-05T23:21:10Z"	"hxxps://alababababa[.]cloud/cVGvQio6[.]txt"	"url"	"urlhaus"	"clickfix"	"status=offline; threat=malware_download"
"2026-03-05T23:21:10Z"	"hxxps://tersmoles[.]com/script[.]ps1"	"url"	"urlhaus"	"clickfix"	"status=offline; threat=malware_download"
"2026-03-05T23:21:10Z"	"hxxps://forbescheck[.]top/1[.]ps1"	"url"	"urlhaus"	"clickfix"	"status=offline; threat=malware_download"
"2026-03-05T23:21:10Z"	"hxxps://redroademail[.]com/note[.]bak"	"url"	"urlhaus"	"clickfix"	"status=offline; threat=malware_download"
"2026-03-05T23:21:10Z"	"hxxps://shop[.]aeroboutiquepanama[.]com/selectra_planilla/X/assets/images/g8p4[.]webp"	"url"	"urlhaus"	"clickfix"	"status=offline; threat=malware_download"
"2026-03-05T23:21:10Z"	"hxxp://cptchvrff[.]com/km77qnz/trails[.]exe"	"url"	"urlhaus"	"clickfix"	"status=offline; threat=malware_download"
"2026-03-05T23:21:10Z"	"hxxps://mxbankpro[.]com/"	"url"	"urlhaus"	"clickfix"	"status=offline; threat=malware_download"
"2026-03-05T23:21:10Z"	"hxxps://mercut[.]ro/cloudflare?cldwvrf=120ksdl"	"url"	"urlhaus"	"clickfix"	"status=offline; threat=malware_download"
"2026-03-05T23:21:10Z"	"hxxp://cptchvrf[.]com/km77qnz/trails[.]exe"	"url"	"urlhaus"	"clickfix"	"status=offline; threat=malware_download"
"2026-03-05T23:21:10Z"	"hxxp://fhasjcasd[.]click/km77qnz/trails[.]exe"	"url"	"urlhaus"	"clickfix"	"status=offline; threat=malware_download"
"2026-03-05T23:21:10Z"	"hxxp://h1dd-page[.]com/km77qnz/trails[.]exe"	"url"	"urlhaus"	"clickfix"	"status=offline; threat=malware_download"
"2026-03-05T23:21:10Z"	"hxxps://was-logistics[.]com/wp[.]ps1"	"url"	"urlhaus"	"clickfix"	"status=offline; threat=malware_download"
"2026-03-05T23:21:10Z"	"hxxp://roomnum-9983674[.]world/"	"url"	"urlhaus"	"clickfix"	"status=offline; threat=malware_download"
"2026-03-05T23:21:10Z"	"hxxp://proprtrmsvstr[.]world/"	"url"	"urlhaus"	"clickfix"	"status=offline; threat=malware_download"
"2026-03-05T23:21:10Z"	"hxxps://roomnum-9983674[.]world/"	"url"	"urlhaus"	"clickfix"	"status=offline; threat=malware_download"
"2026-03-05T23:21:10Z"	"hxxps://proprtrmsvstr[.]world/"	"url"	"urlhaus"	"clickfix"	"status=offline; threat=malware_download"
"2026-03-05T23:21:10Z"	"hxxps://api[.]centinyxlivetagfile[.]com/"	"url"	"urlhaus"	"clickfix"	"status=offline; threat=malware_download"
"2026-03-05T23:21:10Z"	"hxxps://payment-verify[.]com/"	"url"	"urlhaus"	"clickfix"	"status=offline; threat=malware_download"
"2026-03-05T23:21:10Z"	"hxxps://afinelineonline[.]com"	"url"	"urlhaus"	"clickfix"	"status=offline; threat=malware_download"
"2026-03-05T23:21:10Z"	"hxxps://isthecapital[.]com/"	"url"	"urlhaus"	"clickfix"	"status=offline; threat=malware_download"
"2026-03-05T23:21:10Z"	"hxxp://morebitro[.]com/"	"url"	"urlhaus"	"clickfix"	"status=offline; threat=malware_download"
"2026-03-05T23:21:10Z"	"hxxp://rominvestitor[.]com/"	"url"	"urlhaus"	"clickfix"	"status=offline; threat=malware_download"
"2026-03-05T23:21:10Z"	"hxxp://greenpulseland[.]com/"	"url"	"urlhaus"	"clickfix"	"status=offline; threat=malware_download"
"2026-03-05T23:21:10Z"	"hxxps://brightbytesite[.]com/"	"url"	"urlhaus"	"clickfix"	"status=offline; threat=malware_download"
"2026-03-05T23:21:10Z"	"hxxp://mxbankerspro[.]com/"	"url"	"urlhaus"	"clickfix"	"status=offline; threat=malware_download"
"2026-03-05T23:21:10Z"	"hxxp://everygooodnews[.]com/"	"url"	"urlhaus"	"clickfix"	"status=offline; threat=malware_download"
"2026-03-05T23:21:10Z"	"hxxps://formxinvestors[.]com/"	"url"	"urlhaus"	"clickfix"	"status=offline; threat=malware_download"
"2026-03-05T23:21:10Z"	"hxxp://greenpulsebase[.]com/"	"url"	"urlhaus"	"clickfix"	"status=offline; threat=malware_download"
"2026-03-05T23:21:10Z"	"hxxps://apidnschangerdmnd[.]com/"	"url"	"urlhaus"	"clickfix"	"status=offline; threat=malware_download"
"2026-03-05T23:21:10Z"	"hxxps://morebitro[.]com/"	"url"	"urlhaus"	"clickfix"	"status=offline; threat=malware_download"
"2026-03-05T23:21:10Z"	"hxxps://rominvesi[.]com/"	"url"	"urlhaus"	"clickfix"	"status=offline; threat=malware_download"
"2026-03-05T23:21:10Z"	"hxxp://forum-from-hero[.]com/"	"url"	"urlhaus"	"clickfix"	"status=offline; threat=malware_download"
"2026-03-05T23:21:10Z"	"hxxps://greenpulsebase[.]com/"	"url"	"urlhaus"	"clickfix"	"status=offline; threat=malware_download"
"2026-03-05T23:21:10Z"	"hxxp://rominvesi[.]com/"	"url"	"urlhaus"	"clickfix"	"status=offline; threat=malware_download"
"2026-03-05T23:21:10Z"	"hxxps://viriffic-processing[.]com/"	"url"	"urlhaus"	"clickfix"	"status=offline; threat=malware_download"
"2026-03-05T23:21:10Z"	"hxxp://apidnschangerdmnd[.]com/"	"url"	"urlhaus"	"clickfix"	"status=offline; threat=malware_download"
"2026-03-05T23:21:10Z"	"hxxps://www[.]payment-verify[.]com/"	"url"	"urlhaus"	"clickfix"	"status=offline; threat=malware_download"
"2026-03-05T23:21:10Z"	"hxxps://greenpulseland[.]com/"	"url"	"urlhaus"	"clickfix"	"status=offline; threat=malware_download"
"2026-03-05T23:21:10Z"	"hxxp://isthecapital[.]com/"	"url"	"urlhaus"	"clickfix"	"status=offline; threat=malware_download"
"2026-03-05T23:21:10Z"	"hxxps://lamejoropcionn[.]com/"	"url"	"urlhaus"	"clickfix"	"status=offline; threat=malware_download"
"2026-03-05T23:21:10Z"	"hxxps://rombankro[.]com/"	"url"	"urlhaus"	"clickfix"	"status=offline; threat=malware_download"
"2026-03-05T23:21:10Z"	"hxxp://home-and-forum[.]com/"	"url"	"urlhaus"	"clickfix"	"status=offline; threat=malware_download"
"2026-03-05T23:21:10Z"	"hxxp://gestordeconfort[.]com/"	"url"	"urlhaus"	"clickfix"	"status=offline; threat=malware_download"
"2026-03-05T23:21:10Z"	"hxxps://voidtheboxs[.]com/"	"url"	"urlhaus"	"clickfix"	"status=offline; threat=malware_download"
"2026-03-05T23:21:10Z"	"hxxps://rominvestitor[.]com/"	"url"	"urlhaus"	"clickfix"	"status=offline; threat=malware_download"
"2026-03-05T23:21:10Z"	"hxxps://formxinvestor[.]com/"	"url"	"urlhaus"	"clickfix"	"status=offline; threat=malware_download"
"2026-03-05T23:21:10Z"	"hxxp://brightbytesite[.]com/"	"url"	"urlhaus"	"clickfix"	"status=offline; threat=malware_download"
"2026-03-05T23:21:10Z"	"hxxp://lamejoropcionn[.]com/"	"url"	"urlhaus"	"clickfix"	"status=offline; threat=malware_download"
"2026-03-05T23:21:10Z"	"hxxps://verlfication-process[.]com/"	"url"	"urlhaus"	"clickfix"	"status=offline; threat=malware_download"
"2026-03-05T23:21:10Z"	"hxxps://proccess-verify[.]com/"	"url"	"urlhaus"	"clickfix"	"status=offline; threat=malware_download"
"2026-03-05T23:21:10Z"	"hxxp://mxbankpro[.]com/"	"url"	"urlhaus"	"clickfix"	"status=offline; threat=malware_download"
"2026-03-05T23:21:10Z"	"hxxps://voidinsoul[.]com/"	"url"	"urlhaus"	"clickfix"	"status=offline; threat=malware_download"
"2026-03-05T23:21:10Z"	"hxxps://book-available[.]com/sign-in?op_token="	"url"	"urlhaus"	"clickfix"	"status=offline; threat=malware_download"
"2026-03-05T23:21:10Z"	"hxxps://mxoilinvest[.]com/"	"url"	"urlhaus"	"clickfix"	"status=offline; threat=malware_download"
"2026-03-05T23:21:10Z"	"hxxps://mxbankerspro[.]com/"	"url"	"urlhaus"	"clickfix"	"status=offline; threat=malware_download"
"2026-03-05T23:21:10Z"	"hxxps://building-and-forum[.]com/"	"url"	"urlhaus"	"clickfix"	"status=offline; threat=malware_download"
"2026-03-05T23:21:10Z"	"hxxp://building-and-forum[.]com/"	"url"	"urlhaus"	"clickfix"	"status=offline; threat=malware_download"
"2026-03-05T23:21:10Z"	"hxxps://oxygenisempty[.]com/"	"url"	"urlhaus"	"clickfix"	"status=offline; threat=malware_download"
"2026-03-05T23:21:10Z"	"hxxps://everygooodnews[.]com/"	"url"	"urlhaus"	"clickfix"	"status=offline; threat=malware_download"
"2026-03-05T23:21:10Z"	"hxxps://verific-processing[.]com/"	"url"	"urlhaus"	"clickfix"	"status=offline; threat=malware_download"
"2026-03-05T23:21:10Z"	"hxxp://voidtheboxs[.]com/"	"url"	"urlhaus"	"clickfix"	"status=offline; threat=malware_download"
"2026-03-05T23:21:10Z"	"hxxp://voidinsoul[.]com/"	"url"	"urlhaus"	"clickfix"	"status=offline; threat=malware_download"
"2026-03-05T23:21:10Z"	"hxxps://home-and-forum[.]com/"	"url"	"urlhaus"	"clickfix"	"status=offline; threat=malware_download"
"2026-03-05T23:21:10Z"	"hxxp://formxinvestors[.]com/"	"url"	"urlhaus"	"clickfix"	"status=offline; threat=malware_download"
"2026-03-05T23:21:10Z"	"hxxp://formxinvestor[.]com/"	"url"	"urlhaus"	"clickfix"	"status=offline; threat=malware_download"
"2026-03-05T23:21:10Z"	"hxxp://mxoilinvest[.]com/"	"url"	"urlhaus"	"clickfix"	"status=offline; threat=malware_download"
"2026-03-05T23:21:10Z"	"hxxp://rombankro[.]com/"	"url"	"urlhaus"	"clickfix"	"status=offline; threat=malware_download"
"2026-03-05T23:21:10Z"	"hxxp://oxygenisempty[.]com/"	"url"	"urlhaus"	"clickfix"	"status=offline; threat=malware_download"
"2026-03-05T23:21:10Z"	"hxxp://forum-and-building[.]com/"	"url"	"urlhaus"	"clickfix"	"status=offline; threat=malware_download"
"2026-03-05T23:21:10Z"	"hxxps://confirm-idd787[.]click/"	"url"	"urlhaus"	"clickfix"	"status=offline; threat=malware_download"
"2026-03-05T23:21:10Z"	"hxxp://domain-from-home[.]com/"	"url"	"urlhaus"	"clickfix"	"status=offline; threat=malware_download"
"2026-03-05T23:21:10Z"	"hxxps://forum-from-hero[.]com/"	"url"	"urlhaus"	"clickfix"	"status=offline; threat=malware_download"
"2026-03-05T23:21:10Z"	"hxxps://domain-from-home[.]com/"	"url"	"urlhaus"	"clickfix"	"status=offline; threat=malware_download"
"2026-03-05T23:21:10Z"	"hxxps://sony-verified[.]com/"	"url"	"urlhaus"	"clickfix"	"status=offline; threat=malware_download"
"2026-03-05T23:21:10Z"	"hxxps://payment-comfirmation[.]com/"	"url"	"urlhaus"	"clickfix"	"status=offline; threat=malware_download"
"2026-03-05T23:21:10Z"	"hxxp://994521[.]cfd/"	"url"	"urlhaus"	"clickfix"	"status=offline; threat=malware_download"
"2026-03-05T23:21:10Z"	"hxxps://994521[.]cfd/"	"url"	"urlhaus"	"clickfix"	"status=offline; threat=malware_download"
"2026-03-05T23:21:10Z"	"hxxp://378945[.]cfd/"	"url"	"urlhaus"	"clickfix"	"status=offline; threat=malware_download"
"2026-03-05T23:21:10Z"	"hxxp://987233[.]cfd/"	"url"	"urlhaus"	"clickfix"	"status=offline; threat=malware_download"
"2026-03-05T23:21:10Z"	"hxxps://987233[.]cfd/"	"url"	"urlhaus"	"clickfix"	"status=offline; threat=malware_download"
"2026-03-05T23:21:10Z"	"hxxps://7297383[.]cfd/"	"url"	"urlhaus"	"clickfix"	"status=offline; threat=malware_download"
"2026-03-05T23:21:10Z"	"hxxp://7297383[.]cfd/"	"url"	"urlhaus"	"clickfix"	"status=offline; threat=malware_download"
"2026-03-05T23:21:10Z"	"hxxps://378945[.]cfd/"	"url"	"urlhaus"	"clickfix"	"status=offline; threat=malware_download"
"2026-03-05T23:21:10Z"	"hxxps://94[.]159[.]105[.]149/123456[.]txt"	"url"	"urlhaus"	"clickfix"	"status=offline; threat=malware_download"
"2026-03-05T23:21:10Z"	"hxxps://confirm-idd788[.]click"	"url"	"urlhaus"	"clickfix"	"status=offline; threat=malware_download"
"2026-03-05T23:21:10Z"	"hxxps://saftyplace[.]com/15151[.]txt"	"url"	"urlhaus"	"clickfix"	"status=offline; threat=malware_download"
"2026-03-05T23:21:10Z"	"hxxp://91[.]212[.]166[.]205/"	"url"	"urlhaus"	"clickfix"	"status=offline; threat=malware_download"
"2026-03-05T23:21:10Z"	"hxxps://91[.]212[.]166[.]204/"	"url"	"urlhaus"	"clickfix"	"status=offline; threat=malware_download"
"2026-03-05T23:21:10Z"	"hxxp://91[.]212[.]166[.]204/"	"url"	"urlhaus"	"clickfix"	"status=offline; threat=malware_download"
"2026-03-05T23:21:10Z"	"hxxps://91[.]212[.]166[.]205/"	"url"	"urlhaus"	"clickfix"	"status=offline; threat=malware_download"
"2026-03-05T23:21:10Z"	"hxxps://arcapalet[.]com/summonycaptpictureschecks[.]jpg"	"url"	"urlhaus"	"clickfix"	"status=offline; threat=malware_download"
"2026-03-05T23:21:10Z"	"hxxp://bktfvaq[.]com/huscaq"	"url"	"urlhaus"	"clickfix"	"status=offline; threat=malware_download"
"2026-03-05T23:21:10Z"	"hxxps://apartmenr-di15[.]click/"	"url"	"urlhaus"	"clickfix"	"status=offline; threat=malware_download"
"2026-03-05T23:21:10Z"	"hxxps://confirm-id918[.]click"	"url"	"urlhaus"	"clickfix"	"status=offline; threat=malware_download"
"2026-03-05T23:21:10Z"	"hxxps://confirm-id21[.]click"	"url"	"urlhaus"	"clickfix"	"status=offline; threat=malware_download"
"2026-03-05T23:21:10Z"	"hxxps://confirm-id25[.]click"	"url"	"urlhaus"	"clickfix"	"status=offline; threat=malware_download"
"2026-03-05T23:21:10Z"	"hxxps://confirm-id22[.]click/"	"url"	"urlhaus"	"clickfix"	"status=offline; threat=malware_download"
"2026-03-05T23:21:10Z"	"hxxps://confirm-id2459[.]click/"	"url"	"urlhaus"	"clickfix"	"status=offline; threat=malware_download"
"2026-03-05T23:21:10Z"	"hxxps://confirm-id2719[.]click/"	"url"	"urlhaus"	"clickfix"	"status=offline; threat=malware_download"
"2026-03-05T23:21:10Z"	"hxxps://constructora-alpigroup[.]com"	"url"	"urlhaus"	"clickfix"	"status=offline; threat=malware_download"
"2026-03-05T23:21:10Z"	"hxxp://80[.]64[.]18[.]173/nhf7/555[.]exe"	"url"	"urlhaus"	"clickfix"	"status=offline; threat=malware_download"
"2026-03-05T23:21:10Z"	"hxxps://apioeaesr[.]icu/fix"	"url"	"urlhaus"	"clickfix"	"status=offline; threat=malware_download"
"2026-03-05T23:21:10Z"	"hxxps://files[.]catbox[.]moe/cj06ld[.]txt"	"url"	"urlhaus"	"clickfix"	"status=offline; threat=malware_download"
"2026-03-05T23:21:10Z"	"hxxps://script[.]google[.]com/macros/s/AKfycbyZAK2Gp2FZYyUtaKt1CeoAPwWPFdcBzvq72UAFMRrKq8oz04Xw9FviH3QFlE8dvdAN/exec"	"url"	"urlhaus"	"clickfix"	"status=offline; threat=malware_download"
"2026-03-05T23:21:10Z"	"hxxp://bokneeg[.]com/bgj3/ckjg[.]exe"	"url"	"urlhaus"	"clickfix"	"status=offline; threat=malware_download"
"2026-03-05T23:21:10Z"	"hxxp://bookneg[.]com/bgj3/ckjg[.]exe"	"url"	"urlhaus"	"clickfix"	"status=offline; threat=malware_download"
"2026-03-05T23:21:10Z"	"hxxp://bkngnet[.]com/bgj3/ckjg[.]exe"	"url"	"urlhaus"	"clickfix"	"status=offline; threat=malware_download"
"2026-03-05T23:21:10Z"	"hxxps://apioeks[.]icu/fix"	"url"	"urlhaus"	"clickfix"	"status=offline; threat=malware_download"
"2026-03-05T23:21:10Z"	"hxxps://apioeks[.]icu/apis/QnUpE/eIhyd"	"url"	"urlhaus"	"clickfix"	"status=offline; threat=malware_download"
"2026-03-05T23:21:10Z"	"hxxp://partnervrft[.]com"	"url"	"urlhaus"	"clickfix"	"status=offline; threat=malware_download"
"2026-03-05T23:21:10Z"	"hxxp://partnervrft[.]com/bgj3/ckjg[.]exe"	"url"	"urlhaus"	"clickfix"	"status=offline; threat=malware_download"
"2026-03-05T23:21:10Z"	"hxxps://extranet-listing[.]com/"	"url"	"urlhaus"	"clickfix"	"status=offline; threat=malware_download"
"2026-03-05T23:21:10Z"	"hxxps://yip[.]su/2ObqV3"	"url"	"urlhaus"	"clickfix"	"status=offline; threat=malware_download"
"2026-03-05T23:21:10Z"	"hxxps://script[.]google[.]com/macros/s/AKfycbx3WeHtG1jwshbhdLCCrXT8LJwchftj_QD8Ne1jPihk2qmIhSlYhRBkf55gTive3PjCQg/exec"	"url"	"urlhaus"	"clickfix"	"status=offline; threat=malware_download"
"2026-03-05T23:21:10Z"	"hxxp://getsybkng[.]com/"	"url"	"urlhaus"	"clickfix"	"status=offline; threat=malware_download"
"2026-03-05T23:21:10Z"	"hxxps://edgeburst[.]sbs/YBQOFHCX[.]msi"	"url"	"urlhaus"	"clickfix"	"status=offline; threat=malware_download"
"2026-03-05T23:21:10Z"	"hxxps://script[.]google[.]com/macros/s/AKfycbz8BS-UlbTW6hootQw1-dlx_85q9Fqx6U8XY_5_fagr8xhN0Ahvm2QCX2JPsoAOZdDG/exec"	"url"	"urlhaus"	"clickfix"	"status=offline; threat=malware_download"
"2026-03-05T23:21:10Z"	"hxxps://confirm-id10[.]click/?__cf_chl_tk=OQ4EsWvXXh3S7jv5-t-JD7x4uKXjXbfaGkpJInh7-NlPDfjv2tcdpwAJA6rahkKPP2SmaTm8GGXyGA31-1747723665-1[.]0[.]1[.]1-dDxQWurpsO5AQ4ZdQ_bj"	"url"	"urlhaus"	"clickfix"	"status=offline; threat=malware_download"
"2026-03-05T23:21:10Z"	"hxxps://edgeburst[.]sbs/456tygfd[.]txt"	"url"	"urlhaus"	"clickfix"	"status=offline; threat=malware_download"
"2026-03-05T23:21:10Z"	"hxxps://pub-992aa27fc7f7497ebe2f613a4855cdb4[.]r2[.]dev/connect/cloudflare[.]html"	"url"	"urlhaus"	"clickfix"	"status=offline; threat=malware_download"
"2026-03-05T23:21:10Z"	"hxxps://pumpfun[.]exposed/a[.]cmd"	"url"	"urlhaus"	"clickfix"	"status=offline; threat=malware_download"
"2026-03-05T23:21:10Z"	"hxxps://pumpfunaaexposed[.]pages[.]dev/"	"url"	"urlhaus"	"clickfix"	"status=offline; threat=malware_download"
"2026-03-05T23:21:10Z"	"hxxp://getsveriff[.]com/rvxlgh7/rjh[.]ps1"	"url"	"urlhaus"	"clickfix"	"status=offline; threat=malware_download"
"2026-03-05T23:21:10Z"	"hxxp://getsveriff[.]com/rvxlgh7/cwe[.]exe"	"url"	"urlhaus"	"clickfix"	"status=offline; threat=malware_download"
"2026-03-05T23:21:10Z"	"hxxp://getsveriff[.]com/rvxlgh7/hrjfb[.]exe"	"url"	"urlhaus"	"clickfix"	"status=offline; threat=malware_download"
"2026-03-05T23:21:10Z"	"hxxps://apioeaesr[.]icu/apis/NHPOZHSV/vMQtSMtB"	"url"	"urlhaus"	"clickfix"	"status=offline; threat=malware_download"
"2026-03-05T23:21:10Z"	"hxxps://apioeaesr[.]icu/apic/WsLRLxxz/iFANlbuV"	"url"	"urlhaus"	"clickfix"	"status=offline; threat=malware_download"
"2026-03-05T23:21:10Z"	"hxxps://apioeaesr[.]icu/api/images[.]jpg"	"url"	"urlhaus"	"clickfix"	"status=offline; threat=malware_download"
"2026-03-05T23:21:10Z"	"hxxps://din[.]akurasiibl[.]com/123[.]txt"	"url"	"urlhaus"	"clickfix"	"status=offline; threat=malware_download"
"2026-03-05T23:21:10Z"	"hxxp://80[.]64[.]18[.]173/nhf7/knfl[.]exe"	"url"	"urlhaus"	"clickfix"	"status=offline; threat=malware_download"
"2026-03-05T23:21:10Z"	"hxxps://penawarhippotherapy[.]com/sys32careservicedrive[.]zip"	"url"	"urlhaus"	"clickfix"	"status=offline; threat=malware_download"
"2026-03-05T23:21:10Z"	"hxxp://185[.]39[.]17[.]70/zgrnf/qxm[.]exe"	"url"	"urlhaus"	"clickfix"	"status=offline; threat=malware_download"
"2026-03-05T23:21:10Z"	"hxxps://partner-id897123[.]com"	"url"	"urlhaus"	"clickfix"	"status=offline; threat=malware_download"
"2026-03-05T23:21:10Z"	"hxxps://bytevista[.]cloud"	"url"	"urlhaus"	"clickfix"	"status=offline; threat=malware_download"
"2026-03-05T23:21:10Z"	"hxxps://grupo-positivo[.]com/GUP[.]zip"	"url"	"urlhaus"	"clickfix"	"status=offline; threat=malware_download"
"2026-03-05T23:21:10Z"	"hxxp://highspring[.]247supportsolutions[.]com:8080/converge[.]exe"	"url"	"urlhaus"	"clickfix"	"status=offline; threat=malware_download"
"2026-03-05T23:21:10Z"	"hxxps://stealer[.]cy/psc?uid=12%5E"	"url"	"urlhaus"	"clickfix"	"status=offline; threat=malware_download"
"2026-03-05T23:21:10Z"	"hxxps://stealer[.]cy/py-captcha?uid=12"	"url"	"urlhaus"	"clickfix"	"status=offline; threat=malware_download"
"2026-03-05T23:21:10Z"	"hxxp://185[.]39[.]17[.]70/zgrnf/njg[.]exe"	"url"	"urlhaus"	"clickfix"	"status=offline; threat=malware_download"
"2026-03-05T23:21:10Z"	"hxxps://booking[.]secure-partener[.]com/"	"url"	"urlhaus"	"clickfix"	"status=offline; threat=malware_download"
"2026-03-05T23:21:10Z"	"hxxps://booking[.]secure-partener[.]com/sign-in?op_token=zXj81EgVvYXV0aCKyAQoUNlo3Mm9IT2QzNk5uN3prM3BpcmgSCWF1dGhvcml6ZRoaaHR0cHM6Ly9hZG1pbi5ib29raW5nLmNvbS8qOnsiYXV0aF9hdHRlbXB0X2lkIjoiYjEzZGNlMjQtMGM5OS00YjJlLThiOGUtNjI0NjllN2Y1ZGQ5In0yK1lHOEtPZGcwYXplS1N1OG5VZ25uQ3pSci1MYkt5TXFxaVNWanNsMjV4WnM6BFMyNTZCBGNvZGUqEzCSipujlK4nOgBCAFjd1NXosDI"	"url"	"urlhaus"	"clickfix"	"status=offline; threat=malware_download"
"2026-03-05T23:21:10Z"	"hxxp://185[.]39[.]17[.]70/zgrnf/ckuh[.]exe"	"url"	"urlhaus"	"clickfix"	"status=offline; threat=malware_download"
"2026-03-05T23:21:10Z"	"hxxps://secure-partener[.]com"	"url"	"urlhaus"	"clickfix"	"status=offline; threat=malware_download"
"2026-03-05T23:21:10Z"	"hxxps://msoftdatastore[.]z22[.]web[.]core[.]windows[.]net/verify-sec"	"url"	"urlhaus"	"clickfix"	"status=online; threat=malware_download"
"2026-03-05T23:21:10Z"	"hxxps://wl[.]gl/directiontitle"	"url"	"urlhaus"	"clickfix"	"status=offline; threat=malware_download"
"2026-03-05T23:21:10Z"	"hxxps://penawarhippotherapy[.]com/rayidverifications[.]txt"	"url"	"urlhaus"	"clickfix"	"status=offline; threat=malware_download"
"2026-03-05T23:21:10Z"	"hxxps://confirm-id67[.]click/"	"url"	"urlhaus"	"clickfix"	"status=offline; threat=malware_download"
"2026-03-05T23:21:10Z"	"hxxps://505farmandseed[.]com/LTjip68ZQWO646ildh8t87WZB5GJQ69WGAK"	"url"	"urlhaus"	"clickfix"	"status=offline; threat=malware_download"
"2026-03-05T23:21:10Z"	"hxxps://booking-visitorviewdetails-64464043[.]com"	"url"	"urlhaus"	"clickfix"	"status=offline; threat=malware_download"
"2026-03-05T23:21:10Z"	"hxxps://micromissingservicx86checksup[.]com"	"url"	"urlhaus"	"clickfix"	"status=offline; threat=malware_download"
"2026-03-05T23:21:10Z"	"hxxps://hastilybakeshop[.]ru/13065365f51d88a4fb0c0dab4e9df858[.]txt"	"url"	"urlhaus"	"clickfix"	"status=offline; threat=malware_download"
"2026-03-05T23:21:10Z"	"hxxps://demopark[.]com[.]tr/GUP[.]zip"	"url"	"urlhaus"	"clickfix"	"status=offline; threat=malware_download"
"2026-03-05T23:21:10Z"	"hxxps://booking-refguestitem-09064111[.]com/"	"url"	"urlhaus"	"clickfix"	"status=offline; threat=malware_download"
"2026-03-05T23:21:10Z"	"hxxps://beyondlifeofmine[.]com/4Xaxk4EACT6VWBewvpximhJFENH0WOMBXY3"	"url"	"urlhaus"	"clickfix"	"status=offline; threat=malware_download"
"2026-03-05T23:21:10Z"	"hxxps://demopark[.]com[.]tr/rayidverifications[.]txt"	"url"	"urlhaus"	"clickfix"	"status=offline; threat=malware_download"
"2026-03-05T23:21:10Z"	"hxxp://cm9iuupni00010cjy3657dsol[.]info"	"url"	"urlhaus"	"clickfix"	"status=offline; threat=malware_download"
"2026-03-05T23:21:10Z"	"hxxps://bookinterpagecen[.]com/"	"url"	"urlhaus"	"clickfix"	"status=offline; threat=malware_download"
"2026-03-05T23:21:10Z"	"hxxps://powerplayzone[.]rest/TTASPNQT[.]msi"	"url"	"urlhaus"	"clickfix"	"status=offline; threat=malware_download"
"2026-03-05T23:21:10Z"	"hxxps://powerplayzone[.]rest/clod[.]txt"	"url"	"urlhaus"	"clickfix"	"status=offline; threat=malware_download"
"2026-03-05T23:21:10Z"	"hxxp://185[.]39[.]17[.]70/zgrnf/pixel[.]exe"	"url"	"urlhaus"	"clickfix"	"status=offline; threat=malware_download"
"2026-03-05T23:21:10Z"	"hxxps://gestordeconfort[.]com/"	"url"	"urlhaus"	"clickfix"	"status=offline; threat=malware_download"
"2026-03-05T23:21:10Z"	"hxxps://klickcheker[.]click"	"url"	"urlhaus"	"clickfix"	"status=offline; threat=malware_download"
"2026-03-05T23:21:10Z"	"hxxps://partner-id42[.]world"	"url"	"urlhaus"	"clickfix"	"status=offline; threat=malware_download"
"2026-03-05T23:21:10Z"	"hxxps://booking[.]partner-id651315[.]com"	"url"	"urlhaus"	"clickfix"	"status=offline; threat=malware_download"
"2026-03-05T23:21:10Z"	"hxxps://booking[.]partner-id-68567577[.]com"	"url"	"urlhaus"	"clickfix"	"status=offline; threat=malware_download"
"2026-03-05T23:21:10Z"	"hxxps://partner-id345871[.]com"	"url"	"urlhaus"	"clickfix"	"status=offline; threat=malware_download"
"2026-03-05T23:21:10Z"	"hxxps://booking[.]partner-id345871[.]com"	"url"	"urlhaus"	"clickfix"	"status=offline; threat=malware_download"
"2026-03-05T23:21:10Z"	"hxxps://partner-id7292[.]world"	"url"	"urlhaus"	"clickfix"	"status=offline; threat=malware_download"
"2026-03-05T23:21:10Z"	"hxxps://booking[.]partner-id985[.]world"	"url"	"urlhaus"	"clickfix"	"status=offline; threat=malware_download"
"2026-03-05T23:21:10Z"	"hxxps://partner-id755421[.]com"	"url"	"urlhaus"	"clickfix"	"status=offline; threat=malware_download"
"2026-03-05T23:21:10Z"	"hxxps://booking[.]partner-id755421[.]com"	"url"	"urlhaus"	"clickfix"	"status=offline; threat=malware_download"
"2026-03-05T23:21:10Z"	"hxxps://partner-id729[.]com"	"url"	"urlhaus"	"clickfix"	"status=offline; threat=malware_download"
"2026-03-05T23:21:10Z"	"hxxps://booking[.]partner-id42[.]world"	"url"	"urlhaus"	"clickfix"	"status=offline; threat=malware_download"
"2026-03-05T23:21:10Z"	"hxxps://partner-id3695[.]com"	"url"	"urlhaus"	"clickfix"	"status=offline; threat=malware_download"
"2026-03-05T23:21:10Z"	"hxxps://partner-id742[.]world"	"url"	"urlhaus"	"clickfix"	"status=offline; threat=malware_download"
"2026-03-05T23:21:10Z"	"hxxps://partner-id985[.]world"	"url"	"urlhaus"	"clickfix"	"status=offline; threat=malware_download"
"2026-03-05T23:21:10Z"	"hxxps://parteet-id539847[.]com"	"url"	"urlhaus"	"clickfix"	"status=offline; threat=malware_download"
"2026-03-05T23:21:10Z"	"hxxp://185[.]39[.]17[.]70/zgrnf/fresh[.]html"	"url"	"urlhaus"	"clickfix"	"status=offline; threat=malware_download"
"2026-03-05T23:21:10Z"	"hxxps://partner-id651315[.]com"	"url"	"urlhaus"	"clickfix"	"status=offline; threat=malware_download"
"2026-03-05T23:21:10Z"	"hxxps://partner-40245[.]com"	"url"	"urlhaus"	"clickfix"	"status=offline; threat=malware_download"
"2026-03-05T23:21:10Z"	"hxxps://booking[.]parteet-id539847[.]com"	"url"	"urlhaus"	"clickfix"	"status=offline; threat=malware_download"
"2026-03-05T23:21:10Z"	"hxxps://partner-id-68567577[.]com"	"url"	"urlhaus"	"clickfix"	"status=offline; threat=malware_download"
"2026-03-05T23:21:10Z"	"hxxps://partner-id7192[.]world"	"url"	"urlhaus"	"clickfix"	"status=offline; threat=malware_download"
"2026-03-05T23:21:10Z"	"hxxps://booking[.]partner-id742[.]world"	"url"	"urlhaus"	"clickfix"	"status=offline; threat=malware_download"
"2026-03-05T23:21:10Z"	"hxxps://booking[.]partner-id128125[.]com"	"url"	"urlhaus"	"clickfix"	"status=offline; threat=malware_download"
"2026-03-05T23:21:10Z"	"hxxps://booking[.]partner-id3695[.]world"	"url"	"urlhaus"	"clickfix"	"status=offline; threat=malware_download"
"2026-03-05T23:21:10Z"	"hxxps://booking[.]partner-id7192[.]world"	"url"	"urlhaus"	"clickfix"	"status=offline; threat=malware_download"
"2026-03-05T23:21:10Z"	"hxxps://booking[.]partner-id7292[.]world"	"url"	"urlhaus"	"clickfix"	"status=offline; threat=malware_download"
"2026-03-05T23:21:10Z"	"hxxps://booking[.]partner-id3695[.]com"	"url"	"urlhaus"	"clickfix"	"status=offline; threat=malware_download"
"2026-03-05T23:21:10Z"	"hxxps://booking[.]partner-id729[.]com"	"url"	"urlhaus"	"clickfix"	"status=offline; threat=malware_download"
"2026-03-05T23:21:10Z"	"hxxps://partner-id3695[.]world"	"url"	"urlhaus"	"clickfix"	"status=offline; threat=malware_download"
"2026-03-05T23:21:10Z"	"hxxps://partner-id128125[.]com"	"url"	"urlhaus"	"clickfix"	"status=offline; threat=malware_download"
"2026-03-05T23:21:10Z"	"hxxps://zerrocostygfypj[.]blogspot[.]com/"	"url"	"urlhaus"	"clickfix"	"status=offline; threat=malware_download"
"2026-03-05T23:21:10Z"	"hxxps://bookgetlisting[.]click/"	"url"	"urlhaus"	"clickfix"	"status=offline; threat=malware_download"
"2026-03-05T23:21:10Z"	"hxxps://hcvhdhf[.]com/file[.]exe"	"url"	"urlhaus"	"clickfix"	"status=offline; threat=malware_download"
"2026-03-05T23:21:10Z"	"hxxp://92[.]255[.]85[.]207/tpnl98/fresh[.]html"	"url"	"urlhaus"	"clickfix"	"status=offline; threat=malware_download"
"2026-03-05T23:21:10Z"	"hxxp://45[.]141[.]215[.]22/twitch[.]zip"	"url"	"urlhaus"	"clickfix"	"status=offline; threat=malware_download"
"2026-03-05T23:21:10Z"	"hxxp://45[.]141[.]215[.]22/folder/CVerify[.]bat"	"url"	"urlhaus"	"clickfix"	"status=offline; threat=malware_download"
"2026-03-05T23:21:10Z"	"hxxp://45[.]141[.]215[.]22/folder/run[.]exe"	"url"	"urlhaus"	"clickfix"	"status=offline; threat=malware_download"
"2026-03-05T23:21:10Z"	"hxxps://twitch[.]ist/"	"url"	"urlhaus"	"clickfix"	"status=offline; threat=malware_download"
"2026-03-05T23:21:10Z"	"hxxp://45[.]141[.]215[.]22/twitch/"	"url"	"urlhaus"	"clickfix"	"status=offline; threat=malware_download"
"2026-03-05T23:21:10Z"	"hxxps://booking[.]lostitemshok[.]com/sign-in?op_token=zXj81EgVvYXV0aCKyAQoUNlo3Mm9IT2QzNk5uN3prM3BpcmgSCWF1dGhvcml6ZRoaaHR0cHM6Ly9hZG1pbi5ib29raW5nLmNvbS8qOnsiYXV0aF9hdHRlbXB0X2lkIjoiYjEzZGNlMjQtMGM5OS00YjJlLThiOGUtNjI0NjllN2Y1ZGQ5In0yK1lHOEtPZGcwYXplS1N1OG5VZ25uQ3pSci1MYkt5TXFxaVNWanNsMjV4WnM6BFMyNTZCBGNvZGUqEzCSipujlK4nOgBCAFjd1NXosDI"	"url"	"urlhaus"	"clickfix"	"status=offline; threat=malware_download"
"2026-03-05T23:21:10Z"	"hxxps://booking[.]lostitemshok[.]com"	"url"	"urlhaus"	"clickfix"	"status=offline; threat=malware_download"
"2026-03-05T23:21:10Z"	"hxxps://bkngvrfy[.]click/"	"url"	"urlhaus"	"clickfix"	"status=offline; threat=malware_download"
"2026-03-05T23:21:10Z"	"hxxps://lostitemshok[.]com/"	"url"	"urlhaus"	"clickfix"	"status=offline; threat=malware_download"
"2026-03-05T23:21:10Z"	"hxxps://bkngvrfy[.]click/LUnPAB?s=4"	"url"	"urlhaus"	"clickfix"	"status=offline; threat=malware_download"
"2026-03-05T23:21:10Z"	"hxxp://92[.]255[.]85[.]2/num[.]bat"	"url"	"urlhaus"	"clickfix"	"status=offline; threat=malware_download"
"2026-03-05T23:21:10Z"	"hxxp://92[.]255[.]85[.]2/nums[.]bat"	"url"	"urlhaus"	"clickfix"	"status=offline; threat=malware_download"
"2026-03-05T23:21:10Z"	"hxxps://clcktyv3[.]com/uKxh8q?s=4"	"url"	"urlhaus"	"clickfix"	"status=offline; threat=malware_download"
"2026-03-05T23:21:10Z"	"hxxps://boomingdeals[.]shop/file3[.]bin"	"url"	"urlhaus"	"clickfix"	"status=offline; threat=malware_download"
"2026-03-05T23:21:10Z"	"hxxps://reservalost[.]com/"	"url"	"urlhaus"	"clickfix"	"status=offline; threat=malware_download"
"2026-03-05T23:21:10Z"	"hxxps://booking[.]reservalost[.]com/"	"url"	"urlhaus"	"clickfix"	"status=offline; threat=malware_download"
"2026-03-05T23:21:10Z"	"hxxp://92[.]255[.]85[.]2/rc[.]mp4"	"url"	"urlhaus"	"clickfix"	"status=offline; threat=malware_download"
"2026-03-05T23:21:10Z"	"hxxps://clcktyv3[.]com/"	"url"	"urlhaus"	"clickfix"	"status=offline; threat=malware_download"
"2026-03-05T23:21:10Z"	"hxxps://cpthclks[.]info/ETF22T38YgYRH7"	"url"	"urlhaus"	"clickfix"	"status=offline; threat=malware_download"
"2026-03-05T23:21:10Z"	"hxxp://77[.]223[.]119[.]85/rxm[.]exe"	"url"	"urlhaus"	"clickfix"	"status=offline; threat=malware_download"
"2026-03-05T23:21:10Z"	"hxxp://signin[.]clouddomainservice[.]com/help[.]exe"	"url"	"urlhaus"	"clickfix"	"status=offline; threat=malware_download"
"2026-03-05T23:21:10Z"	"hxxp://signin[.]clouddomainservice[.]com/a[.]txt"	"url"	"urlhaus"	"clickfix"	"status=offline; threat=malware_download"
"2026-03-05T23:21:10Z"	"hxxps://egifts[.]quest/ibla[.]ogg"	"url"	"urlhaus"	"clickfix"	"status=offline; threat=malware_download"
"2026-03-05T23:21:10Z"	"hxxps://your-web-page[.]fly[.]storage[.]tigris[.]dev/loading-for-last-steps[.]html"	"url"	"urlhaus"	"clickfix"	"status=offline; threat=malware_download"
"2026-03-05T23:21:10Z"	"hxxps://r2[.]tugrambling[.]shop/b924a41af76c71b90e0b7f6ccb3ec7ceb6a2e0a7cb87d671[.]dif[.]potm"	"url"	"urlhaus"	"clickfix"	"status=offline; threat=malware_download"
"2026-03-05T23:21:10Z"	"hxxps://cartyard[.]shop/nc2[.]bin"	"url"	"urlhaus"	"clickfix"	"status=offline; threat=malware_download"
"2026-03-05T23:21:10Z"	"hxxps://cdn[.]jsdelivr[.]net/gh/repository-git/q[at]master/cloud[.]turnstile[.]js"	"url"	"urlhaus"	"clickfix"	"status=offline; threat=malware_download"
"2026-03-05T23:21:10Z"	"hxxps://pcnoworlater[.]live/AOJREEKN[.]msi"	"url"	"urlhaus"	"clickfix"	"status=offline; threat=malware_download"
"2026-03-05T23:21:10Z"	"hxxps://cdn[.]jsdelivr[.]net/gh/repository-git/q[at]master/version-verify[.]js"	"url"	"urlhaus"	"clickfix"	"status=offline; threat=malware_download"
"2026-03-05T23:21:10Z"	"hxxps://cdn[.]jsdelivr[.]net/gh/repository-git/q[at]master/license-tos[.]js"	"url"	"urlhaus"	"clickfix"	"status=offline; threat=malware_download"
"2026-03-05T23:21:10Z"	"hxxps://cdn[.]jsdelivr[.]net/gh/repository-git/q[at]master/license[.]js"	"url"	"urlhaus"	"clickfix"	"status=offline; threat=malware_download"
"2026-03-05T23:21:10Z"	"hxxps://cdn[.]jsdelivr[.]net/gh/repository-git/q[at]master/cloud-verif[.]js"	"url"	"urlhaus"	"clickfix"	"status=offline; threat=malware_download"
"2026-03-05T23:21:10Z"	"hxxps://cdn[.]jsdelivr[.]net/gh/repository-git/q[at]master/verif-query[.]js"	"url"	"urlhaus"	"clickfix"	"status=offline; threat=malware_download"
"2026-03-05T23:21:10Z"	"hxxps://werito[.]cyou/XSGYLWGR[.]msi"	"url"	"urlhaus"	"clickfix"	"status=offline; threat=malware_download"
"2026-03-05T23:21:10Z"	"hxxps://cdn[.]jsdelivr[.]net/gh/repository-git/q[at]master/terms[.]js"	"url"	"urlhaus"	"clickfix"	"status=offline; threat=malware_download"
"2026-03-05T23:21:10Z"	"hxxps://cdn[.]jsdelivr[.]net/gh/repository-git/q/verif-sec[.]js"	"url"	"urlhaus"	"clickfix"	"status=offline; threat=malware_download"
"2026-03-05T23:21:10Z"	"hxxp://cpte-x[.]click"	"url"	"urlhaus"	"clickfix"	"status=offline; threat=malware_download"
"2026-03-05T23:21:10Z"	"hxxp://cpte-x[.]click/MYW9LV1SMR616d"	"url"	"urlhaus"	"clickfix"	"status=offline; threat=malware_download"
"2026-03-05T23:21:10Z"	"hxxp://bookviewmain24[.]com/"	"url"	"urlhaus"	"clickfix"	"status=offline; threat=malware_download"
"2026-03-05T23:21:10Z"	"hxxps://tintmanrmx[.]blogspot[.]com/"	"url"	"urlhaus"	"clickfix"	"status=offline; threat=malware_download"
"2026-03-05T23:21:10Z"	"hxxps://gg1[.]cewal[.]fun/700815a50547b01b29cf3a1ca55d7a7e3058e7d911072018[.]html"	"url"	"urlhaus"	"clickfix"	"status=offline; threat=malware_download"
"2026-03-05T23:21:10Z"	"hxxps://breedom[.]shop/fleeonepoint[.]ogg"	"url"	"urlhaus"	"clickfix"	"status=offline; threat=malware_download"
"2026-03-05T23:21:10Z"	"hxxps://objectstorage[.]ap-singapore-2[.]oraclecloud[.]com/n/ax4mqlu25efi/b/zordarruba/o/checking-protect-page-proceed[.]html"	"url"	"urlhaus"	"clickfix"	"status=offline; threat=malware_download"
"2026-03-05T23:21:10Z"	"hxxps://objectstorage[.]ap-seoul-1[.]oraclecloud[.]com/n/id0cu93izlqm/b/halka3/o/dudi[.]ogg"	"url"	"urlhaus"	"clickfix"	"status=offline; threat=malware_download"
"2026-03-05T23:21:10Z"	"hxxps://egiftshop[.]site/flin2[.]bin"	"url"	"urlhaus"	"clickfix"	"status=offline; threat=malware_download"
"2026-03-05T23:21:10Z"	"hxxps://bb2[.]cewal[.]fun/38fb77d6ee2b46f0463c14a4617245bc66c16ed0dfb16560[.]xltm"	"url"	"urlhaus"	"clickfix"	"status=offline; threat=malware_download"
"2026-03-05T23:21:10Z"	"hxxps://pass-through[.]fly[.]storage[.]tigris[.]dev/pass-the-check-v4[.]html"	"url"	"urlhaus"	"clickfix"	"status=offline; threat=malware_download"
"2026-03-05T23:21:10Z"	"hxxps://check[.]dasoc[.]icu/gkcxv[.]google?i=63063473-219f-4f89-93b0-e943e96fc53f"	"url"	"urlhaus"	"clickfix"	"status=offline; threat=malware_download"
"2026-03-05T23:21:10Z"	"hxxps://premium-browsing[.]fly[.]storage[.]tigris[.]dev/verify-to-continue[.]html"	"url"	"urlhaus"	"clickfix"	"status=offline; threat=malware_download"
"2026-03-05T23:21:10Z"	"hxxps://pub-41e53dadf2aa4b0db3c9b1bd08a5a3cb[.]r2[.]dev/idy[.]ogg"	"url"	"urlhaus"	"clickfix"	"status=offline; threat=malware_download"
"2026-03-05T23:21:10Z"	"hxxps://cdn-faster-stream1[.]oss-ap-southeast-1[.]aliyuncs[.]com/octupus[.]ogg"	"url"	"urlhaus"	"clickfix"	"status=offline; threat=malware_download"
"2026-03-05T23:21:10Z"	"hxxps://g3[.]uueui[.]shop/d1196e3e1b76ca8658b7d6b95ee5a559513873ea9cdb7bbf[.]bmp"	"url"	"urlhaus"	"clickfix"	"status=offline; threat=malware_download"
"2026-03-05T23:21:10Z"	"hxxps://zargleflump[.]x10[.]mx/recaptcha-verify"	"url"	"urlhaus"	"clickfix"	"status=offline; threat=malware_download"
"2026-03-05T23:21:10Z"	"hxxp://outlook[.]securedmicrosoft365[.]com/recaptcha-verify"	"url"	"urlhaus"	"clickfix"	"status=offline; threat=malware_download"
"2026-03-05T23:21:10Z"	"hxxp://microsoft[.]securedmicrosoft365[.]com/recaptcha-verify"	"url"	"urlhaus"	"clickfix"	"status=offline; threat=malware_download"
"2026-03-05T23:21:10Z"	"hxxps://demro[.]shop/patchupsong[.]mp3"	"url"	"urlhaus"	"clickfix"	"status=offline; threat=malware_download"
"2026-03-05T23:21:10Z"	"hxxps://bargainsphere[.]shop/file1[.]bin"	"url"	"urlhaus"	"clickfix"	"status=offline; threat=malware_download"
"2026-03-05T23:21:10Z"	"hxxps://axile[.]shop/legovigoply[.]mp3"	"url"	"urlhaus"	"clickfix"	"status=offline; threat=malware_download"
"2026-03-05T23:21:10Z"	"hxxps://objectstorage[.]ap-singapore-2[.]oraclecloud[.]com/n/ax4mqlu25efi/b/zordarruba/o/innovation-ahead-fastloading[.]html"	"url"	"urlhaus"	"clickfix"	"status=offline; threat=malware_download"
"2026-03-05T23:21:10Z"	"hxxp://92[.]255[.]85[.]66/oi[.]exe"	"url"	"urlhaus"	"clickfix"	"status=offline; threat=malware_download"
"2026-03-05T23:21:10Z"	"hxxps://cpthe-srch[.]click/1QW9Q34XZZuVG8"	"url"	"urlhaus"	"clickfix"	"status=offline; threat=malware_download"
"2026-03-05T23:21:10Z"	"hxxps://book-decision-one[.]click/"	"url"	"urlhaus"	"clickfix"	"status=offline; threat=malware_download"
"2026-03-05T23:21:10Z"	"hxxps://cpthe-srch[.]click/"	"url"	"urlhaus"	"clickfix"	"status=offline; threat=malware_download"
"2026-03-05T23:21:10Z"	"hxxps://zetrax[.]shop/firsthookup[.]mp3"	"url"	"urlhaus"	"clickfix"	"status=offline; threat=malware_download"
"2026-03-05T23:21:10Z"	"hxxp://acrtyfmjdxpvnha[.]top/1[.]php?s=527"	"url"	"urlhaus"	"clickfix"	"status=offline; threat=malware_download"
"2026-03-05T23:21:10Z"	"hxxps://cdn-html-files[.]s3[.]pl-waw[.]scw[.]cloud/device-system-health[.]html"	"url"	"urlhaus"	"clickfix"	"status=offline; threat=malware_download"
"2026-03-05T23:21:10Z"	"hxxps://eu-gangbang24[.]cfd/"	"url"	"urlhaus"	"clickfix"	"status=offline; threat=malware_download"
"2026-03-05T23:21:10Z"	"hxxps://cdn-dispatcher-central[.]oss-ap-northeast-2[.]aliyuncs[.]com/AgusAlvarez-markvard-lineup[.]mp3"	"url"	"urlhaus"	"clickfix"	"status=offline; threat=malware_download"
"2026-03-05T23:21:10Z"	"hxxps://cdn-dispatcher-central[.]oss-ap-northeast-2[.]aliyuncs[.]com/Line[.]zip"	"url"	"urlhaus"	"clickfix"	"status=offline; threat=malware_download"
"2026-03-05T23:21:10Z"	"hxxps://ypp-studio[.]com/update[.]txt"	"url"	"urlhaus"	"clickfix"	"status=offline; threat=malware_download"
"2026-03-05T23:21:10Z"	"hxxp://62[.]133[.]60[.]69:7777/confirmm[.]com/Capcha"	"url"	"urlhaus"	"clickfix"	"status=offline; threat=malware_download"
"2026-03-05T23:21:10Z"	"hxxps://cdn[.]jsdelivr[.]net/gh/repository-git/cloud/terms-use[.]js"	"url"	"urlhaus"	"clickfix"	"status=offline; threat=malware_download"
"2026-03-05T23:21:10Z"	"hxxp://account[.]securedmicrosoft365[.]com/recaptcha-verify"	"url"	"urlhaus"	"clickfix"	"status=offline; threat=malware_download"
"2026-03-05T23:21:10Z"	"hxxp://verspace24[.]elementfx[.]com/loader[.]vbs"	"url"	"urlhaus"	"clickfix"	"status=offline; threat=malware_download"
"2026-03-05T23:21:10Z"	"hxxps://gjuestidrewiew[.]com/"	"url"	"urlhaus"	"clickfix"	"status=offline; threat=malware_download"
"2026-03-05T23:21:10Z"	"hxxps://booking[.]gjuestidrewiew[.]com/sign-in?op_token=zXj81EgVvYXV0aCKyAQoUNlo3Mm9IT2QzNk5uN3prM3BpcmgSCWF1dGhvcml6ZRoaaHR0cHM6Ly9hZG1pbi5ib29raW5nLmNvbS8qOnsiYXV0aF9hdHRlbXB0X2lkIjoiYjEzZGNlMjQtMGM5OS00YjJlLThiOGUtNjI0NjllN2Y1ZGQ5In0yK1lHOEtPZGcwYXplS1N1OG5VZ25uQ3pSci1MYkt5TXFxaVNWanNsMjV4WnM6BFMyNTZCBGNvZGUqEzCSipujlK4nOgBCAFjd1NXosDI"	"url"	"urlhaus"	"clickfix"	"status=offline; threat=malware_download"
"2026-03-05T23:21:10Z"	"hxxps://booking[.]gjuestidrewiew[.]com/"	"url"	"urlhaus"	"clickfix"	"status=offline; threat=malware_download"
"2026-03-05T23:21:10Z"	"hxxp://92[.]255[.]85[.]2/k[.]exe"	"url"	"urlhaus"	"clickfix"	"status=offline; threat=malware_download"
"2026-03-05T23:21:10Z"	"hxxp://92[.]255[.]85[.]2/Fox[.]exe"	"url"	"urlhaus"	"clickfix"	"status=offline; threat=malware_download"
"2026-03-05T23:21:10Z"	"hxxps://cardrive356days[.]cyou/nacZ5OSWNniSaHPz[.]html"	"url"	"urlhaus"	"clickfix"	"status=offline; threat=malware_download"
"2026-03-05T23:21:10Z"	"hxxp://92[.]255[.]85[.]2/cmd[.]bat"	"url"	"urlhaus"	"clickfix"	"status=offline; threat=malware_download"
"2026-03-05T23:21:10Z"	"hxxps://cardrive356days[.]cyou/"	"url"	"urlhaus"	"clickfix"	"status=offline; threat=malware_download"
"2026-03-05T23:21:10Z"	"hxxps://h3[.]yyoiy[.]shop/087296f1dee69c2624b2eddca0f347c520eb5afc96080203[.]vstm"	"url"	"urlhaus"	"clickfix"	"status=offline; threat=malware_download"
"2026-03-05T23:21:10Z"	"hxxps://i[.]yeaio[.]shop/a55fee51fe469b7ed4f23ef3753b380fb548d65f40306962[.]pptm"	"url"	"urlhaus"	"clickfix"	"status=offline; threat=malware_download"
"2026-03-05T23:21:10Z"	"hxxps://github[.]com/abunaj3/abjjd/releases/download/2/2[.]mp3"	"url"	"urlhaus"	"clickfix"	"status=offline; threat=malware_download"
"2026-03-05T23:21:10Z"	"hxxps://hxptlqrz[.]store/forgot[.]mp3"	"url"	"urlhaus"	"clickfix"	"status=offline; threat=malware_download"
"2026-03-05T23:21:10Z"	"hxxps://h2[.]yyoiy[.]shop/7fbe5fb3ba958a77f17d1d400555809e71d86fe8999830c1[.]wpd"	"url"	"urlhaus"	"clickfix"	"status=offline; threat=malware_download"
"2026-03-05T23:21:10Z"	"hxxps://bossmart[.]shop/file2[.]bin"	"url"	"urlhaus"	"clickfix"	"status=offline; threat=malware_download"
"2026-03-05T23:21:10Z"	"hxxp://92[.]255[.]85[.]2/pixel[.]exe"	"url"	"urlhaus"	"clickfix"	"status=offline; threat=malware_download"
"2026-03-05T23:21:10Z"	"hxxps://booking[.]partlet-id739847[.]com"	"url"	"urlhaus"	"clickfix"	"status=offline; threat=malware_download"
"2026-03-05T23:21:10Z"	"hxxps://default-web-security[.]fly[.]storage[.]tigris[.]dev/pass-this-security-check[.]html?X-Amz-Algorithm=AWS4-HMAC-SHA256&X-Amz-Credential=tid_owfoTAR_BvLlqAUqxYDAGAIrNaXTLHNPOfPUfoExVRdeGfSSjU%2F20250322%2Fauto%2Fs3%2Faws4_request&X-Amz-Date=20250322T122115Z&X-Amz-Expires=518400&X-Amz-SignedHeaders=host&X-Amz-Signature=c6604863941a9754d294ca78766e9cc92ff578ad4a1e9b26a92c01cfab7a8e8f"	"url"	"urlhaus"	"clickfix"	"status=offline; threat=malware_download"
"2026-03-05T23:21:10Z"	"hxxps://booking[.]rewiesgueste[.]com/"	"url"	"urlhaus"	"clickfix"	"status=offline; threat=malware_download"
"2026-03-05T23:21:10Z"	"hxxps://booking[.]itemsidguest[.]com/sign-in?op_token=zXj81EgVvYXV0aCKyAQoUNlo3Mm9IT2QzNk5uN3prM3BpcmgSCWF1dGhvcml6ZRoaaHR0cHM6Ly9hZG1pbi5ib29raW5nLmNvbS8qOnsiYXV0aF9hdHRlbXB0X2lkIjoiYjEzZGNlMjQtMGM5OS00YjJlLThiOGUtNjI0NjllN2Y1ZGQ5In0yK1lHOEtPZGcwYXplS1N1OG5VZ25uQ3pSci1MYkt5TXFxaVNWanNsMjV4WnM6BFMyNTZCBGNvZGUqEzCSipujlK4nOgBCAFjd1NXosDI"	"url"	"urlhaus"	"clickfix"	"status=offline; threat=malware_download"
"2026-03-05T23:21:10Z"	"hxxps://smarthomecookingtools[.]com/road/222[.]html"	"url"	"urlhaus"	"clickfix"	"status=offline; threat=malware_download"
"2026-03-05T23:21:10Z"	"hxxps://meet-join[.]us/xbe/xz[.]vue"	"url"	"urlhaus"	"clickfix"	"status=offline; threat=malware_download"
"2026-03-05T23:21:10Z"	"hxxps://meet-join[.]us/xbe/xbe[.]vue"	"url"	"urlhaus"	"clickfix"	"status=offline; threat=malware_download"
"2026-03-05T23:21:10Z"	"hxxps://meet-join[.]us/xbe/x7[.]vue"	"url"	"urlhaus"	"clickfix"	"status=offline; threat=malware_download"
"2026-03-05T23:21:10Z"	"hxxps://saftyplace[.]com/32wq2q[.]txt"	"url"	"urlhaus"	"clickfix"	"status=offline; threat=malware_download"
"2026-03-05T23:21:10Z"	"hxxps://courtyardhealthcare[.]com/AAV/compited[.]txt"	"url"	"urlhaus"	"clickfix"	"status=offline; threat=malware_download"
"2026-03-05T23:21:10Z"	"hxxp://62[.]60[.]234[.]160:7777/confirmf[.]com/Captcha1"	"url"	"urlhaus"	"clickfix"	"status=offline; threat=malware_download"
"2026-03-05T23:21:10Z"	"hxxp://google[.]meet-join[.]us/"	"url"	"urlhaus"	"clickfix"	"status=offline; threat=malware_download"
"2026-03-05T23:21:10Z"	"hxxps://google[.]meet-join[.]us/update[.]php"	"url"	"urlhaus"	"clickfix"	"status=offline; threat=malware_download"
"2026-03-05T23:21:10Z"	"hxxps://chvk-redan999[.]com/"	"url"	"urlhaus"	"clickfix"	"status=offline; threat=malware_download"
"2026-03-05T23:21:10Z"	"hxxps://chvk-redan999[.]com/LGfj37BIGYP9jMtc[.]html"	"url"	"urlhaus"	"clickfix"	"status=offline; threat=malware_download"
"2026-03-05T23:21:10Z"	"hxxps://rewiesgueste[.]com/"	"url"	"urlhaus"	"clickfix"	"status=offline; threat=malware_download"
"2026-03-05T23:21:10Z"	"hxxps://booking[.]rewiesgueste[.]com/sign-in?op_token=zXj81EgVvYXV0aCKyAQoUNlo3Mm9IT2QzNk5uN3prM3BpcmgSCWF1dGhvcml6ZRoaaHR0cHM6Ly9hZG1pbi5ib29raW5nLmNvbS8qOnsiYXV0aF9hdHRlbXB0X2lkIjoiYjEzZGNlMjQtMGM5OS00YjJlLThiOGUtNjI0NjllN2Y1ZGQ5In0yK1lHOEtPZGcwYXplS1N1OG5VZ25uQ3pSci1MYkt5TXFxaVNWanNsMjV4WnM6BFMyNTZCBGNvZGUqEzCSipujlK4nOgBCAFjd1NXosDI"	"url"	"urlhaus"	"clickfix"	"status=offline; threat=malware_download"
"2026-03-05T23:21:10Z"	"hxxps://parner-id-1004991[.]com"	"url"	"urlhaus"	"clickfix"	"status=offline; threat=malware_download"
"2026-03-05T23:21:10Z"	"hxxps://9mice-viperr[.]com/"	"url"	"urlhaus"	"clickfix"	"status=offline; threat=malware_download"
"2026-03-05T23:21:10Z"	"hxxps://9mice-viperr[.]com/MyirtpKsBwyYufPi[.]html"	"url"	"urlhaus"	"clickfix"	"status=offline; threat=malware_download"
"2026-03-05T23:21:10Z"	"hxxps://booking[.]itemguestsid[.]com/sign-in?op_token=zXj81EgVvYXV0aCKyAQoUNlo3Mm9IT2QzNk5uN3prM3BpcmgSCWF1dGhvcml6ZRoaaHR0cHM6Ly9hZG1pbi5ib29raW5nLmNvbS8qOnsiYXV0aF9hdHRlbXB0X2lkIjoiYjEzZGNlMjQtMGM5OS00YjJlLThiOGUtNjI0NjllN2Y1ZGQ5In0yK1lHOEtPZGcwYXplS1N1OG5VZ25uQ3pSci1MYkt5TXFxaVNWanNsMjV4WnM6BFMyNTZCBGNvZGUqEzCSipujlK4nOgBCAFjd1NXosDI"	"url"	"urlhaus"	"clickfix"	"status=offline; threat=malware_download"
"2026-03-05T23:21:10Z"	"hxxps://booking[.]itemguestsid[.]com"	"url"	"urlhaus"	"clickfix"	"status=offline; threat=malware_download"
"2026-03-05T23:21:10Z"	"hxxps://itemguestsid[.]com"	"url"	"urlhaus"	"clickfix"	"status=offline; threat=malware_download"
"2026-03-05T23:21:10Z"	"hxxps://booking[.]guestidreviews[.]com"	"url"	"urlhaus"	"clickfix"	"status=offline; threat=malware_download"
"2026-03-05T23:21:10Z"	"hxxps://checkit-v3[.]com/eqheU0cnCxUzK0yC[.]html"	"url"	"urlhaus"	"clickfix"	"status=offline; threat=malware_download"
"2026-03-05T23:21:10Z"	"hxxps://checkit-v3[.]com/"	"url"	"urlhaus"	"clickfix"	"status=offline; threat=malware_download"
"2026-03-05T23:21:10Z"	"hxxps://booking[.]guestidreviews[.]com/sign-in?op_token=zXj81EgVvYXV0aCKyAQoUNlo3Mm9IT2QzNk5uN3prM3BpcmgSCWF1dGhvcml6ZRoaaHR0cHM6Ly9hZG1pbi5ib29raW5nLmNvbS8qOnsiYXV0aF9hdHRlbXB0X2lkIjoiYjEzZGNlMjQtMGM5OS00YjJlLThiOGUtNjI0NjllN2Y1ZGQ5In0yK1lHOEtPZGcwYXplS1N1OG5VZ25uQ3pSci1MYkt5TXFxaVNWanNsMjV4WnM6BFMyNTZCBGNvZGUqEzCSipujlK4nOgBCAFjd1NXosDI"	"url"	"urlhaus"	"clickfix"	"status=offline; threat=malware_download"
"2026-03-05T23:21:10Z"	"hxxps://guestidreviews[.]com/sign-in?op_token=zXj81EgVvYXV0aCKyAQoUNlo3Mm9IT2QzNk5uN3prM3BpcmgSCWF1dGhvcml6ZRoaaHR0cHM6Ly9hZG1pbi5ib29raW5nLmNvbS8qOnsiYXV0aF9hdHRlbXB0X2lkIjoiYjEzZGNlMjQtMGM5OS00YjJlLThiOGUtNjI0NjllN2Y1ZGQ5In0yK1lHOEtPZGcwYXplS1N1OG5VZ25uQ3pSci1MYkt5TXFxaVNWanNsMjV4WnM6BFMyNTZCBGNvZGUqEzCSipujlK4nOgBCAFjd1NXosDI"	"url"	"urlhaus"	"clickfix"	"status=offline; threat=malware_download"
"2026-03-05T23:21:10Z"	"hxxps://guestidreviews[.]com/"	"url"	"urlhaus"	"clickfix"	"status=offline; threat=malware_download"
"2026-03-05T23:21:10Z"	"hxxps://kernel-alt-v3[.]com/l7jwabt71RY0GU4z[.]html"	"url"	"urlhaus"	"clickfix"	"status=offline; threat=malware_download"
"2026-03-05T23:21:10Z"	"hxxp://79[.]133[.]46[.]59/Rabbit/41TkbQsK[.]txt"	"url"	"urlhaus"	"clickfix"	"status=offline; threat=malware_download"
"2026-03-05T23:21:10Z"	"hxxps://kernel-alt-v3[.]com/nxrjHphn5lCldCRr[.]html"	"url"	"urlhaus"	"clickfix"	"status=offline; threat=malware_download"
"2026-03-05T23:21:10Z"	"hxxps://kernel-alt-v3[.]com/"	"url"	"urlhaus"	"clickfix"	"status=offline; threat=malware_download"
"2026-03-05T23:21:10Z"	"hxxps://booking[.]itemsidguest[.]com/"	"url"	"urlhaus"	"clickfix"	"status=offline; threat=malware_download"
"2026-03-05T23:21:10Z"	"hxxps://booking[.]partner-04240144[.]com"	"url"	"urlhaus"	"clickfix"	"status=offline; threat=malware_download"
"2026-03-05T23:21:10Z"	"hxxps://itemsidguest[.]com/"	"url"	"urlhaus"	"clickfix"	"status=offline; threat=malware_download"
"2026-03-05T23:21:10Z"	"hxxps://partner-04245154[.]com"	"url"	"urlhaus"	"clickfix"	"status=offline; threat=malware_download"
"2026-03-05T23:21:10Z"	"hxxps://partner-420140[.]com"	"url"	"urlhaus"	"clickfix"	"status=offline; threat=malware_download"
"2026-03-05T23:21:10Z"	"hxxps://braindemics[.]org/gacor1945/chosyudstn[.]txt"	"url"	"urlhaus"	"clickfix"	"status=offline; threat=malware_download"
"2026-03-05T23:21:10Z"	"hxxps://partner-0424014[.]com"	"url"	"urlhaus"	"clickfix"	"status=offline; threat=malware_download"
"2026-03-05T23:21:10Z"	"hxxps://partner-424504[.]com"	"url"	"urlhaus"	"clickfix"	"status=offline; threat=malware_download"
"2026-03-05T23:21:10Z"	"hxxps://partner-442104[.]com"	"url"	"urlhaus"	"clickfix"	"status=offline; threat=malware_download"
"2026-03-05T23:21:10Z"	"hxxps://partner-04240124[.]com"	"url"	"urlhaus"	"clickfix"	"status=offline; threat=malware_download"
"2026-03-05T23:21:10Z"	"hxxps://partner-40215[.]com"	"url"	"urlhaus"	"clickfix"	"status=offline; threat=malware_download"
"2026-03-05T23:21:10Z"	"hxxps://booking-human-id90024054[.]com"	"url"	"urlhaus"	"clickfix"	"status=offline; threat=malware_download"
"2026-03-05T23:21:10Z"	"hxxps://booking-caphuman-089096111[.]com"	"url"	"urlhaus"	"clickfix"	"status=offline; threat=malware_download"
"2026-03-05T23:21:10Z"	"hxxps://uplstack-protect[.]netlify[.]app/"	"url"	"urlhaus"	"clickfix"	"status=offline; threat=malware_download"
"2026-03-05T23:21:10Z"	"hxxps://partner-04240144[.]com"	"url"	"urlhaus"	"clickfix"	"status=offline; threat=malware_download"
"2026-03-05T23:21:10Z"	"hxxps://partner-40241[.]com"	"url"	"urlhaus"	"clickfix"	"status=offline; threat=malware_download"
"2026-03-05T23:21:10Z"	"hxxps://pub-8cc19ee7f6db401b873bdd6baa90c5c2[.]r2[.]dev/2[.]mp3"	"url"	"urlhaus"	"clickfix"	"status=offline; threat=malware_download"
"2026-03-05T23:21:10Z"	"hxxps://parner-id-104951451[.]com"	"url"	"urlhaus"	"clickfix"	"status=offline; threat=malware_download"
"2026-03-05T23:21:10Z"	"hxxps://partner-402415[.]com"	"url"	"urlhaus"	"clickfix"	"status=offline; threat=malware_download"
"2026-03-05T23:21:10Z"	"hxxps://partner-04240154[.]com"	"url"	"urlhaus"	"clickfix"	"status=offline; threat=malware_download"
"2026-03-05T23:21:10Z"	"hxxps://partner-624024[.]com"	"url"	"urlhaus"	"clickfix"	"status=offline; threat=malware_download"
"2026-03-05T23:21:10Z"	"hxxps://februaryconfr-21563[.]com"	"url"	"urlhaus"	"clickfix"	"status=offline; threat=malware_download"
"2026-03-05T23:21:10Z"	"hxxps://booking-march45683[.]com"	"url"	"urlhaus"	"clickfix"	"status=offline; threat=malware_download"
"2026-03-05T23:21:10Z"	"hxxps://partner-0424214[.]com"	"url"	"urlhaus"	"clickfix"	"status=offline; threat=malware_download"
"2026-03-05T23:21:10Z"	"hxxps://iran-bitumen[.]com/wp-imported/typed[.]txt"	"url"	"urlhaus"	"clickfix"	"status=offline; threat=malware_download"
"2026-03-05T23:21:10Z"	"hxxps://partner-id891489[.]com"	"url"	"urlhaus"	"clickfix"	"status=offline; threat=malware_download"
"2026-03-05T23:21:10Z"	"hxxps://parner-id-12345501[.]com"	"url"	"urlhaus"	"clickfix"	"status=offline; threat=malware_download"
"2026-03-05T23:21:10Z"	"hxxps://partner-40415[.]com"	"url"	"urlhaus"	"clickfix"	"status=offline; threat=malware_download"
"2026-03-05T23:21:10Z"	"hxxps://partner-42415[.]com"	"url"	"urlhaus"	"clickfix"	"status=offline; threat=malware_download"
"2026-03-05T23:21:10Z"	"hxxp://89[.]23[.]107[.]240:7777/confirmm2[.]com/Capcha"	"url"	"urlhaus"	"clickfix"	"status=offline; threat=malware_download"
"2026-03-05T23:21:10Z"	"hxxps://bookingmarch-en-lang[.]com"	"url"	"urlhaus"	"clickfix"	"status=offline; threat=malware_download"
"2026-03-05T23:21:10Z"	"hxxps://parner-id-1381834[.]com"	"url"	"urlhaus"	"clickfix"	"status=offline; threat=malware_download"
"2026-03-05T23:21:10Z"	"hxxps://booking-march-lang-en515[.]com"	"url"	"urlhaus"	"clickfix"	"status=offline; threat=malware_download"
"2026-03-05T23:21:10Z"	"hxxps://etrendtwist[.]com/checks/hotelsmanagementlaunchersx32bitservice[.]zip"	"url"	"urlhaus"	"clickfix"	"status=offline; threat=malware_download"
"2026-03-05T23:21:10Z"	"hxxps://booking-recapturemarch-95038239[.]com/"	"url"	"urlhaus"	"clickfix"	"status=offline; threat=malware_download"
"2026-03-05T23:21:10Z"	"hxxps://etrendtwist[.]com/checks/humanchallengecaptha[.]txt"	"url"	"urlhaus"	"clickfix"	"status=offline; threat=malware_download"
"2026-03-05T23:21:10Z"	"hxxps://tomahawkgear[.]com/Q3lw855Z0J3ZN2or2wio8yJQ9PNOSZICDTF"	"url"	"urlhaus"	"clickfix"	"status=offline; threat=malware_download"
"2026-03-05T23:21:10Z"	"hxxps://alt-check-v3[.]com"	"url"	"urlhaus"	"clickfix"	"status=offline; threat=malware_download"
"2026-03-05T23:21:10Z"	"hxxps://boxiesreservguste[.]com"	"url"	"urlhaus"	"clickfix"	"status=offline; threat=malware_download"
"2026-03-05T23:21:10Z"	"hxxps://alt-check-v3[.]com/j8oGN6XCdTtHqFVq[.]html"	"url"	"urlhaus"	"clickfix"	"status=offline; threat=malware_download"
"2026-03-05T23:21:10Z"	"hxxps://conrolcoun[.]com/G7EXI0JAa2rgWs[.]html/"	"url"	"urlhaus"	"clickfix"	"status=offline; threat=malware_download"
"2026-03-05T23:21:10Z"	"hxxps://old[.]ivanoviplus[.]com/redirect[.]php?redirect=hxxps://boxiesreservguste[.]com"	"url"	"urlhaus"	"clickfix"	"status=offline; threat=malware_download"
"2026-03-05T23:21:10Z"	"hxxps://alt-check-v3[.]com/gamTCuxm3euyWmAL[.]html"	"url"	"urlhaus"	"clickfix"	"status=offline; threat=malware_download"
"2026-03-05T23:21:10Z"	"hxxp://92[.]255[.]85[.]2/a[.]mp4"	"url"	"urlhaus"	"clickfix"	"status=offline; threat=malware_download"
"2026-03-05T23:21:10Z"	"hxxp://92[.]255[.]85[.]2/pq[.]exe"	"url"	"urlhaus"	"clickfix"	"status=offline; threat=malware_download"
"2026-03-05T23:21:10Z"	"hxxps://chanelforminfo[.]com/P0YSLZIAupHy92/"	"url"	"urlhaus"	"clickfix"	"status=offline; threat=malware_download"
"2026-03-05T23:21:10Z"	"hxxps://caphumaupp[.]info/KE421089rHlzKt"	"url"	"urlhaus"	"clickfix"	"status=offline; threat=malware_download"
"2026-03-05T23:21:10Z"	"hxxps://chanelforminfo[.]com/OHUC5026zywMym"	"url"	"urlhaus"	"clickfix"	"status=offline; threat=malware_download"
"2026-03-05T23:21:10Z"	"hxxp://chanelforminfo[.]com/P0YSLZIAupHy92"	"url"	"urlhaus"	"clickfix"	"status=offline; threat=malware_download"
"2026-03-05T23:21:10Z"	"hxxps://caphumaupp[.]info/HAGDY7AIvDRBex/"	"url"	"urlhaus"	"clickfix"	"status=offline; threat=malware_download"
"2026-03-05T23:21:10Z"	"hxxps://capturjoint[.]info/LZFRROUF1806oc"	"url"	"urlhaus"	"clickfix"	"status=offline; threat=malware_download"
"2026-03-05T23:21:10Z"	"hxxps://clicktherein[.]info/9J4X04JLImFzQi"	"url"	"urlhaus"	"clickfix"	"status=offline; threat=malware_download"
"2026-03-05T23:21:10Z"	"hxxps://clicktherein[.]info/PQJICZJZFOn3zE"	"url"	"urlhaus"	"clickfix"	"status=offline; threat=malware_download"
"2026-03-05T23:21:10Z"	"hxxps://partnerhumcli[.]world/QLIL95VN9sFzzJ/"	"url"	"urlhaus"	"clickfix"	"status=offline; threat=malware_download"
"2026-03-05T23:21:10Z"	"hxxps://chanelforminfo[.]com/P0YSLZIAupHy92"	"url"	"urlhaus"	"clickfix"	"status=offline; threat=malware_download"
"2026-03-05T23:21:10Z"	"hxxps://chanelforminfo[.]com/IEGSWQF6eWeEsW"	"url"	"urlhaus"	"clickfix"	"status=offline; threat=malware_download"
"2026-03-05T23:21:10Z"	"hxxps://capthumam[.]com/DPDPAD1LuSRss0/"	"url"	"urlhaus"	"clickfix"	"status=offline; threat=malware_download"
"2026-03-05T23:21:10Z"	"hxxps://comingparher[.]com/1FRE20DE4yHAc4"	"url"	"urlhaus"	"clickfix"	"status=offline; threat=malware_download"
"2026-03-05T23:21:10Z"	"hxxp://caphumaupp[.]info/HAGDY7AIvDRBex"	"url"	"urlhaus"	"clickfix"	"status=offline; threat=malware_download"
"2026-03-05T23:21:10Z"	"hxxps://pagesbolk[.]com/IN5LRDG83ERVRy[.]html/"	"url"	"urlhaus"	"clickfix"	"status=offline; threat=malware_download"
"2026-03-05T23:21:10Z"	"hxxps://conrolcoun[.]com/4HE21PZJQBMY5E[.]html/"	"url"	"urlhaus"	"clickfix"	"status=offline; threat=malware_download"
"2026-03-05T23:21:10Z"	"hxxp://92[.]255[.]85[.]2/b[.]mp4"	"url"	"urlhaus"	"clickfix"	"status=offline; threat=malware_download"
"2026-03-05T23:21:10Z"	"hxxps://pagesbolk[.]com/IN5LRDG83ERVRy[.]html"	"url"	"urlhaus"	"clickfix"	"status=offline; threat=malware_download"
"2026-03-05T23:21:10Z"	"hxxps://caphumaupp[.]info/CYL0WDETk9IZCo"	"url"	"urlhaus"	"clickfix"	"status=offline; threat=malware_download"
"2026-03-05T23:21:10Z"	"hxxps://comingparher[.]com/B6ON0M97N80yeu[.]html"	"url"	"urlhaus"	"clickfix"	"status=offline; threat=malware_download"
"2026-03-05T23:21:10Z"	"hxxps://himancapt[.]info/KXUNPTO9tV8XvJ"	"url"	"urlhaus"	"clickfix"	"status=offline; threat=malware_download"
"2026-03-05T23:21:10Z"	"hxxps://centrejoin[.]info/AGOHKFQMTSydt6"	"url"	"urlhaus"	"clickfix"	"status=offline; threat=malware_download"
"2026-03-05T23:21:10Z"	"hxxps://centrejoin[.]info/OU0FP5ZL0RMImi"	"url"	"urlhaus"	"clickfix"	"status=offline; threat=malware_download"
"2026-03-05T23:21:10Z"	"hxxps://chanegruop[.]com/1WX73LJ9EQXuiG[.]html"	"url"	"urlhaus"	"clickfix"	"status=offline; threat=malware_download"
"2026-03-05T23:21:10Z"	"hxxps://capthumam[.]com/DPDPAD1LuSRss0"	"url"	"urlhaus"	"clickfix"	"status=offline; threat=malware_download"
"2026-03-05T23:21:10Z"	"hxxp://capthumam[.]com/DPDPAD1LuSRss0"	"url"	"urlhaus"	"clickfix"	"status=offline; threat=malware_download"
"2026-03-05T23:21:10Z"	"hxxps://conrolcoun[.]com/67ZAIU7Y3UdISM[.]html"	"url"	"urlhaus"	"clickfix"	"status=offline; threat=malware_download"
"2026-03-05T23:21:10Z"	"hxxps://conrolcoun[.]com/G7EXI0JAa2rgWs[.]html"	"url"	"urlhaus"	"clickfix"	"status=offline; threat=malware_download"
"2026-03-05T23:21:10Z"	"hxxp://pagesbolk[.]com/IN5LRDG83ERVRy[.]html"	"url"	"urlhaus"	"clickfix"	"status=offline; threat=malware_download"
"2026-03-05T23:21:10Z"	"hxxps://caphumaupp[.]info/HAGDY7AIvDRBex"	"url"	"urlhaus"	"clickfix"	"status=offline; threat=malware_download"
"2026-03-05T23:21:10Z"	"hxxp://conrolcoun[.]com/4HE21PZJQBMY5E[.]html"	"url"	"urlhaus"	"clickfix"	"status=offline; threat=malware_download"
"2026-03-05T23:21:10Z"	"hxxps://caphumaupp[.]info/G6WZBKJMVuaqWH"	"url"	"urlhaus"	"clickfix"	"status=offline; threat=malware_download"
"2026-03-05T23:21:10Z"	"hxxp://conrolcoun[.]com/G7EXI0JAa2rgWs[.]html"	"url"	"urlhaus"	"clickfix"	"status=offline; threat=malware_download"
"2026-03-05T23:21:10Z"	"hxxps://conrolcoun[.]com/4HE21PZJQBMY5E[.]html"	"url"	"urlhaus"	"clickfix"	"status=offline; threat=malware_download"
"2026-03-05T23:21:10Z"	"hxxps://flowersmayer[.]click/lux/santare"	"url"	"urlhaus"	"clickfix"	"status=offline; threat=malware_download"
"2026-03-05T23:21:10Z"	"hxxps://megabrountake[.]click/lux/santare"	"url"	"urlhaus"	"clickfix"	"status=offline; threat=malware_download"
"2026-03-05T23:21:10Z"	"hxxps://braindemics[.]org/gacor1945/12ss323fcw8gsd4bvd[.]exe"	"url"	"urlhaus"	"clickfix"	"status=offline; threat=malware_download"
"2026-03-05T23:21:10Z"	"hxxps://booking-sup-march4154[.]com/"	"url"	"urlhaus"	"clickfix"	"status=offline; threat=malware_download"
"2026-03-05T23:21:10Z"	"hxxps://greenindustry[.]pl/Guarda-Setup-1[.]0[.]20[.]exe"	"url"	"urlhaus"	"clickfix"	"status=offline; threat=malware_download"
"2026-03-05T23:21:10Z"	"hxxps://reportguestt4895[.]world/"	"url"	"urlhaus"	"clickfix"	"status=offline; threat=malware_download"
"2026-03-05T23:21:10Z"	"hxxps://greenindustry[.]pl"	"url"	"urlhaus"	"clickfix"	"status=offline; threat=malware_download"
"2026-03-05T23:21:10Z"	"hxxps://greenindustry[.]pl/p7[.]php"	"url"	"urlhaus"	"clickfix"	"status=offline; threat=malware_download"
"2026-03-05T23:21:10Z"	"hxxps://braindemics[.]org/gacor1945/ykshuami[.]txt"	"url"	"urlhaus"	"clickfix"	"status=offline; threat=malware_download"
"2026-03-05T23:21:10Z"	"hxxps://84[.]200[.]24[.]181/Glitch/h2KfChTs[.]txt"	"url"	"urlhaus"	"clickfix"	"status=offline; threat=malware_download"
"2026-03-05T23:21:10Z"	"hxxps://booking[.]guests-reservid[.]com/"	"url"	"urlhaus"	"clickfix"	"status=offline; threat=malware_download"
"2026-03-05T23:21:10Z"	"hxxps://guests-reservid[.]com/"	"url"	"urlhaus"	"clickfix"	"status=offline; threat=malware_download"
"2026-03-05T10:21:12Z"	"85121674bef601cb9d8fc254312fa841b9c46f5f622595ec6210482732886413"	"sha256"	"malwarebazaar"	"ClickFix,Efimer,clickfix,exe"	"signature=Efimer; imphash=c5e49de42b1165b00bd79240b8cd617d; tlsh=T12ED6331849C9F1AED36280347FE389F4F4B8B8A011398C7FB6A4E7745D2B970566C593"
"2026-03-04T12:45:56Z"	"cae1cf84ee06bb36ff0c4c7362dfa9a30be0a353b231f4c44e6830f601b51e03"	"sha256"	"malwarebazaar"	"ClickFix,FakeCaptcha,booking,clickfix,exe,hailmeinc-com"	"signature=exe; imphash=d387bb507c476c4a2aa9dc4c0f17cb86; tlsh=T19F968C09A3944A55CA66D938CB27E333C771BC559633C24F16EFD30AEE7B7408B29A11"
"2026-03-04T12:44:55Z"	"299efaff343ebb25f31484af37f32fe288686519b3485531de04a4980c39aec8"	"sha256"	"malwarebazaar"	"ClickFix,FakeCaptcha,booking,clickfix,hailmeinc-com,zip"	"signature=zip; imphash=None; tlsh=T18C86332BF8B91DA1A47AD07FC5F22AD187D5220AD00380B9A2D079D577F278D4CC969F"
"2026-03-03T20:13:03Z"	"94a4f72b23e4472a836b1bf2f6b092687cd12ac03c41c5276a0333d9ebd8ff75"	"sha256"	"malwarebazaar"	"ClickFix,FakeCaptcha,booking,clickfix,hailmeinc-com,html"	"signature=html; imphash=None; tlsh=T1B892B7166AB300226957C0BC67A79746333180079645CE2A3FEC5294DF8AEE5ADF37DC"
"2026-03-03T20:10:42Z"	"26f7c34675ba7a4e68a8fedf7b1ec903ff55b07ac0344d8ba8c689510a965bfd"	"sha256"	"malwarebazaar"	"ClickFix,FakeCaptcha,booking,clickfix,exe,hailmeinc-com"	"signature=exe; imphash=0b343470fd96a4060bc286b2942cafd6; tlsh=T13466AD18A3C85594D176DA78CF15E233CB72BCA31666829F4AEFD6160FB7B100F2E905"
"2026-03-03T20:10:10Z"	"cd72b847a00b79697cf21844243e8ddf58994b4104501f62fbbffdd812f50777"	"sha256"	"malwarebazaar"	"ClickFix,FakeCaptcha,booking,clickfix,hailmeinc-com,ps1"	"signature=ps1; imphash=None; tlsh=TNULL"
"2026-03-03T20:09:26Z"	"6f4273c7f5d3c19365f05e95399140916d83e1d300b9ae652e93a3e6a043b509"	"sha256"	"malwarebazaar"	"ClickFix,FakeCaptcha,booking,clickfix,hailmeinc-com,zip"	"signature=zip; imphash=None; tlsh=T112863335F0A909D2F47BDC7EE2F32945C3D7120DE897D47A8180B9C876E538909D8A9B"
"2026-03-02T18:37:19Z"	"2414141dd238daf74d27e7c3395bf35e506071d1dd948d0a5553123dd4f10a05"	"sha256"	"malwarebazaar"	"ClickFix,Efimer,clickfix,exe"	"signature=Efimer; imphash=c5e49de42b1165b00bd79240b8cd617d; tlsh=T188C63318D0E3A1EDCA77D270BFE11BF4A4A578785375C92BA794C3B16803960EB39463"
"2026-03-02T13:12:59Z"	"7bf8f264be5e11ef7c646a52c99758f3248f204856111843d3a7e73ead658126"	"sha256"	"malwarebazaar"	"ClickFix,FakeCaptcha,accounts-help-center-com,clickfix,ps1"	"signature=ps1; imphash=None; tlsh=T1BEF095A9C777EC9141893C7C5915264EB3B9991241508D51F4201DF59804B5DED2D378"
"2026-03-02T12:58:25Z"	"224a12837198b357465a7b2763fc050835a06df84bb7bfd0dcf49358a0283841"	"sha256"	"malwarebazaar"	"ClickFix,FakeCaptcha,accounts-help-center-com,clickfix,htm"	"signature=htm; imphash=None; tlsh=T12A64813D6702D48DAD731F3BFCA41B21A269EE93DDCB76C414AE40862BF09BE3114695"
"2026-03-02T12:56:37Z"	"aa74de7b5580c27f52467d75dddd567ee3a65dfbff474f2766af08f842370eae"	"sha256"	"malwarebazaar"	"ClickFix,FakeCaptcha,accounts-help-center-com,clickfix,ps1"	"signature=ps1; imphash=None; tlsh=T13BD02B74EFCF75CEA961347D705515C4D2349E51E0544B12F460187ED064C2DE91D47C"
"2026-03-02T07:29:23Z"	"09c2e4c571e941fae4a97f717dd4ce6022038b8ebc3ffddbd79be0bb697efeb9"	"sha256"	"malwarebazaar"	"77-238-228-60,ACRStealer,ClickFix,FakeCaptcha,clickfix,dll"	"signature=ACRStealer; imphash=d9fa9ad22ab5bfba6ce0430c19165b7a; tlsh=T1B6A69D31B100A2E8C0FD90B5AB6F89ABDB727C14472191D321D5BA894F736D29EBF345"
"2026-03-01T14:09:44Z"	"5775367d227515a556a10cb29fe0272509911b26699f3c59681cae9bc3886d03"	"sha256"	"malwarebazaar"	"185-121-235-118,ACRStealer,AmateraStealer,ClickFix,FakeCaptcha,clickfix,exe"	"signature=AmateraStealer; imphash=5af915f278815e76bad476ef32593028; tlsh=T1D9955B00EEC744F2E946163269A762EF2734A8050F3A6BD7CB40397EF977AD51923349"
"2026-03-01T13:59:19Z"	"deb5aedab0620df85aa174e6bb5c8a22eb31e4108509c21565a5140c5f375608"	"sha256"	"malwarebazaar"	"185-121-235-118,ACRStealer,AmateraStealer,ClickFix,FakeCaptcha,clickfix,ps1"	"signature=AmateraStealer; imphash=None; tlsh=T11975F1688E5B3C8988246CD6C252B1426FB5073F6D3CD48777A23D41622F71ADBCE64E"
"2026-03-01T13:58:30Z"	"1bbae6f0ed00957fd51f4bdd7c4b007e5bd3c86790c324e8d97fb71afd38170d"	"sha256"	"malwarebazaar"	"185-121-235-118,ACRStealer,AmateraStealer,ClickFix,FakeCaptcha,clickfix,hta"	"signature=AmateraStealer; imphash=None; tlsh=T15C333B5CF1D992A02047A57BC6307DC19E24B12FD5677CE87EF8428058F8E2A3F9E592"
"2026-03-01T12:24:28Z"	"45e22850f99f1fb374587c1655ac2628ff8cc198bcc2b2ece62b75e22895b23b"	"sha256"	"malwarebazaar"	"ClickFix,Efimer,clickfix,exe"	"signature=Efimer; imphash=c5e49de42b1165b00bd79240b8cd617d; tlsh=T144D6332C94C630DDCBB7C1B8BFD26AB1B4A8B4764371AD3A9328D3727C5359059B904B"
"2026-03-01T11:59:10Z"	"a7ca1f6ca408c5cbe644e3b92404e5389abdd212423b83168c9b69201075774f"	"sha256"	"malwarebazaar"	"77-238-228-60,ACRStealer,ClickFix,FakeCaptcha,clickfix,zip"	"signature=Amadey; imphash=None; tlsh=T178173320AB6915E7E3F6703A75319107A450B2F8DE23FF8E768CD1FA46D37D29262901"
"2026-03-01T11:58:28Z"	"9f3c3388c6ce825295a8c36a7668a215b4f0defdd2335e9fc29810d4a5a0b1cd"	"sha256"	"malwarebazaar"	"77-238-228-60,AmateraStealer,ClickFix,FakeCaptcha,clickfix,ps1"	"signature=AmateraStealer; imphash=None; tlsh=T1C855F5A84E1B38C8986568D6C252B1425FB5063F6D3DC8437B613E01A62F71EDBCDA4F"
"2026-03-01T11:57:45Z"	"1e5dbe753b1b2d61c831e37a6805e93cb568125fd0874203e9d424c5b2a430ee"	"sha256"	"malwarebazaar"	"77-238-228-60,ACRStealer,ClickFix,FakeCaptcha,clickfix,hta"	"signature=EternalRocks; imphash=None; tlsh=T1F0433CB171B499F11152EB7AC0B24F48DF25314A5D767CE2B6E802064CF9E233DDA9B2"
"2026-03-01T11:56:53Z"	"726a8b7b87c7aab20c1e204aac06c71cadc8320fd9338cdd61af0e4f5d3a8b01"	"sha256"	"malwarebazaar"	"77-238-228-60,ACRStealer,ClickFix,FakeCaptcha,clickfix,zip"	"signature=ACRStealer; imphash=None; tlsh=T198F63320AB6916E7E3F6713EB6319107A450B2F8D913FE8F758CC0E746C3BE19226951"
"2026-03-01T11:56:10Z"	"36650123e804721d04b9e60d381e9f0f5615b6a11e04bbfeec933b4dd1f1b83d"	"sha256"	"malwarebazaar"	"116-203-167-195,77-238-228-60,ACRStealer,ClickFix,FakeCaptcha,NetSupport,clickfix,ps1"	"signature=NetSupport; imphash=None; tlsh=T112B5F5A84E1B38C8986568D6C252B0425FA5063F6D3DC8477B613E41A22F71EDBCDB4F"
"2026-03-01T11:55:26Z"	"172ac955536947c635b917e3d0ab5c06df2c354a6bcd210c07ccaacdae03c108"	"sha256"	"malwarebazaar"	"116-203-167-195,77-238-228-60,ACRStealer,ClickFix,FakeCaptcha,NetSupport,clickfix,hta"	"signature=NetSupport; imphash=None; tlsh=T1FC434B2075B499D11152A77AC4B24F409F26318E7DA6FCF076C842834EB9E373DDA9B2"
"2026-02-28T14:35:05Z"	"40a4ddaef1437100f38dd74f3b401f8fce1f83d0bf78110e9156cce7147eb420"	"sha256"	"malwarebazaar"	"ClickFix,clickfix,html,makeneg458-workers-dev"	"signature=html; imphash=None; tlsh=T16D23855725FB10222E5398F22BA247473661D103D406C9693EED468C8FCAFD5FCA7B98"
"2026-02-27T18:30:49Z"	"438186b5168f39b94835a5ba70a357c3012c224f89fee61e19ceb29793d62d57"	"sha256"	"malwarebazaar"	"ClickFix,Efimer,clickfix,exe"	"signature=Efimer; imphash=c5e49de42b1165b00bd79240b8cd617d; tlsh=T164C6330895E360DDC7F3A0B4FAD22BF0E4A978A51237CD2E6718C372AD4B3A4955D847"
"2026-02-26T17:48:20Z"	"2eb93f72833f8e590455379c436725fc32e60c6bb8a500427e238eace23449cb"	"sha256"	"malwarebazaar"	"ClickFix,Efimer,clickfix,exe"	"signature=Efimer; imphash=c5e49de42b1165b00bd79240b8cd617d; tlsh=T18DC6335AD2D1A2DCD263D1747EE00BF4A47C743916368C3F67A1D7B2AC23860C96D85B"
"2026-02-24T19:22:00Z"	"ec0dc8be4b19bd19d26ce264e0be5b42fdbc08ad5d39e2b1429581a00c8540f3"	"sha256"	"malwarebazaar"	"ClickFix,Efimer,clickfix,exe"	"signature=Efimer; imphash=c5e49de42b1165b00bd79240b8cd617d; tlsh=T14DD6330ED6E522EDC2629038BFC157F0B4B9B8742772987D97A8D7316CBB131C41985B"
"2026-02-24T12:01:11Z"	"38b9b8c592a8f6a5aaf857ec28cd40df259f75cb8822f73305b8d357f339885d"	"sha256"	"malwarebazaar"	"ClickFix,clickfix,js"	"signature=js; imphash=None; tlsh=T185748EA51ED3107022637E6F622F71ACF5760E678C44F96ABA0CB1848FCD85EC9B2574"
"2026-02-22T12:28:47Z"	"06184d61a88fb8be7ac56b1f936554b8bd236f76fbaeb1a6caabe693194e5b3c"	"sha256"	"malwarebazaar"	"ClickFix,Efimer,clickfix,exe"	"signature=Efimer; imphash=c5e49de42b1165b00bd79240b8cd617d; tlsh=T1B0D6331CAAD121EDD776D0B0FAE427F4F438746613B6C8AB9A2CC7B13C5B4A0851D85B"
"2026-02-13T18:02:49Z"	"1135931c7f2b6ee8235729ec08c57247445f9115867cb750af63be6485b62441"	"sha256"	"malwarebazaar"	"ClickFix,HIjackLoader,clickfix,msi"	"signature=HijackLoader; imphash=None; tlsh=T1CD4633519554DDBDF4FA2EF4E122E8E4E2B84C0DC6279803B35A7FD33DB0EA6A150609"
"2026-02-13T18:02:17Z"	"fd318bc10c5c92ce3fb47c0009e76d62c32e1599524e4482f6c4dd2f9351bfdb"	"sha256"	"malwarebazaar"	"ClickFix,HIjackLoader,clickfix,ps1"	"signature=HijackLoader; imphash=None; tlsh=T1E1D02B3B1296A7E4CFE52DD2A46B1B95D243B83A5061A0142AAB90211C485B1E389822"
"2026-02-13T18:01:46Z"	"b305ccfab8c6661d896ccc6b5a35d80e28f3e164f87de8e6e3d82959f309e1f2"	"sha256"	"malwarebazaar"	"ClickFix,HIjackLoader,clickfix,ps1"	"signature=HijackLoader; imphash=None; tlsh=T1C5C02B7126042761C0D0A88354338541AB391CCA414F7C310B84B48DD0C13D07D20084"
"2026-02-12T17:33:30Z"	"fea31e901389f476014152795ffe55103f575b48845e3a744e3e7be3071605b1"	"sha256"	"malwarebazaar"	"ClickFix,clickfix,msi,vidar"	"signature=Vidar; imphash=None; tlsh=T156F53811F8A514BED6FEE13094A1521136BD3C6443323BD30A9825BA1EBABD46B3F71D"
"2026-02-12T17:33:15Z"	"4d6e5a3253f431db90bf1046ad17381d27ede91fac98d48b445da2e484c53cf5"	"sha256"	"malwarebazaar"	"ClickFix,clickfix,hta,vidar"	"signature=Vidar; imphash=None; tlsh=T1D3A185B1873102D873A201D9096DD25110E0C26BAC5DF68DB74DE9C19F95B83833EBF6"
"2026-02-07T12:32:50Z"	"9071a5ddbd218d78224653419efeb2f728e03840313a8c23a3e977dfb9885e0d"	"sha256"	"malwarebazaar"	"ClickFix,Efimer,clickfix,exe"	"signature=Efimer; imphash=dcaf48c1f10b0efa0a4472200f3850ed; tlsh=T163D6331877E402FAD977803CEDE251E6E0B9783A0B37C8DB4B7851E56E1B1A18D3D612"
"2026-02-03T19:11:29Z"	"10c6b812fd573728d2d8ef6d3b523fdc3393912f2e14d48965d9abf5212f89c9"	"sha256"	"malwarebazaar"	"91-84-123-231,ClickFix,HIjackLoader,clickfix,msi"	"signature=HijackLoader; imphash=None; tlsh=T1EAC633323BD00342D26FBA3A5E2BD0B5D6231C4AB7EE1E952576F1D92C3562712423E7"
"2026-02-03T19:09:46Z"	"d63f35ea58cfc62c280c18845cb77ad804ce13735dd7825961b607fe421ac0e0"	"sha256"	"malwarebazaar"	"91-84-123-231,ClickFix,HIjackLoader,clickfix,ps1"	"signature=HijackLoader; imphash=None; tlsh=T1492174195949B508126E477BF74CAFBCD63255F062891CD4439EA6E804DA3C6DD0CC5D"
"2026-02-03T19:09:02Z"	"642993f67f16b6c920ce88c59f2fe596495ebe76973766a81998139fcad4d092"	"sha256"	"malwarebazaar"	"91-84-123-231,ClickFix,HIjackLoader,clickfix,ps1"	"signature=HijackLoader; imphash=None; tlsh=T164C02B322108237150D4AC037833C542A33618CA051F3C700B057449E4C23E07C29094"
"2026-02-03T15:11:43Z"	"f474493288afedb13f3d1c2674829890b8d312a57305e0f166c9b99a5701cff3"	"sha256"	"malwarebazaar"	"ClickFix,Efimer,clickfix,exe"	"signature=Efimer; imphash=dcaf48c1f10b0efa0a4472200f3850ed; tlsh=T14BD6334C6AE041FED9B3907CA9D26B81E47474770372CADB47E4C662AF571D08D3AA23"
"2026-01-29T18:43:23Z"	"d52187d345173c636288f871e01c97a1b98c246df50d308bae888846ddf9e733"	"sha256"	"malwarebazaar"	"ClickFix,Efimer,clickfix,exe"	"signature=Efimer; imphash=dcaf48c1f10b0efa0a4472200f3850ed; tlsh=T1FCD6339856C422DDDCB3A03CEE9156A1E7B878770B34CAAB87A817D66E231D05D3D313"
"2026-01-29T14:41:17Z"	"a3cbb9bb1185b829a1f3370694b0c79bb0817b16ff8b03d20b43180e9afda0dd"	"sha256"	"malwarebazaar"	"ClickFix,FakeCaptcha,HIjackLoader,clickfix,msi,vidar"	"signature=Vidar; imphash=None; tlsh=T1BD86331079849B7DC7E2B83D419BC6E3DA898E36D35166671B20F5E56B333E0402D2EB"
"2026-01-29T14:40:17Z"	"0339ad1f789bdb26f6f4e42cc3a64acd97b5984df504a2c4a2eb219d8896a1c6"	"sha256"	"malwarebazaar"	"ClickFix,FakeCaptcha,HIjackLoader,clickfix,ps1,vidar"	"signature=Vidar; imphash=None; tlsh=T1452194215D5A7508921E8777F34D9FE89A3618B8A58A2CE4439CEAD408E93C4A80949A"
"2026-01-29T14:39:41Z"	"729e593c24f402e38408308ff4f3dac564c9d159788d39941680048b84b35ec0"	"sha256"	"malwarebazaar"	"ClickFix,FakeCaptcha,HIjackLoader,clickfix,ps1,vidar"	"signature=HijackLoader; imphash=None; tlsh=T1F4C02B227008237140D0BC035433C642A33668C6010B3C300B057449E4C23D07C25068"
"2026-01-27T16:39:22Z"	"a0b1944382e2fdec5e5640f45b7841b95e9c93dfa3f4e4f02b603cf1f7e68222"	"sha256"	"malwarebazaar"	"ClickFix,Rhadamanthys,clickfix,kid-lidiia-com-ua,ps1"	"signature=Rhadamanthys; imphash=None; tlsh=T1DC31E01432025B570473563A6D91E4ACFA9351B349FE2C00FD5C92A29FF6212D27AF5E"
"2026-01-27T16:39:07Z"	"295b187e3a875a8316aa0f01e5b325ad6731bf3b13b317158e190bafb3edb7dc"	"sha256"	"malwarebazaar"	"ClickFix,clickfix,kid-lidiia-com-ua,rar"	"signature=rar; imphash=None; tlsh=T12513F1684026DC7A9B006C5B774C5113E092637E376F4F8214C652A8FE38C267D2EFD8"
"2026-01-25T13:39:13Z"	"c1cd2963be395254779b46007fc7b040f697dce0f8785662f30dca1e637db9af"	"sha256"	"malwarebazaar"	"ClickFix,Efimer,clickfix,exe"	"signature=Efimer; imphash=dcaf48c1f10b0efa0a4472200f3850ed; tlsh=T1DBD6338851D555EEE6E3807CFEE261A4E868B8F65332C69F17F88361AC135D08D3A353"
"2026-01-18T15:54:54Z"	"a276bf0010209fd20fd9a4c686120157481e852351cf3d172d8ca9a33f91a91c"	"sha256"	"malwarebazaar"	"ClickFix,Efimer,clickfix,exe"	"signature=Efimer; imphash=dcaf48c1f10b0efa0a4472200f3850ed; tlsh=T146D633887BE801FFEDB36038DEE261A1C56574760775CAFF8B4846932E632D05A38647"
"2026-01-17T13:47:47Z"	"25d15d110a5dba9a673371328b0b625ffeeab64baa284db0c02609c3a448427b"	"sha256"	"malwarebazaar"	"ClickFix,Efimer,clickfix,exe"	"signature=Efimer; imphash=dcaf48c1f10b0efa0a4472200f3850ed; tlsh=T16DD6335C66D102EEFCA3017CEFE22691E558B8660731C5EF87A847A6AD231E04D3D763"
"2026-01-07T17:58:45Z"	"f946257f5c74e911373dd5e500d923fe406b6efce62108ab1b08ab0e70594d77"	"sha256"	"malwarebazaar"	"ClickFix,Efimer,clickfix,exe"	"signature=Efimer; imphash=dcaf48c1f10b0efa0a4472200f3850ed; tlsh=T1BCD6334815E026EDEDB3517CFEE11681E221B87607B1C6D75BA493A29C2B3F0493EB47"
"2026-01-03T01:42:22Z"	"b221a7457713d1275725559d0681310433bdc40d94258e4fa75907fb9dbcfa27"	"sha256"	"malwarebazaar"	"ClickFix,Efimer,clickfix,exe"	"signature=Efimer; imphash=dcaf48c1f10b0efa0a4472200f3850ed; tlsh=T114D6334C65E012FAF9B3817CEAA27681E1E4B87B1376C7EB4B5803965D531D04E3A723"
"2025-12-31T14:47:38Z"	"e3fa00a6777b4a3b0fc6de793e005c19aa794ba7ec06435d42fefb3b67e85fac"	"sha256"	"malwarebazaar"	"ClickFix,Efimer,clickfix,exe"	"signature=Efimer; imphash=dcaf48c1f10b0efa0a4472200f3850ed; tlsh=T11AD6334826F452FEEAF3507CE9E22295D568B8771737C1DF5A7803A25E231E04D3E226"
"2025-12-30T16:11:52Z"	"655289bab85bf42ebfba2bee493ff705ff12e12341170463062eda0425c31270"	"sha256"	"malwarebazaar"	"ClickFix,clickfix,vbs"	"signature=vbs; imphash=None; tlsh=T113F0EC286946D1900712FBE5A5A18E2CE1D280573C31FD850615CC8EA8159FCFA791F7"
"2025-12-29T08:26:34Z"	"c07e18e61caafcf3508530428f96b58455fe69952d63e65d7067081795aa120e"	"sha256"	"malwarebazaar"	"ACRStealer,ClickFix,clickfix,msi"	"signature=ACRStealer; imphash=None; tlsh=T1B725239DF21A4362E54B45313D9A17145A476D9DEA32062A37BAFF0C3BB12E406BCDC3"
"2025-12-22T20:37:22Z"	"0896b4c8623a8c517db214f1a853cd5ea410d29ec43a5f09d451531efa3c485a"	"sha256"	"malwarebazaar"	"ClickFix,Efimer,clickfix,exe"	"signature=Efimer; imphash=dcaf48c1f10b0efa0a4472200f3850ed; tlsh=T132D6334C69F106FEFAB3417CDED02150D6A878A247A5CBBF87F49651AE130D18E3A706"
"2025-12-21T19:29:47Z"	"1e5300f8ea48e0c49346f0ca2752bfc20b8fedeb89007fa667a8fe3b95deecfb"	"sha256"	"malwarebazaar"	"ClickFix,MacSync,clickfix,macOS,trezor,zip"	"signature=MacSync; imphash=None; tlsh=T16783121BB688A330DF3D09F5D0AEB51E979345585F6024BD6CF60EE06ADB13044BA71E"
"2025-12-21T19:28:56Z"	"b7229626560262ab8239af3ad47f6dd22882c2124a305da01aad13fbf43c92e3"	"sha256"	"malwarebazaar"	"ClickFix,Ledger,MacSync,clickfix,macOS,zip"	"signature=MacSync; imphash=None; tlsh=T1B333F102EED0A246C6EEE1B0F401D351A66190076B3DDDC4DA38F9855F6BD8CC97A7B4"
"2025-12-21T18:46:08Z"	"a95bfa798c55f25953a66a0c6fbf2a48c83c05cf7a54749d024a5f1a754dcedb"	"sha256"	"malwarebazaar"	"ClickFix,MacSync,clickfix,macOS,trezor,zip"	"signature=MacSync; imphash=None; tlsh=T18D83120FEA5C7370DF5D087A91FD3A0AB95386D9BF1070BA04E16EC16DA736184E960E"
"2025-12-21T18:45:37Z"	"b4487ccb451a742e11ce32b21cc5a0e7fe71a93f16908e302b13dbbb785c4510"	"sha256"	"malwarebazaar"	"ClickFix,Ledger,MacSync,clickfix,macOS,zip"	"signature=MacSync; imphash=None; tlsh=T1659533E4E32237DCF6A02290CEFCC95441EAB48573906C5A9E21E9C31D9D75FAC6AC5C"
"2025-12-21T16:41:02Z"	"b0087c38e74444683cc390e8da284a5de067cbb94d8081e56038f7f31b693e51"	"sha256"	"malwarebazaar"	"ClickFix,Ledger,clickfix,macOS,zip"	"signature=zip; imphash=None; tlsh=T10D9533E4A32337ECF6A02291CEFCC95481FAF48532906C5A5A21D9C31D9D75FAC6A85C"
"2025-12-21T16:39:08Z"	"a98517fdf5fe119b6945193304def308a45aaf3bebc42b35ddc42b0335d8da8e"	"sha256"	"malwarebazaar"	"ClickFix,clickfix,macOS,trezor,zip"	"signature=zip; imphash=None; tlsh=T1A583120FE9ED5320DF9D02B881FA270959574184AF64207A18F25EE9AEE712084B972F"
"2025-12-19T08:48:01Z"	"9fbbcd809b7aee90b3c93d212287282ac35ef0b33aed647a48cbc4ba79c7fcf8"	"sha256"	"malwarebazaar"	"ClickFix,OSX,clickfix,infostealer,macOS,machO"	"signature=macho; imphash=None; tlsh=T183D78D1762F25429D15391700B9F8552A732FC172B34A9DB318CB3243F6BEE0A77A726"
"2025-12-19T08:45:28Z"	"095f4717832a919093bf7ee5e40621218004f93dae1a77b79e5bd493b376f6f0"	"sha256"	"malwarebazaar"	"ClickFix,clickfix,infostealer,macOS,sh"	"signature=sh; imphash=None; tlsh=T12241CE9045A5F01248F40B852BBCD0490AC5309E0EBC255AB8FAF919E707F9F277B27D"
"2025-12-14T07:36:44Z"	"32d7cb05cdc2264b50b1286249b38367675a3dd499f635344946be07d1d65bb0"	"sha256"	"malwarebazaar"	"103-27-157-60,ClickFix,clickfix,dll,exe"	"signature=exe; imphash=7239d7ec21a1f33e6fdb303f4b0260fd; tlsh=T10E865B17E6A754ACC49AC4B0D35B5633AA31748A0B3479FF46C492343F69FE06A3CB19"
"2025-12-14T07:34:39Z"	"ec7ae287e34a12d954c3114df8abf20660e3659c01b4920d0ee87656e78b4606"	"sha256"	"malwarebazaar"	"103-27-157-60,ClickFix,clickfix,dll,exe"	"signature=exe; imphash=588aa9df781332d396ef13ef12d36a51; tlsh=T19B563A16F7A654ACC496C4B4D36787336A3134CE0B357AFF46C486343F6ABE05A28B25"
"2025-12-14T07:06:05Z"	"4d8e5e890e8be3a1d3529edd384517f99ec1b05bbed7edb38da936d7b3d7749b"	"sha256"	"malwarebazaar"	"103-27-157-60,ClickFix,clickfix,msi"	"signature=msi; imphash=None; tlsh=T1EFA574321D8F3D994B7A846DBFEE84E50F4E033D249541CB584EBB9CA50912AB0D7D8B"
"2025-12-14T06:49:26Z"	"e2754bc0876932908aaeecb3479ee8e8d42a298268e32fc096310c520b0c02ac"	"sha256"	"malwarebazaar"	"ClickFix,DeerStealer,clickfix,msi"	"signature=DeerStealer; imphash=None; tlsh=T1EB9633C998856B77D017933108DAF956D3553D1CBF5F24A203F03F20A27B648EA7EA29"
"2025-12-01T15:25:48Z"	"7f92ce6ddf632dd49b6052f77857bd03e7e00f89965d9d6648c60773847ba6df"	"sha256"	"malwarebazaar"	"ClickFix,HIjackLoader,clickfix,powershell,ps1"	"signature=HijackLoader; imphash=None; tlsh=T1A5D0A7A6B89CCC8527DF60901083694D23BA8793CA3801B561885D456C58911C7FA1DC"
"2025-12-01T06:40:41Z"	"ef9943893cd290e721c29d0b65ee3eaefeb5151aaaac15209bbc30ec901f3c3f"	"sha256"	"malwarebazaar"	"ClickFix,clickfix,powershell,ps1"	"signature=ps1; imphash=None; tlsh=T114D0973F925FEFBC12080843A2BE30EEC870CE82C88946A1BFE7C45D018443CE91A001"
"2025-11-21T16:00:28Z"	"e04cc11b575025f8ab13ff6bb2028a7be33f2d27a3d2ac7f65862cb19108a4f1"	"sha256"	"malwarebazaar"	"ClickFix,SalatStealer,clickfix,ps1,trojan.dropper"	"signature=SalatStealer; imphash=None; tlsh=T1AF41C6A26B8981D3C7C302F3490BB5D8E2DC0098D8F26D60E4F2FA10A76D10D4ACB87D"
"2025-11-08T14:54:53Z"	"a1761c5cddcc65d712992575a7c09fedb61b8449637800f090855bea2288b643"	"sha256"	"malwarebazaar"	"ClickFix,FakeCaptcha,clickfix,donutloader,hta,onethinz-com"	"signature=DonutLoader; imphash=None; tlsh=T19BA251353D8BB404AA7DD916A22F9615F968385ADC119CC334C339933B037CA7A879BD"
"2025-10-29T17:27:37Z"	"a9a4c0f58c9d01a4094f4f9c2523e2f9cbd7486596091ae212acc52451cdcabe"	"sha256"	"malwarebazaar"	"ClickFix,FakeCaptcha,clickfix,vbs"	"signature=vbs; imphash=None; tlsh=T10141025F3E27C260E231A625453E851EC6C2855B35038C81B45CD889FF7956AEFB42EB"
"2025-10-27T20:45:53Z"	"6982331475b56c059b0af900b33572534e0cee7b9e0cca647278846ff64e6506"	"sha256"	"malwarebazaar"	"ClickFix,FakeCaptcha,NetSupport,clickfix,generationkasdm-com,ps1"	"signature=NetSupport; imphash=None; tlsh=T14E769E31C4277C793F9D794690082E824EB92D8B5B18CA45DF50FABDA0D4E757E3C8A8"
"2025-10-17T21:18:04Z"	"2caa70d1b1c96ce8b1b4a8f85e4298f2b3f3fdba8ca3b9fa6d60ca561a1296b0"	"sha256"	"malwarebazaar"	"37-27-45-144,827ad8,ACRStealer,Amadey,ClickFix,HIjackLoader,clickfix,ps1"	"signature=Amadey; imphash=None; tlsh=T1AC173311AF696DBE4B6C833871BF5F1D27A00F80848CE5DB93E164C7269EF90416F869"
"2025-10-17T21:17:20Z"	"eddbd2a74633b9a498dbb8c928eabd8960b9d51b6e945f35269ea65e3ba86ae0"	"sha256"	"malwarebazaar"	"37-27-45-144,827ad8,ACRStealer,Amadey,ClickFix,HIjackLoader,clickfix,hta"	"signature=Amadey; imphash=None; tlsh=T102E07D04ECB5C898157638869FE7FB0C20429157100BD9903F8CEAA28FF2917898E5ED"
"2025-10-10T16:26:50Z"	"f0d04f39cc5ebfec06508460fb77e85c9221e2b0c46f2ca913ffc7f96604e9d8"	"sha256"	"malwarebazaar"	"ClickFix,clickfix,filefix,zip"	"signature=zip; imphash=None; tlsh=T19A15330546B5399CE49D70D9E058F93E44B6B15CE1AEBB27C039E0C1F9B87E11A4FB0A"
"2025-10-09T20:31:40Z"	"bbc71d2bca17fd505afc86f73e1398ce16a022ceb6d6b6adf719279341d866e6"	"sha256"	"malwarebazaar"	"ClickFix,clickfix,ps1"	"signature=ps1; imphash=None; tlsh=T11CD0A7E1F0050139B6CED495D2E68B9454A0E825D3506366B8B2D55755B0174F3024E9"
"2025-10-07T15:31:41Z"	"492a191d2d17f3da9d829969c9e492a1f32ec6e0be10086205b4e1e95b043ef9"	"sha256"	"malwarebazaar"	"ClickFix,NetSupport,basketballast-com,blueprintsfdskjhfd-com,clickfix,malware,ps1"	"signature=NetSupport; imphash=None; tlsh=T153C66B5203851BBDF6AD0EC5D88B255B20F2D8277D251248FBB36EE7BC3B984543463A"
"2025-10-04T01:03:56Z"	"5d864ceb391dd44378d6acd6533be047c17113e7e666af4eb04d3eb19f61f611"	"sha256"	"malwarebazaar"	"178-236-252-109,ClickFix,FakeCaptcha,Rhadamanthys,clickfix,exe"	"signature=Rhadamanthys; imphash=d42595b695fc008ef2c56aabd8efd68e; tlsh=T122164B07789049E6C499A63184B272627676B8C70B3623F72E70B73C2E767D07D76B06"
"2025-10-04T01:03:20Z"	"5b5d7fa86b9b69a81da201d456a99d057622215eaabb8af05bea2c11e24f869e"	"sha256"	"malwarebazaar"	"178-236-252-109,ClickFix,FakeCaptcha,Rhadamanthys,clickfix,ps1"	"signature=Rhadamanthys; imphash=None; tlsh=T11551F43DCE31FDD4436E31909AA93E9631985767E774576CE9C2089A0C64390DF3E28C"
"2025-10-04T01:01:37Z"	"f39ae613580c46245f0a67393dd3a805c1eb80fd02dc08912a12ba3a843c930e"	"sha256"	"malwarebazaar"	"178-236-252-109,ClickFix,FakeCaptcha,Rhadamanthys,clickfix,ps1"	"signature=Rhadamanthys; imphash=None; tlsh=T1E4F1F539E233AAD60B9D3712C5BA0D3A096C25A9D77B2C91EB4D2DFD34F3B805E11194"
"2025-10-02T06:45:56Z"	"01b75f9b4984ed5a6ebda5a49ea939849f0c87e2515bfff5087ff1c266b5ee05"	"sha256"	"malwarebazaar"	"ASN214209,ClickFix,clickfix,javascript,jscript,msi,stealer"	"signature=msi; imphash=None; tlsh=T18FF2C71776449331C48607318A2FD7F49B36AC588F671522369AF39C2F729D062BBBE1"
"2025-09-28T13:14:08Z"	"9cc19abdfeed23bfda8ac18cea467746dc6e231ff041512bc92fd9846d9c3751"	"sha256"	"malwarebazaar"	"185-141-216-74,202-71-14-181,ClickFix,FakeCaptcha,Rhadamanthys,clickfix,exe"	"signature=Rhadamanthys; imphash=d42595b695fc008ef2c56aabd8efd68e; tlsh=T1E3E53806ACA2C9E7C4D993F089A651593E70BC390B3127D7AE1072F96E7AFC4AC75740"
"2025-09-28T13:12:54Z"	"5463c50813c1c23b8c7317521fa0d838639932a0f13bf5ae89e009f3713eeb3b"	"sha256"	"malwarebazaar"	"185-141-216-74,202-71-14-181,ClickFix,FakeCaptcha,Rhadamanthys,clickfix,ps1"	"signature=Rhadamanthys; imphash=None; tlsh=T18F72E1127334456A0E4FC6FBE83275DFF1AB8932853208D1B492BA6027CAFD02076E85"
"2025-09-25T14:26:17Z"	"9f001462867b7d210dea54afb92c2b023efa6ee46e8bb43fe1574722e133cacc"	"sha256"	"malwarebazaar"	"175-110-65-3,ClickFix,ITA,Stealc,clickfix,exe"	"signature=Stealc; imphash=d42595b695fc008ef2c56aabd8efd68e; tlsh=T157D53907AD910E66E4D592718962C9523A30BD4C6B3333E72BE0B6383E716D095FF7A1"
"2025-09-16T19:25:10Z"	"d99f5dd0397a316ee7d28af1e8f5e5c558cacf00d3d21b10ef8135c94c9e3034"	"sha256"	"malwarebazaar"	"185-141-216-98,ClickFix,FakeCaptcha,Rhadamanthys,clickfix,exe"	"signature=Rhadamanthys; imphash=9cbefe68f395e67356e2a5d8d1b285c0; tlsh=T1DCC56BC27CF06069D9AA9F318A755190F7307C452B3067CB2A20A7FE1E367C16E7A725"
"2025-09-16T19:24:40Z"	"afc1e21b00f5d45ce5a59ad5ee01dacf4ed1959e11c17ccbc8d344437722e057"	"sha256"	"malwarebazaar"	"185-141-216-98,ClickFix,FakeCaptcha,Rhadamanthys,clickfix,hta"	"signature=Rhadamanthys; imphash=None; tlsh=T160416B7590707E808B6C3B50137B39B90170A0A79725CB12EB4408F235BAFF6FE656E9"
"2025-09-16T19:20:20Z"	"e6f4d4f68abd1d5ced36d1606d16c42b63a06c5c681d4662b00fb8683bf2a418"	"sha256"	"malwarebazaar"	"ClickFix,DeerStealer,FakeCaptcha,HIjackLoader,clickfix,msi"	"signature=HijackLoader; imphash=None; tlsh=T196463301F576F122E9464E701E8B96D0ED9ECD69D50A4C8FEA9DF98E3EBC3E11113806"
"2025-09-16T19:19:28Z"	"ead6b1f0add059261ac56e9453131184bc0ae2869f983b6a41a1abb167edf151"	"sha256"	"malwarebazaar"	"ClickFix,DeerStealer,FakeCaptcha,HIjackLoader,clickfix,msi"	"signature=HijackLoader; imphash=None; tlsh=T185563306FC87CB73CDBC5A323972A5A6404CAC14EB5355BE2435B583B5FA3CAD074A62"
"2025-09-16T19:18:06Z"	"f2a068164ed7b173f17abe52ad95c53bccf3bb9966d75027d1e8960f7e0d43ac"	"sha256"	"malwarebazaar"	"ClickFix,DeerStealer,FakeCaptcha,HIjackLoader,bat,clickfix"	"signature=HijackLoader; imphash=None; tlsh=T1F411BD0E2B0E356FA472CB9F93581382FB45109F2E5466C6351D852F0F5F29B57A9884"
"2025-09-15T15:45:47Z"	"56cf64ca5d71f829a5db031b0ea02ad7aaf9cafe881fbbe30487bd5dccf7a4f6"	"sha256"	"malwarebazaar"	"ClickFix,Loader,Shellcode,clickfix,ps1"	"signature=ps1; imphash=None; tlsh=T1EF511E381606EB1F18730B7F7849E448F503407721FF5E00B57CC154AFB202596A6A2B"
"2025-09-11T14:05:42Z"	"2fe0bd27009fc17f5150257cf84a74429005f101744ca20a4ad599ed6e6869c1"	"sha256"	"malwarebazaar"	"ClickFix,Kerinthe-Oy,Latrodectus,clickfix,crjautomacao-com,exe,rihby-com,sigdalokanolkas-com,signed"	"signature=Latrodectus; imphash=339361f405a0d1100aa84614758ab758; tlsh=T1D6A53A53EBB211E5D8FAE034D57B6133B970B85D837097E79A409A2A0F62BF0E539704"
"2025-09-11T14:04:43Z"	"c19ca89672cb0268852aee4816837dbc26ffb1f285b5a1ad4b9d26cfe88dd134"	"sha256"	"malwarebazaar"	"ClickFix,Latrodectus,clickfix,crjautomacao-com,rihby-com,sigdalokanolkas-com,zip"	"signature=Latrodectus; imphash=None; tlsh=T15145232120B5DD3B478BB5741AFE05F0E920388EDCE670A127265AC61245FFE5F63B86"
"2025-09-10T17:33:21Z"	"dc741d4bbde8bd12093efd37aac1d9aeb09242ebbfc745b2f44db2a47f3bca21"	"sha256"	"malwarebazaar"	"185-141-216-98,ClickFix,FakeCaptcha,Rhadamanthys,clickfix,hta"	"signature=Rhadamanthys; imphash=None; tlsh=T153E07DA49C84CD8C08B966659EB7FE0CD35310631142DB543B8CEA035F321028FC76CD"
"2025-09-10T17:29:14Z"	"0b73dc0007ced207066fea7b4f297d10cc5a503fa2b2923950b6a5b5a78282a8"	"sha256"	"malwarebazaar"	"ClickFix,FakeCaptcha,LummaStealer,clickfix,donutloader,hta,venavenl-com"	"signature=DonutLoader; imphash=None; tlsh=T119E07D546C40CC8C19793669AFE7EA08D25310630042DB50774CE9031F311028EC7ACD"
"2025-09-08T23:59:32Z"	"6bd0257f45b4ed35455ccbb648bc727ac6bb0dbe5ca043ef85924e4ee466a12a"	"sha256"	"malwarebazaar"	"ClickFix,LummaStealer,clickfix,htm"	"signature=htm; imphash=None; tlsh=T1B672E83451A09068A212D0E4AB9F755DBA31310BA44DC954F9EC51B0EFD2EF688B7BCE"
"2025-08-29T06:42:51Z"	"7ada4d7dfc00943780cb51ea182c7a221953cdabc394011204ba5cd8e4e8f0d3"	"sha256"	"malwarebazaar"	"ClickFix,alababababa-cloud,anodes-pro,clickfix,donutloader,exe"	"signature=DonutLoader; imphash=e245f463a7d67898cfa5e39d58b936bc; tlsh=T1D3C55B2B55A9609AE3E6C07CF5065792FC3176490E39A3B714B683923730A2C9B7D373"
"2025-08-29T06:41:10Z"	"94f96a951a570aa397fc82e853720ebc8ac9d52db1a01dcd0049064988728a39"	"sha256"	"malwarebazaar"	"ClickFix,alababababa-cloud,clickfix,ps1"	"signature=ps1; imphash=None; tlsh=T102D0973F929FEFBC16080843A2BE30EEC870CE82888D52A1BFEBC45D009443CF916001"
"2025-08-26T20:17:25Z"	"d84cd8772c464400c8a7f3131613d4fead4139d6dd4e16a062593118ccda4744"	"sha256"	"malwarebazaar"	"ClickFix,FakeCaptcha,LummaStealer,clickfix,donutloader,hta,royevita-com"	"signature=DonutLoader; imphash=None; tlsh=T1EEE07D949840CD8C1C792569EEB7F508D24310630042DF48374CC5036F311064FC36CE"
"2025-08-26T20:05:43Z"	"3d1d17a99348b5cf15246d3c420f5e9fd04b7bdfca631fd2d411626d368ae92f"	"sha256"	"malwarebazaar"	"ClickFix,FakeCaptcha,LummaStealer,clickfix,donutloader,hta,ritavoi-com"	"signature=DonutLoader; imphash=None; tlsh=T1E7E07D549C40CD8C1C793565ADB7E508E24340631042DF95374CC5036F311074FC36CD"
"2025-08-26T14:48:52Z"	"bdba6e3a564a7fe7075d127830b46237ed6dc9dac6d5069d2ab69a0e76a1b264"	"sha256"	"malwarebazaar"	"ClickFix,FakeCaptcha,LummaStealer,approving-it-com,clickfix,donutloader,hta"	"signature=DonutLoader; imphash=None; tlsh=T105E02694A840CD8C5C792569EEA7E508E24310630046DA49374CC5136F311064E936CE"
"2025-08-24T19:28:50Z"	"cc02e6e6c03cb68663f49e42878d318cd58eaa427f2a8eb53e085cc53591eb0c"	"sha256"	"malwarebazaar"	"ClickFix,LummaStealer,clickfix,html"	"signature=LummaStealer; imphash=None; tlsh=T16134183345D5213EB033C59697E2A704EF2AD503F60742E9BADC97A60FE7D80EA27644"
""	"hxxps://micasaestucasa[.]mx/?id=9228023&__cf_chl_rt_tk=0WTT341v83OfTlu9_sVt0mpCGs8eiXGuXRj0LgIbMkt4-1759406441-1[.]0[.]1[.]1-cKgxnjeNC3bilN23wwtGd4ZTe00EYBZDCXqqw55zKFcc"	"url"	"threatfox"	"ClickFix,clickfix"	"confidence_level=90; threat_type=payload_delivery; malware=unknown; reference=https://clickfix.carsonww.com/domains/micasaestucasa.mx"
""	"hxxps://onlin3doculoadin3[.]pro"	"url"	"threatfox"	"ClickFix,clickfix"	"confidence_level=100; threat_type=payload_delivery; malware=unknown"
""	"aljudiglobal[.]com"	"domain"	"threatfox"	"ClickFix,clickfix"	"confidence_level=100; threat_type=payload_delivery; malware=unknown"
""	"onlin3doculoadin3[.]pro"	"domain"	"threatfox"	"ClickFix,clickfix"	"confidence_level=100; threat_type=payload_delivery; malware=unknown"
""	"hxxps://micasaestucasa[.]mx"	"url"	"threatfox"	"ClickFix,clickfix"	"confidence_level=100; threat_type=payload_delivery; malware=unknown"
""	"hxxps://aljudiglobal[.]com"	"url"	"threatfox"	"ClickFix,clickfix"	"confidence_level=100; threat_type=payload_delivery; malware=unknown"
""	"pmbaruah[.]com"	"domain"	"threatfox"	"ClickFix,clickfix"	"confidence_level=100; threat_type=payload_delivery; malware=unknown"
""	"micasaestucasa[.]mx"	"domain"	"threatfox"	"ClickFix,clickfix"	"confidence_level=100; threat_type=payload_delivery; malware=unknown"
""	"sandipregmi7[.]com[.]np"	"domain"	"threatfox"	"ClickFix,clickfix"	"confidence_level=100; threat_type=payload_delivery; malware=unknown"
""	"hxxps://pmbaruah[.]com"	"url"	"threatfox"	"ClickFix,clickfix"	"confidence_level=100; threat_type=payload_delivery; malware=unknown"
""	"hxxps://sandipregmi7[.]com[.]np"	"url"	"threatfox"	"ClickFix,clickfix"	"confidence_level=100; threat_type=payload_delivery; malware=unknown"
""	"sman1secanggang[.]sch[.]id"	"domain"	"threatfox"	"ClickFix,clickfix"	"confidence_level=100; threat_type=payload_delivery; malware=unknown"
""	"sozvpltds[.]com"	"domain"	"threatfox"	"ClickFix,clickfix"	"confidence_level=100; threat_type=payload_delivery; malware=unknown"
""	"hxxps://sman1secanggang[.]sch[.]id"	"url"	"threatfox"	"ClickFix,clickfix"	"confidence_level=100; threat_type=payload_delivery; malware=unknown"
""	"hxxps://raw[.]githubusercontent[.]com/hello32423423/test[.]ps1/refs/heads/main/test[.]ps1"	"url"	"threatfox"	"ClickFix,clickfix"	"confidence_level=100; threat_type=payload_delivery; malware=unknown"
""	"hxxps://sozvpltds[.]com/Captcha[.]txt"	"url"	"threatfox"	"ClickFix,clickfix"	"confidence_level=100; threat_type=payload_delivery; malware=unknown"
""	"hxxps://barbadoscancersociety[.]com/?id=9228023&__cf_chl_rt_tk=0WTT341v83OfTlu9_sVt0mpCGs8eiXGuXRj0LgIbMkt4-1759406441-1[.]0[.]1[.]1-cKgxnjeNC3bilN23wwtGd4ZTe00EYBZDCXqqw55zKFcc"	"url"	"threatfox"	"ClickFix,clickfix"	"confidence_level=90; threat_type=payload_delivery; malware=unknown; reference=https://clickfix.carsonww.com/domains/barbadoscancersociety.com"
""	"hxxps://fivetech[.]co/?id=9228023&__cf_chl_rt_tk=0WTT341v83OfTlu9_sVt0mpCGs8eiXGuXRj0LgIbMkt4-1759406441-1[.]0[.]1[.]1-cKgxnjeNC3bilN23wwtGd4ZTe00EYBZDCXqqw55zKFcc"	"url"	"threatfox"	"ClickFix,clickfix"	"confidence_level=90; threat_type=payload_delivery; malware=unknown; reference=https://clickfix.carsonww.com/domains/fivetech.co"
""	"hxxps://offercentralm[.]com/?id=9228023&__cf_chl_rt_tk=0WTT341v83OfTlu9_sVt0mpCGs8eiXGuXRj0LgIbMkt4-1759406441-1[.]0[.]1[.]1-cKgxnjeNC3bilN23wwtGd4ZTe00EYBZDCXqqw55zKFcc"	"url"	"threatfox"	"ClickFix,clickfix"	"confidence_level=90; threat_type=payload_delivery; malware=unknown; reference=https://clickfix.carsonww.com/domains/offercentralm.com"
""	"hxxps://m[.]erbildecoor[.]com/?id=9228023&__cf_chl_rt_tk=0WTT341v83OfTlu9_sVt0mpCGs8eiXGuXRj0LgIbMkt4-1759406441-1[.]0[.]1[.]1-cKgxnjeNC3bilN23wwtGd4ZTe00EYBZDCXqqw55zKFcc"	"url"	"threatfox"	"ClickFix,clickfix"	"confidence_level=90; threat_type=payload_delivery; malware=unknown; reference=https://clickfix.carsonww.com/domains/m.erbildecoor.com"
""	"smokeylife[.]com"	"domain"	"threatfox"	"ClickFix,ErrTraffic,clickfix"	"confidence_level=100; threat_type=payload_delivery; malware=unknown"
""	"hxxps://sergiostest[.]offercentralmedia[.]com/?id=9228023&__cf_chl_rt_tk=0WTT341v83OfTlu9_sVt0mpCGs8eiXGuXRj0LgIbMkt4-1759406441-1[.]0[.]1[.]1-cKgxnjeNC3bilN23wwtGd4ZTe00EYBZDCXqqw55zKFcc"	"url"	"threatfox"	"ClickFix,clickfix"	"confidence_level=90; threat_type=payload_delivery; malware=unknown; reference=https://clickfix.carsonww.com/domains/sergiostest.offercentralmedia.com"
""	"hxxps://smokeylife[.]com/api/css[.]js"	"url"	"threatfox"	"ClickFix,ErrTraffic,clickfix"	"confidence_level=100; threat_type=payload_delivery; malware=unknown"
""	"hxxps://affiliates[.]offercentralmedia[.]com/?id=9228023&__cf_chl_rt_tk=0WTT341v83OfTlu9_sVt0mpCGs8eiXGuXRj0LgIbMkt4-1759406441-1[.]0[.]1[.]1-cKgxnjeNC3bilN23wwtGd4ZTe00EYBZDCXqqw55zKFcc"	"url"	"threatfox"	"ClickFix,clickfix"	"confidence_level=90; threat_type=payload_delivery; malware=unknown; reference=https://clickfix.carsonww.com/domains/affiliates.offercentralmedia.com"
""	"lubazra[.]com"	"domain"	"threatfox"	"ClickFix,clickfix"	"confidence_level=100; threat_type=payload_delivery; malware=unknown"
""	"hxxps://lubazra[.]com/1[.]php"	"url"	"threatfox"	"ClickFix,clickfix"	"confidence_level=100; threat_type=payload_delivery; malware=unknown"
""	"hxxps://upnewskill[.]asia/?id=9228023&__cf_chl_rt_tk=0WTT341v83OfTlu9_sVt0mpCGs8eiXGuXRj0LgIbMkt4-1759406441-1[.]0[.]1[.]1-cKgxnjeNC3bilN23wwtGd4ZTe00EYBZDCXqqw55zKFcc"	"url"	"threatfox"	"ClickFix,clickfix"	"confidence_level=90; threat_type=payload_delivery; malware=unknown; reference=https://clickfix.carsonww.com/domains/upnewskill.asia"
""	"hxxps://pixelinks[.]co[.]uk/?id=9228023&__cf_chl_rt_tk=0WTT341v83OfTlu9_sVt0mpCGs8eiXGuXRj0LgIbMkt4-1759406441-1[.]0[.]1[.]1-cKgxnjeNC3bilN23wwtGd4ZTe00EYBZDCXqqw55zKFcc"	"url"	"threatfox"	"ClickFix,clickfix"	"confidence_level=90; threat_type=payload_delivery; malware=unknown; reference=https://clickfix.carsonww.com/domains/pixelinks.co.uk"
""	"hxxps://rxwinone[.]com/?id=9228023&__cf_chl_rt_tk=0WTT341v83OfTlu9_sVt0mpCGs8eiXGuXRj0LgIbMkt4-1759406441-1[.]0[.]1[.]1-cKgxnjeNC3bilN23wwtGd4ZTe00EYBZDCXqqw55zKFcc"	"url"	"threatfox"	"ClickFix,clickfix"	"confidence_level=90; threat_type=payload_delivery; malware=unknown; reference=https://clickfix.carsonww.com/domains/rxwinone.com"
""	"hxxps://reddycolour[.]com/?id=9228023&__cf_chl_rt_tk=0WTT341v83OfTlu9_sVt0mpCGs8eiXGuXRj0LgIbMkt4-1759406441-1[.]0[.]1[.]1-cKgxnjeNC3bilN23wwtGd4ZTe00EYBZDCXqqw55zKFcc"	"url"	"threatfox"	"ClickFix,clickfix"	"confidence_level=90; threat_type=payload_delivery; malware=unknown; reference=https://clickfix.carsonww.com/domains/reddycolour.com"
""	"hxxps://westindiesrum[.]com/?id=9228023&__cf_chl_rt_tk=0WTT341v83OfTlu9_sVt0mpCGs8eiXGuXRj0LgIbMkt4-1759406441-1[.]0[.]1[.]1-cKgxnjeNC3bilN23wwtGd4ZTe00EYBZDCXqqw55zKFcc"	"url"	"threatfox"	"ClickFix,clickfix"	"confidence_level=90; threat_type=payload_delivery; malware=unknown; reference=https://clickfix.carsonww.com/domains/westindiesrum.com"
""	"hxxps://realmoney999[.]uno/?id=9228023&__cf_chl_rt_tk=0WTT341v83OfTlu9_sVt0mpCGs8eiXGuXRj0LgIbMkt4-1759406441-1[.]0[.]1[.]1-cKgxnjeNC3bilN23wwtGd4ZTe00EYBZDCXqqw55zKFcc"	"url"	"threatfox"	"ClickFix,clickfix"	"confidence_level=90; threat_type=payload_delivery; malware=unknown; reference=https://clickfix.carsonww.com/domains/realmoney999.uno"
""	"cryptotion[.]com"	"domain"	"threatfox"	"ClickFix,clickfix"	"confidence_level=100; threat_type=payload_delivery; malware=unknown"
""	"hxxps://cryptotion[.]com"	"url"	"threatfox"	"ClickFix,clickfix"	"confidence_level=100; threat_type=payload_delivery; malware=unknown"
""	"creativejunction[.]com"	"domain"	"threatfox"	"ClickFix,clickfix"	"confidence_level=100; threat_type=payload_delivery; malware=unknown"
""	"hxxps://creativejunction[.]com"	"url"	"threatfox"	"ClickFix,clickfix"	"confidence_level=100; threat_type=payload_delivery; malware=unknown"
""	"barbadosplanningsociety[.]org"	"domain"	"threatfox"	"ClickFix,clickfix"	"confidence_level=100; threat_type=payload_delivery; malware=unknown"
""	"hxxps://barbadosplanningsociety[.]org"	"url"	"threatfox"	"ClickFix,clickfix"	"confidence_level=100; threat_type=payload_delivery; malware=unknown"
""	"barbadoscancersociety[.]com"	"domain"	"threatfox"	"ClickFix,clickfix"	"confidence_level=100; threat_type=payload_delivery; malware=unknown"
""	"hxxps://barbadoscancersociety[.]com"	"url"	"threatfox"	"ClickFix,clickfix"	"confidence_level=100; threat_type=payload_delivery; malware=unknown"
""	"sergiostest[.]offercentralmedia[.]com"	"domain"	"threatfox"	"ClickFix,clickfix"	"confidence_level=100; threat_type=payload_delivery; malware=unknown"
""	"hxxps://sergiostest[.]offercentralmedia[.]com"	"url"	"threatfox"	"ClickFix,clickfix"	"confidence_level=100; threat_type=payload_delivery; malware=unknown"
""	"fivetech[.]co"	"domain"	"threatfox"	"ClickFix,clickfix"	"confidence_level=100; threat_type=payload_delivery; malware=unknown"
""	"hxxps://fivetech[.]co"	"url"	"threatfox"	"ClickFix,clickfix"	"confidence_level=100; threat_type=payload_delivery; malware=unknown"
""	"alpha[.]erbildecoor[.]com"	"domain"	"threatfox"	"ClickFix,clickfix"	"confidence_level=100; threat_type=payload_delivery; malware=unknown"
""	"hxxps://alpha[.]erbildecoor[.]com"	"url"	"threatfox"	"ClickFix,clickfix"	"confidence_level=100; threat_type=payload_delivery; malware=unknown"
""	"hxxps://movilidadtest[.]fivetech[.]co"	"url"	"threatfox"	"ClickFix,clickfix"	"confidence_level=100; threat_type=payload_delivery; malware=unknown"
""	"movilidadtest[.]fivetech[.]co"	"domain"	"threatfox"	"ClickFix,clickfix"	"confidence_level=100; threat_type=payload_delivery; malware=unknown"
""	"hxxps://m[.]erbildecoor[.]com"	"url"	"threatfox"	"ClickFix,clickfix"	"confidence_level=100; threat_type=payload_delivery; malware=unknown"
""	"m[.]erbildecoor[.]com"	"domain"	"threatfox"	"ClickFix,clickfix"	"confidence_level=100; threat_type=payload_delivery; malware=unknown"
""	"affiliates[.]offercentralmedia[.]com"	"domain"	"threatfox"	"ClickFix,clickfix"	"confidence_level=100; threat_type=payload_delivery; malware=unknown"
""	"hxxps://msonfire[.]website/?id=9228023&__cf_chl_rt_tk=0WTT341v83OfTlu9_sVt0mpCGs8eiXGuXRj0LgIbMkt4-1759406441-1[.]0[.]1[.]1-cKgxnjeNC3bilN23wwtGd4ZTe00EYBZDCXqqw55zKFcc"	"url"	"threatfox"	"ClickFix,clickfix"	"confidence_level=90; threat_type=payload_delivery; malware=unknown; reference=https://clickfix.carsonww.com/domains/msonfire.website"
""	"hxxps://mkicau[.]com/?id=9228023&__cf_chl_rt_tk=0WTT341v83OfTlu9_sVt0mpCGs8eiXGuXRj0LgIbMkt4-1759406441-1[.]0[.]1[.]1-cKgxnjeNC3bilN23wwtGd4ZTe00EYBZDCXqqw55zKFcc"	"url"	"threatfox"	"ClickFix,clickfix"	"confidence_level=90; threat_type=payload_delivery; malware=unknown; reference=https://clickfix.carsonww.com/domains/mkicau.com"
""	"hxxps://92dadu1[.]online/?id=9228023&__cf_chl_rt_tk=0WTT341v83OfTlu9_sVt0mpCGs8eiXGuXRj0LgIbMkt4-1759406441-1[.]0[.]1[.]1-cKgxnjeNC3bilN23wwtGd4ZTe00EYBZDCXqqw55zKFcc"	"url"	"threatfox"	"ClickFix,clickfix"	"confidence_level=90; threat_type=payload_delivery; malware=unknown; reference=https://clickfix.carsonww.com/domains/92dadu1.online"
""	"hxxps://cryptotion[.]com/?id=9228023&__cf_chl_rt_tk=0WTT341v83OfTlu9_sVt0mpCGs8eiXGuXRj0LgIbMkt4-1759406441-1[.]0[.]1[.]1-cKgxnjeNC3bilN23wwtGd4ZTe00EYBZDCXqqw55zKFcc"	"url"	"threatfox"	"ClickFix,clickfix"	"confidence_level=90; threat_type=payload_delivery; malware=unknown; reference=https://clickfix.carsonww.com/domains/cryptotion.com"
""	"hxxps://affiliates[.]offercentralmedia[.]com"	"url"	"threatfox"	"ClickFix,clickfix"	"confidence_level=100; threat_type=payload_delivery; malware=unknown"
""	"ukpod[.]co[.]uk"	"domain"	"threatfox"	"ClickFix,clickfix"	"confidence_level=100; threat_type=payload_delivery; malware=unknown"
""	"hxxps://ukpod[.]co[.]uk"	"url"	"threatfox"	"ClickFix,clickfix"	"confidence_level=100; threat_type=payload_delivery; malware=unknown"
""	"msonfire[.]website"	"domain"	"threatfox"	"ClickFix,clickfix"	"confidence_level=100; threat_type=payload_delivery; malware=unknown"
""	"hxxps://msonfire[.]website"	"url"	"threatfox"	"ClickFix,clickfix"	"confidence_level=100; threat_type=payload_delivery; malware=unknown"
""	"hxxps://grassrootscontent[.]com"	"url"	"threatfox"	"ClickFix,clickfix"	"confidence_level=100; threat_type=payload_delivery; malware=unknown"
""	"grassrootscontent[.]com"	"domain"	"threatfox"	"ClickFix,clickfix"	"confidence_level=100; threat_type=payload_delivery; malware=unknown"
""	"richardgillassociates[.]com"	"domain"	"threatfox"	"ClickFix,clickfix"	"confidence_level=100; threat_type=payload_delivery; malware=unknown"
""	"hxxps://richardgillassociates[.]com"	"url"	"threatfox"	"ClickFix,clickfix"	"confidence_level=100; threat_type=payload_delivery; malware=unknown"
""	"westindiesrum[.]com"	"domain"	"threatfox"	"ClickFix,clickfix"	"confidence_level=100; threat_type=payload_delivery; malware=unknown"
""	"hxxps://westindiesrum[.]com"	"url"	"threatfox"	"ClickFix,clickfix"	"confidence_level=100; threat_type=payload_delivery; malware=unknown"
""	"caribbeansquash[.]org"	"domain"	"threatfox"	"ClickFix,clickfix"	"confidence_level=100; threat_type=payload_delivery; malware=unknown"
""	"hxxps://caribbeansquash[.]org"	"url"	"threatfox"	"ClickFix,clickfix"	"confidence_level=100; threat_type=payload_delivery; malware=unknown"
""	"realmoney999[.]uno"	"domain"	"threatfox"	"ClickFix,clickfix"	"confidence_level=100; threat_type=payload_delivery; malware=unknown"
""	"hxxps://realmoney999[.]uno"	"url"	"threatfox"	"ClickFix,clickfix"	"confidence_level=100; threat_type=payload_delivery; malware=unknown"
""	"reddycolour[.]com"	"domain"	"threatfox"	"ClickFix,clickfix"	"confidence_level=100; threat_type=payload_delivery; malware=unknown"
""	"hxxps://reddycolour[.]com"	"url"	"threatfox"	"ClickFix,clickfix"	"confidence_level=100; threat_type=payload_delivery; malware=unknown"
""	"ukprintingcompany[.]co[.]uk"	"domain"	"threatfox"	"ClickFix,clickfix"	"confidence_level=100; threat_type=payload_delivery; malware=unknown"
""	"hxxps://ukprintingcompany[.]co[.]uk"	"url"	"threatfox"	"ClickFix,clickfix"	"confidence_level=100; threat_type=payload_delivery; malware=unknown"
""	"rxwinone[.]com"	"domain"	"threatfox"	"ClickFix,clickfix"	"confidence_level=100; threat_type=payload_delivery; malware=unknown"
""	"hxxps://rxwinone[.]com"	"url"	"threatfox"	"ClickFix,clickfix"	"confidence_level=100; threat_type=payload_delivery; malware=unknown"
""	"upnewskill[.]asia"	"domain"	"threatfox"	"ClickFix,clickfix"	"confidence_level=100; threat_type=payload_delivery; malware=unknown"
""	"hxxps://upnewskill[.]asia"	"url"	"threatfox"	"ClickFix,clickfix"	"confidence_level=100; threat_type=payload_delivery; malware=unknown"
""	"pixelinks[.]co[.]uk"	"domain"	"threatfox"	"ClickFix,clickfix"	"confidence_level=100; threat_type=payload_delivery; malware=unknown"
""	"hxxps://pixelinks[.]co[.]uk"	"url"	"threatfox"	"ClickFix,clickfix"	"confidence_level=100; threat_type=payload_delivery; malware=unknown"
""	"hxxps://ukflagcompany[.]co[.]uk"	"url"	"threatfox"	"ClickFix,clickfix"	"confidence_level=100; threat_type=payload_delivery; malware=unknown"
""	"ukflagcompany[.]co[.]uk"	"domain"	"threatfox"	"ClickFix,clickfix"	"confidence_level=100; threat_type=payload_delivery; malware=unknown"
""	"92dadu1[.]online"	"domain"	"threatfox"	"ClickFix,clickfix"	"confidence_level=100; threat_type=payload_delivery; malware=unknown"
""	"hxxps://92dadu1[.]online"	"url"	"threatfox"	"ClickFix,clickfix"	"confidence_level=100; threat_type=payload_delivery; malware=unknown"
""	"caribairways[.]com"	"domain"	"threatfox"	"ClickFix,clickfix"	"confidence_level=100; threat_type=payload_delivery; malware=unknown"
""	"mkicau[.]com"	"domain"	"threatfox"	"ClickFix,clickfix"	"confidence_level=100; threat_type=payload_delivery; malware=unknown"
""	"hxxps://mkicau[.]com"	"url"	"threatfox"	"ClickFix,clickfix"	"confidence_level=100; threat_type=payload_delivery; malware=unknown"
""	"hxxps://caribairways[.]com"	"url"	"threatfox"	"ClickFix,clickfix"	"confidence_level=100; threat_type=payload_delivery; malware=unknown"
""	"hxxps://offercentralm[.]com"	"url"	"threatfox"	"ClickFix,clickfix"	"confidence_level=100; threat_type=payload_delivery; malware=unknown"
""	"offercentralm[.]com"	"domain"	"threatfox"	"ClickFix,clickfix"	"confidence_level=100; threat_type=payload_delivery; malware=unknown"
""	"offercentralre[.]com"	"domain"	"threatfox"	"ClickFix,clickfix"	"confidence_level=100; threat_type=payload_delivery; malware=unknown"
""	"hxxps://offercentralre[.]com"	"url"	"threatfox"	"ClickFix,clickfix"	"confidence_level=100; threat_type=payload_delivery; malware=unknown"
""	"hxxps://carkeyswithease[.]com/"	"url"	"threatfox"	"ClickFix,clickfix"	"confidence_level=90; threat_type=payload_delivery; malware=unknown; reference=https://clickfix.carsonww.com/domains/carkeyswithease.com"
""	"yelpmo[.]com"	"domain"	"threatfox"	"ClickFix,ErrTraffic,clickfix"	"confidence_level=100; threat_type=payload_delivery; malware=unknown"
""	"vipflorence[.]com"	"domain"	"threatfox"	"ClickFix,ErrTraffic,clickfix"	"confidence_level=100; threat_type=payload_delivery; malware=unknown"
""	"hxxp://5[.]175[.]234[.]213/small[.]bat"	"url"	"threatfox"	"ClickFix,clickfix"	"confidence_level=100; threat_type=payload_delivery; malware=unknown"
""	"hxxp://5[.]175[.]234[.]213/test[.]txt"	"url"	"threatfox"	"ClickFix,clickfix"	"confidence_level=100; threat_type=payload_delivery; malware=unknown"
""	"ofaskfaksfmtjmka[.]com"	"domain"	"threatfox"	"ClickFix,clickfix"	"confidence_level=100; threat_type=payload_delivery; malware=unknown"
""	"hxxps://ofaskfaksfmtjmka[.]com/kkaksf[.]js"	"url"	"threatfox"	"ClickFix,clickfix"	"confidence_level=100; threat_type=payload_delivery; malware=unknown"
""	"hxxp://193[.]111[.]117[.]21/R[.]GRE"	"url"	"threatfox"	"ClickFix,NetSupport RAT,clickfix"	"confidence_level=100; threat_type=payload_delivery; malware=win.netsupportmanager_rat"
