"date_utc"	"indicator"	"type"	"source"	"tags"	"context"
"2026-03-05T23:21:38Z"	"hxxp://130[.]12[.]180[.]43/files/7311893838/0fm7Hns[.]exe"	"url"	"urlhaus"	"stealc"	"status=offline; threat=malware_download"
"2026-03-05T23:21:38Z"	"hxxps://github[.]com/caio-arc/links/raw/refs/heads/main/Application[.]zip"	"url"	"urlhaus"	"stealc"	"status=online; threat=malware_download"
"2026-03-05T23:21:38Z"	"hxxp://196[.]251[.]107[.]104/5[.]exe"	"url"	"urlhaus"	"stealc"	"status=offline; threat=malware_download"
"2026-03-05T23:21:38Z"	"hxxp://94[.]154[.]35[.]115/user_profiles_photo/cptchbuild[.]bin"	"url"	"urlhaus"	"stealc"	"status=offline; threat=malware_download"
"2026-03-05T23:21:38Z"	"hxxp://id8965[.]com/1[.]exe"	"url"	"urlhaus"	"stealc"	"status=offline; threat=malware_download"
"2026-03-05T23:21:38Z"	"hxxp://196[.]251[.]107[.]104/build1[.]exe"	"url"	"urlhaus"	"stealc"	"status=online; threat=malware_download"
"2026-03-05T23:21:38Z"	"hxxp://196[.]251[.]107[.]130/nk[.]exe"	"url"	"urlhaus"	"stealc"	"status=online; threat=malware_download"
"2026-03-05T23:21:38Z"	"hxxp://196[.]251[.]107[.]130/buildx_x64[.]exe"	"url"	"urlhaus"	"stealc"	"status=online; threat=malware_download"
"2026-03-05T23:21:38Z"	"hxxp://130[.]12[.]180[.]43/files/7598745812/ACWEBaQ[.]exe"	"url"	"urlhaus"	"stealc"	"status=offline; threat=malware_download"
"2026-03-05T23:21:38Z"	"hxxp://196[.]251[.]107[.]130/mj1mDoD9[.]exe"	"url"	"urlhaus"	"stealc"	"status=offline; threat=malware_download"
"2026-03-05T23:21:38Z"	"hxxp://130[.]12[.]180[.]43/files/7342926508/cNRM1se[.]exe"	"url"	"urlhaus"	"stealc"	"status=offline; threat=malware_download"
"2026-03-05T23:21:38Z"	"hxxp://45[.]93[.]20[.]151/martread[.]exe"	"url"	"urlhaus"	"stealc"	"status=offline; threat=malware_download"
"2026-03-05T23:21:38Z"	"hxxp://130[.]12[.]180[.]43/files/drum/monk[.]exe"	"url"	"urlhaus"	"stealc"	"status=offline; threat=malware_download"
"2026-03-05T23:21:38Z"	"hxxp://130[.]12[.]180[.]43/files/maska/random[.]exe"	"url"	"urlhaus"	"stealc"	"status=offline; threat=malware_download"
"2026-03-05T23:21:38Z"	"hxxp://45[.]93[.]20[.]151/Installer[.]exe"	"url"	"urlhaus"	"stealc"	"status=offline; threat=malware_download"
"2026-03-05T23:21:38Z"	"hxxps://github[.]com/Keyur-m/hometask/raw/refs/heads/main/Application[.]zip"	"url"	"urlhaus"	"stealc"	"status=online; threat=malware_download"
"2026-03-05T23:21:38Z"	"hxxp://178[.]16[.]55[.]189/files/fer/random[.]exe"	"url"	"urlhaus"	"stealc"	"status=offline; threat=malware_download"
"2026-03-05T23:21:38Z"	"hxxp://130[.]12[.]180[.]43/files/7782139129/RZr3IyV[.]exe"	"url"	"urlhaus"	"stealc"	"status=offline; threat=malware_download"
"2026-03-05T23:21:38Z"	"hxxp://62[.]60[.]226[.]159/aibpcqx[.]exe"	"url"	"urlhaus"	"stealc"	"status=offline; threat=malware_download"
"2026-03-05T23:21:38Z"	"hxxp://62[.]60[.]226[.]159/Documents[.]exe"	"url"	"urlhaus"	"stealc"	"status=offline; threat=malware_download"
"2026-03-05T23:21:38Z"	"hxxp://130[.]12[.]180[.]43/files/2085577942/UCkDmUH[.]exe"	"url"	"urlhaus"	"stealc"	"status=offline; threat=malware_download"
"2026-03-05T23:21:38Z"	"hxxp://62[.]60[.]226[.]159/aiopbu[.]exe"	"url"	"urlhaus"	"stealc"	"status=offline; threat=malware_download"
"2026-03-05T23:21:38Z"	"hxxp://130[.]12[.]180[.]43/files/unique1/random[.]exe"	"url"	"urlhaus"	"stealc"	"status=offline; threat=malware_download"
"2026-03-05T23:21:38Z"	"hxxp://62[.]60[.]226[.]159/winhost[.]exe"	"url"	"urlhaus"	"stealc"	"status=offline; threat=malware_download"
"2026-03-05T23:21:38Z"	"hxxps://git[.]parscoders[.]com/Faral/myname/-/raw/main/ected[.]exe"	"url"	"urlhaus"	"stealc"	"status=offline; threat=malware_download"
"2026-03-05T23:21:38Z"	"hxxp://130[.]12[.]180[.]43/files/unique5/random[.]exe"	"url"	"urlhaus"	"stealc"	"status=offline; threat=malware_download"
"2026-03-05T23:21:38Z"	"hxxp://130[.]12[.]180[.]43/files/come/random[.]exe"	"url"	"urlhaus"	"stealc"	"status=offline; threat=malware_download"
"2026-03-05T23:21:38Z"	"hxxp://62[.]60[.]226[.]159/gfdhgcxww_x64[.]exe"	"url"	"urlhaus"	"stealc"	"status=offline; threat=malware_download"
"2026-03-05T23:21:38Z"	"hxxp://62[.]60[.]226[.]159/c[.]exe"	"url"	"urlhaus"	"stealc"	"status=offline; threat=malware_download"
"2026-03-05T23:21:38Z"	"hxxp://178[.]16[.]55[.]189/files/7782139129/53NoXKe[.]exe"	"url"	"urlhaus"	"stealc"	"status=offline; threat=malware_download"
"2026-03-05T23:21:38Z"	"hxxp://62[.]60[.]226[.]159/update[.]exe"	"url"	"urlhaus"	"stealc"	"status=offline; threat=malware_download"
"2026-03-05T23:21:38Z"	"hxxp://62[.]60[.]226[.]159/10[.]exe"	"url"	"urlhaus"	"stealc"	"status=offline; threat=malware_download"
"2026-03-05T23:21:38Z"	"hxxp://62[.]60[.]226[.]159/4[.]exe"	"url"	"urlhaus"	"stealc"	"status=online; threat=malware_download"
"2026-03-05T23:21:38Z"	"hxxp://178[.]16[.]55[.]189/files/8516164774/2j9sAWt[.]exe"	"url"	"urlhaus"	"stealc"	"status=offline; threat=malware_download"
"2026-03-05T23:21:38Z"	"hxxp://196[.]251[.]107[.]94:5553/72ec0de632434927892e1fd7b2bca1e9_build[.]exe"	"url"	"urlhaus"	"stealc"	"status=offline; threat=malware_download"
"2026-03-05T23:21:38Z"	"hxxp://178[.]16[.]55[.]189/files/151334531/VXdCW4e[.]exe"	"url"	"urlhaus"	"stealc"	"status=offline; threat=malware_download"
"2026-03-05T23:21:38Z"	"hxxp://178[.]16[.]55[.]189/files/2085577942/xg1Udyk[.]exe"	"url"	"urlhaus"	"stealc"	"status=offline; threat=malware_download"
"2026-03-05T23:21:38Z"	"hxxp://196[.]251[.]107[.]104/c[.]exe"	"url"	"urlhaus"	"stealc"	"status=offline; threat=malware_download"
"2026-03-05T23:21:38Z"	"hxxp://178[.]16[.]55[.]189/files/come/random[.]exe"	"url"	"urlhaus"	"stealc"	"status=offline; threat=malware_download"
"2026-03-05T23:21:38Z"	"hxxp://178[.]16[.]55[.]189/files/925585121/BOvefqb[.]exe"	"url"	"urlhaus"	"stealc"	"status=offline; threat=malware_download"
"2026-03-05T23:21:38Z"	"hxxps://raw[.]githubusercontent[.]com/Luz740/Awesome-NestJS-cheatsheet/main/lackey/Awesome-NestJS-cheatsheet[.]zip"	"url"	"urlhaus"	"stealc"	"status=offline; threat=malware_download"
"2026-03-05T23:21:38Z"	"hxxps://raw[.]githubusercontent[.]com/Textor205/fullyexternal-dota2/main/emulator/fullyexternal-dota2-3[.]9[.]zip"	"url"	"urlhaus"	"stealc"	"status=offline; threat=malware_download"
"2026-03-05T23:21:38Z"	"hxxps://raw[.]githubusercontent[.]com/MRjagday/asm/refs/heads/main/Launcher[.]zip"	"url"	"urlhaus"	"stealc"	"status=offline; threat=malware_download"
"2026-03-05T23:21:38Z"	"hxxp://45[.]93[.]20[.]34/UpdateScr[.]exe"	"url"	"urlhaus"	"stealc"	"status=offline; threat=malware_download"
"2026-03-05T23:21:38Z"	"hxxps://github[.]com/pfleuch/reset1/raw/refs/heads/main/Launcher[.]zip"	"url"	"urlhaus"	"stealc"	"status=offline; threat=malware_download"
"2026-03-05T23:21:38Z"	"hxxps://github[.]com/Krish637/hwid-changer/raw/refs/heads/main/enteria/hwid-changer_1[.]4-alpha[.]1[.]zip"	"url"	"urlhaus"	"stealc"	"status=offline; threat=malware_download"
"2026-03-05T23:21:38Z"	"hxxp://178[.]16[.]55[.]189/files/2085577942/3I0hkk9[.]exe"	"url"	"urlhaus"	"stealc"	"status=offline; threat=malware_download"
"2026-03-05T23:21:38Z"	"hxxp://196[.]251[.]107[.]94:5553/911003bc2e1a48bcad3df4f8822d3445_build[.]exe"	"url"	"urlhaus"	"stealc"	"status=offline; threat=malware_download"
"2026-03-05T23:21:38Z"	"hxxp://196[.]251[.]107[.]94:5553/8f97a032ba504731987d99793058861b_build[.]exe"	"url"	"urlhaus"	"stealc"	"status=offline; threat=malware_download"
"2026-03-05T23:21:38Z"	"hxxp://178[.]16[.]55[.]189/files/5917492177/DqXmvaf[.]exe"	"url"	"urlhaus"	"stealc"	"status=offline; threat=malware_download"
"2026-03-05T23:21:38Z"	"hxxp://196[.]251[.]107[.]94:5553/488ac560be52490391c8a64b0eb0cafd_build[.]exe"	"url"	"urlhaus"	"stealc"	"status=offline; threat=malware_download"
"2026-03-05T23:21:38Z"	"hxxp://196[.]251[.]107[.]94:5553/dbd544c5121242a09d0c83455153f18f_build[.]exe"	"url"	"urlhaus"	"stealc"	"status=offline; threat=malware_download"
"2026-03-05T23:21:38Z"	"hxxp://196[.]251[.]107[.]94:5553/01fc35e092ba4f898638bb7d49c1572f_build[.]exe"	"url"	"urlhaus"	"stealc"	"status=offline; threat=malware_download"
"2026-03-05T23:21:38Z"	"hxxp://196[.]251[.]107[.]94:5553/879b4bfa3a2c42c6a89f3c2290662e25_build[.]exe"	"url"	"urlhaus"	"stealc"	"status=offline; threat=malware_download"
"2026-03-05T23:21:38Z"	"hxxp://196[.]251[.]107[.]94:5553/5d22a78913464bfdbc143f4f738b1b29_build[.]exe"	"url"	"urlhaus"	"stealc"	"status=offline; threat=malware_download"
"2026-03-05T23:21:38Z"	"hxxp://196[.]251[.]107[.]94:5553/5b6878d928514a2f9d1e133410bd481a_build[.]exe"	"url"	"urlhaus"	"stealc"	"status=offline; threat=malware_download"
"2026-03-05T23:21:38Z"	"hxxp://196[.]251[.]107[.]104/3[.]exe"	"url"	"urlhaus"	"stealc"	"status=offline; threat=malware_download"
"2026-03-05T23:21:38Z"	"hxxp://178[.]16[.]55[.]189/files/2013373831/xNNUMED[.]exe"	"url"	"urlhaus"	"stealc"	"status=offline; threat=malware_download"
"2026-03-05T23:21:38Z"	"hxxp://178[.]16[.]55[.]189/files/2049738013/khrYlBW[.]exe"	"url"	"urlhaus"	"stealc"	"status=offline; threat=malware_download"
"2026-03-05T23:21:38Z"	"hxxp://178[.]16[.]55[.]189/files/7429313098/mxcIcAA[.]exe"	"url"	"urlhaus"	"stealc"	"status=offline; threat=malware_download"
"2026-03-05T23:21:38Z"	"hxxp://196[.]251[.]107[.]94:5553/f3d5a80d27c049f2ba17d69b09c13bd5_build[.]exe"	"url"	"urlhaus"	"stealc"	"status=offline; threat=malware_download"
"2026-03-05T23:21:38Z"	"hxxp://150[.]241[.]65[.]48/1[.]exe"	"url"	"urlhaus"	"stealc"	"status=offline; threat=malware_download"
"2026-03-05T23:21:38Z"	"hxxp://62[.]60[.]226[.]159/3[.]exe"	"url"	"urlhaus"	"stealc"	"status=online; threat=malware_download"
"2026-03-05T23:21:38Z"	"hxxps://77[.]83[.]175[.]91/18e58bd9b3a5293b/vcruntime140[.]dll"	"url"	"urlhaus"	"stealc"	"status=offline; threat=malware_download"
"2026-03-05T23:21:38Z"	"hxxps://zalypagylivera[.]disppomeverp1976[.]workers[.]dev/get-link"	"url"	"urlhaus"	"stealc"	"status=offline; threat=malware_download"
"2026-03-05T23:21:38Z"	"hxxp://178[.]16[.]53[.]7/x[.]exe"	"url"	"urlhaus"	"stealc"	"status=offline; threat=malware_download"
"2026-03-05T23:21:38Z"	"hxxp://158[.]94[.]208[.]102/x[.]exe"	"url"	"urlhaus"	"stealc"	"status=offline; threat=malware_download"
"2026-03-05T23:21:38Z"	"hxxp://178[.]16[.]55[.]189/files/8579546743/IufEDwD[.]exe"	"url"	"urlhaus"	"stealc"	"status=offline; threat=malware_download"
"2026-03-05T23:21:38Z"	"hxxp://178[.]16[.]55[.]189/files/8038530175/4hdQqmF[.]exe"	"url"	"urlhaus"	"stealc"	"status=offline; threat=malware_download"
"2026-03-05T23:21:38Z"	"hxxp://144[.]31[.]92[.]205/files/FACEITInstaller_64[.]exe"	"url"	"urlhaus"	"stealc"	"status=offline; threat=malware_download"
"2026-03-05T23:21:38Z"	"hxxps://serikalikl[.]spoticualpe1970[.]workers[.]dev/get-link"	"url"	"urlhaus"	"stealc"	"status=offline; threat=malware_download"
"2026-03-05T23:21:38Z"	"hxxp://213[.]209[.]150[.]224/login/3keXipGb5Rr+gpGO9CjsSfdz+of5"	"url"	"urlhaus"	"stealc"	"status=offline; threat=malware_download"
"2026-03-05T23:21:38Z"	"hxxp://91[.]92[.]243[.]91/documents/files/64CC37828HHKDeQ/BLENDERX[.]zip"	"url"	"urlhaus"	"stealc"	"status=offline; threat=malware_download"
"2026-03-05T23:21:38Z"	"hxxps://addons1[.]poupathockm2ist10012[.]workers[.]dev/get-link"	"url"	"urlhaus"	"stealc"	"status=offline; threat=malware_download"
"2026-03-05T23:21:38Z"	"hxxps://blenderxnew[.]tohocaper1979[.]workers[.]dev/get-link"	"url"	"urlhaus"	"stealc"	"status=offline; threat=malware_download"
"2026-03-05T23:21:38Z"	"hxxps://zalukina[.]avisregde1988[.]workers[.]dev/get-link"	"url"	"urlhaus"	"stealc"	"status=offline; threat=malware_download"
"2026-03-05T23:21:38Z"	"hxxp://zovwowgyl[.]spoticualpe1970[.]workers[.]dev/get-link"	"url"	"urlhaus"	"stealc"	"status=offline; threat=malware_download"
"2026-03-05T23:21:38Z"	"hxxp://212[.]87[.]222[.]84/login/3keXipGb5Rr+gpGO9CjsSfdz+of5"	"url"	"urlhaus"	"stealc"	"status=offline; threat=malware_download"
"2026-03-05T23:21:38Z"	"hxxps://addons1[.]12cloudaddons198756[.]workers[.]dev/get-link"	"url"	"urlhaus"	"stealc"	"status=offline; threat=malware_download"
"2026-03-05T23:21:38Z"	"hxxp://62[.]60[.]226[.]159/2[.]exe"	"url"	"urlhaus"	"stealc"	"status=online; threat=malware_download"
"2026-03-05T23:21:38Z"	"hxxps://zovwowgyl[.]simzqlupasdali1976[.]workers[.]dev/get-link"	"url"	"urlhaus"	"stealc"	"status=offline; threat=malware_download"
"2026-03-05T23:21:38Z"	"hxxps://blenderx[.]mouthrunnbeva1986[.]workers[.]dev/get-link"	"url"	"urlhaus"	"stealc"	"status=offline; threat=malware_download"
"2026-03-05T23:21:38Z"	"hxxps://www[.]cgtrader[.]com/free-3d-models/character/man/spacesuit-nasa-apollo-11-84ff16e9-8b65-4faa-9b53-8aabb421b98f"	"url"	"urlhaus"	"stealc"	"status=offline; threat=malware_download"
"2026-03-05T23:21:38Z"	"hxxps://blenderx[.]osloyverjua1977[.]workers[.]dev/get-link"	"url"	"urlhaus"	"stealc"	"status=offline; threat=malware_download"
"2026-03-05T23:21:38Z"	"hxxp://91[.]92[.]243[.]87/login/3keXipGb5Rr+gpGO9CjsSfdz+of"	"url"	"urlhaus"	"stealc"	"status=offline; threat=malware_download"
"2026-03-05T23:21:38Z"	"hxxp://91[.]92[.]241[.]143/login/w1GHz5ydpg/q"	"url"	"urlhaus"	"stealc"	"status=offline; threat=malware_download"
"2026-03-05T23:21:38Z"	"hxxp://178[.]16[.]54[.]69/login/3keXipGb5Rr+gpGO9CjsSfdz+of5"	"url"	"urlhaus"	"stealc"	"status=offline; threat=malware_download"
"2026-03-05T23:21:38Z"	"hxxps://zalypagylivera[.]nzalupadons1912[.]workers[.]dev/get-link"	"url"	"urlhaus"	"stealc"	"status=offline; threat=malware_download"
"2026-03-05T23:21:38Z"	"hxxp://178[.]16[.]54[.]69/login/w1GHz5ydpg/q"	"url"	"urlhaus"	"stealc"	"status=offline; threat=malware_download"
"2026-03-05T23:21:38Z"	"hxxp://196[.]251[.]107[.]94:5553/999880fb2f23445aa462ca830a504d0c_crypted_build[.]exe"	"url"	"urlhaus"	"stealc"	"status=offline; threat=malware_download"
"2026-03-05T23:21:38Z"	"hxxp://178[.]16[.]55[.]189/files/376483188/nFsFfux[.]exe"	"url"	"urlhaus"	"stealc"	"status=offline; threat=malware_download"
"2026-03-05T23:21:38Z"	"hxxp://178[.]16[.]55[.]189/files/7947877190/FFis9i8[.]exe"	"url"	"urlhaus"	"stealc"	"status=offline; threat=malware_download"
"2026-03-05T23:21:38Z"	"hxxp://178[.]16[.]55[.]189/files/2074726003/gbJgfsF[.]exe"	"url"	"urlhaus"	"stealc"	"status=offline; threat=malware_download"
"2026-03-05T23:21:38Z"	"hxxp://62[.]60[.]226[.]159/1[.]exe"	"url"	"urlhaus"	"stealc"	"status=online; threat=malware_download"
"2026-03-05T23:21:38Z"	"hxxp://178[.]16[.]55[.]189/files/7782139129/5zl6Rbq[.]exe"	"url"	"urlhaus"	"stealc"	"status=offline; threat=malware_download"
"2026-03-05T23:21:38Z"	"hxxps://health-smooth-eu2[.]com/t[.]hta"	"url"	"urlhaus"	"stealc"	"status=offline; threat=malware_download"
"2026-03-05T23:21:38Z"	"hxxp://178[.]16[.]55[.]189/files/6065878864/rTVfrvv[.]exe"	"url"	"urlhaus"	"stealc"	"status=offline; threat=malware_download"
"2026-03-05T23:21:38Z"	"hxxp://45[.]94[.]47[.]92/update/update[.]exe"	"url"	"urlhaus"	"stealc"	"status=offline; threat=malware_download"
"2026-03-05T23:21:38Z"	"hxxp://196[.]251[.]107[.]23/iopvb_x64[.]exe"	"url"	"urlhaus"	"stealc"	"status=offline; threat=malware_download"
"2026-03-05T23:21:38Z"	"hxxp://178[.]16[.]55[.]189/files/1723199453/gvWsYPB[.]exe"	"url"	"urlhaus"	"stealc"	"status=offline; threat=malware_download"
"2026-03-05T23:21:38Z"	"hxxp://178[.]16[.]55[.]189/files/5917492177/aTQ3pZ1[.]exe"	"url"	"urlhaus"	"stealc"	"status=offline; threat=malware_download"
"2026-03-05T23:21:38Z"	"hxxp://178[.]16[.]55[.]189/files/5876083921/oKPrv0O[.]exe"	"url"	"urlhaus"	"stealc"	"status=offline; threat=malware_download"
"2026-03-05T23:21:38Z"	"hxxp://62[.]60[.]226[.]248:5553/cb687a0a0c034c878a1d11f85d7e81d3_7065635553_build[.]bin"	"url"	"urlhaus"	"stealc"	"status=offline; threat=malware_download"
"2026-03-05T23:21:38Z"	"hxxp://196[.]251[.]107[.]23/iopvb_x32[.]exe"	"url"	"urlhaus"	"stealc"	"status=offline; threat=malware_download"
"2026-03-05T23:21:38Z"	"hxxp://178[.]16[.]55[.]189/files/5296057416/ogsdjCA[.]exe"	"url"	"urlhaus"	"stealc"	"status=offline; threat=malware_download"
"2026-03-05T23:21:38Z"	"hxxp://178[.]16[.]55[.]189/files/5917492177/oJ1eBwI[.]exe"	"url"	"urlhaus"	"stealc"	"status=offline; threat=malware_download"
"2026-03-05T23:21:38Z"	"hxxp://178[.]16[.]55[.]189/files/5917492177/pzap5cI[.]exe"	"url"	"urlhaus"	"stealc"	"status=offline; threat=malware_download"
"2026-03-05T23:21:38Z"	"hxxp://178[.]16[.]55[.]189/files/6526700278/gHZl9L2[.]exe"	"url"	"urlhaus"	"stealc"	"status=offline; threat=malware_download"
"2026-03-05T23:21:38Z"	"hxxp://178[.]16[.]54[.]200/files/5917492177/zAITnzZ[.]exe"	"url"	"urlhaus"	"stealc"	"status=offline; threat=malware_download"
"2026-03-05T23:21:38Z"	"hxxp://178[.]16[.]54[.]200/files/5917492177/azqIbxg[.]exe"	"url"	"urlhaus"	"stealc"	"status=offline; threat=malware_download"
"2026-03-05T23:21:38Z"	"hxxp://178[.]16[.]54[.]200/files/5917492177/hPXwsPq[.]exe"	"url"	"urlhaus"	"stealc"	"status=offline; threat=malware_download"
"2026-03-05T23:21:38Z"	"hxxp://178[.]16[.]54[.]200/files/5917492177/y3nKmht[.]exe"	"url"	"urlhaus"	"stealc"	"status=offline; threat=malware_download"
"2026-03-05T23:21:38Z"	"hxxp://178[.]16[.]54[.]200/files/5917492177/ZLuqKE7[.]exe"	"url"	"urlhaus"	"stealc"	"status=offline; threat=malware_download"
"2026-03-05T23:21:38Z"	"hxxp://178[.]16[.]54[.]200/files/5917492177/9t3D4G8[.]exe"	"url"	"urlhaus"	"stealc"	"status=offline; threat=malware_download"
"2026-03-05T23:21:38Z"	"hxxp://178[.]16[.]54[.]200/files/5917492177/DggHm5B[.]exe"	"url"	"urlhaus"	"stealc"	"status=offline; threat=malware_download"
"2026-03-05T23:21:38Z"	"hxxp://178[.]16[.]54[.]200/files/5917492177/ZDrZm0E[.]exe"	"url"	"urlhaus"	"stealc"	"status=offline; threat=malware_download"
"2026-03-05T23:21:38Z"	"hxxps://f005[.]backblazeb2[.]com/file/st01hw/hw[.]exe"	"url"	"urlhaus"	"stealc"	"status=offline; threat=malware_download"
"2026-03-05T23:21:38Z"	"hxxp://178[.]16[.]54[.]200/files/5917492177/VXumDYy[.]exe"	"url"	"urlhaus"	"stealc"	"status=offline; threat=malware_download"
"2026-03-05T23:21:38Z"	"hxxp://178[.]16[.]54[.]200/files/8455735771/upt37RC[.]exe"	"url"	"urlhaus"	"stealc"	"status=offline; threat=malware_download"
"2026-03-05T23:21:38Z"	"hxxp://178[.]16[.]55[.]189/files/6065878864/DoqOBaY[.]exe"	"url"	"urlhaus"	"stealc"	"status=offline; threat=malware_download"
"2026-03-05T23:21:38Z"	"hxxp://178[.]16[.]55[.]189/files/1776871603/0rXld4E[.]exe"	"url"	"urlhaus"	"stealc"	"status=offline; threat=malware_download"
"2026-03-05T23:21:38Z"	"hxxp://178[.]16[.]55[.]189/files/7782139129/o4sh5WV[.]exe"	"url"	"urlhaus"	"stealc"	"status=offline; threat=malware_download"
"2026-03-05T23:21:38Z"	"hxxp://178[.]16[.]55[.]189/files/5917492177/7rbUMPu[.]exe"	"url"	"urlhaus"	"stealc"	"status=offline; threat=malware_download"
"2026-03-05T23:21:38Z"	"hxxp://178[.]16[.]55[.]189/files/6065878864/bPMVPQx[.]exe"	"url"	"urlhaus"	"stealc"	"status=offline; threat=malware_download"
"2026-03-05T23:21:38Z"	"hxxp://178[.]16[.]53[.]7/xobi[.]exe"	"url"	"urlhaus"	"stealc"	"status=offline; threat=malware_download"
"2026-03-05T23:21:38Z"	"hxxp://178[.]16[.]55[.]189/files/8379447128/QLazVgb[.]exe"	"url"	"urlhaus"	"stealc"	"status=offline; threat=malware_download"
"2026-03-05T23:21:38Z"	"hxxp://178[.]16[.]55[.]189/files/8379447128/jFFvPLD[.]exe"	"url"	"urlhaus"	"stealc"	"status=offline; threat=malware_download"
"2026-03-05T23:21:38Z"	"hxxp://178[.]16[.]55[.]189/files/5917492177/TpJ3vI0[.]exe"	"url"	"urlhaus"	"stealc"	"status=offline; threat=malware_download"
"2026-03-05T23:21:38Z"	"hxxp://178[.]16[.]55[.]189/files/5917492177/UuAJSEE[.]exe"	"url"	"urlhaus"	"stealc"	"status=offline; threat=malware_download"
"2026-03-05T23:21:38Z"	"hxxp://178[.]16[.]55[.]189/files/5917492177/q9AG9qV[.]exe"	"url"	"urlhaus"	"stealc"	"status=offline; threat=malware_download"
"2026-03-05T23:21:38Z"	"hxxp://178[.]16[.]55[.]189/files/6065878864/lsLqvrc[.]exe"	"url"	"urlhaus"	"stealc"	"status=offline; threat=malware_download"
"2026-03-05T23:21:38Z"	"hxxp://178[.]16[.]55[.]189/files/5917492177/kMoz7Hl[.]exe"	"url"	"urlhaus"	"stealc"	"status=offline; threat=malware_download"
"2026-03-05T23:21:38Z"	"hxxp://178[.]16[.]55[.]189/files/5917492177/L75AINf[.]exe"	"url"	"urlhaus"	"stealc"	"status=offline; threat=malware_download"
"2026-03-05T23:21:38Z"	"hxxp://178[.]16[.]55[.]189/files/6053747383/TqBeWyv[.]exe"	"url"	"urlhaus"	"stealc"	"status=offline; threat=malware_download"
"2026-03-05T23:21:38Z"	"hxxp://178[.]16[.]55[.]189/files/5917492177/LnDGrdY[.]exe"	"url"	"urlhaus"	"stealc"	"status=offline; threat=malware_download"
"2026-03-05T23:21:38Z"	"hxxp://178[.]16[.]55[.]189/files/5917492177/BaGrrRL[.]exe"	"url"	"urlhaus"	"stealc"	"status=offline; threat=malware_download"
"2026-03-05T23:21:38Z"	"hxxp://178[.]16[.]55[.]189/files/5917492177/Mwt6qk5[.]exe"	"url"	"urlhaus"	"stealc"	"status=offline; threat=malware_download"
"2026-03-05T23:21:38Z"	"hxxp://178[.]16[.]55[.]189/files/5917492177/mZQKmUx[.]exe"	"url"	"urlhaus"	"stealc"	"status=offline; threat=malware_download"
"2026-03-05T23:21:38Z"	"hxxp://178[.]16[.]55[.]189/files/5917492177/9C8mKUO[.]exe"	"url"	"urlhaus"	"stealc"	"status=offline; threat=malware_download"
"2026-03-05T23:21:38Z"	"hxxp://178[.]16[.]55[.]189/files/5917492177/lh16kdu[.]exe"	"url"	"urlhaus"	"stealc"	"status=offline; threat=malware_download"
"2026-03-05T23:21:38Z"	"hxxp://178[.]16[.]53[.]7/Stealc[.]exe"	"url"	"urlhaus"	"stealc"	"status=offline; threat=malware_download"
"2026-03-05T23:21:38Z"	"hxxp://178[.]16[.]55[.]189/files/5917492177/2mxH0QC[.]exe"	"url"	"urlhaus"	"stealc"	"status=offline; threat=malware_download"
"2026-03-05T23:21:38Z"	"hxxp://178[.]16[.]55[.]189/download[.]php?file=999[.]exe"	"url"	"urlhaus"	"stealc"	"status=offline; threat=malware_download"
"2026-03-05T23:21:38Z"	"hxxp://178[.]16[.]55[.]189/files/mr/random[.]exe"	"url"	"urlhaus"	"stealc"	"status=offline; threat=malware_download"
"2026-03-05T23:21:38Z"	"hxxp://45[.]132[.]107[.]229/1acc7899d5577c57/vcruntime140[.]dll"	"url"	"urlhaus"	"stealc"	"status=offline; threat=malware_download"
"2026-03-05T23:21:38Z"	"hxxp://178[.]16[.]55[.]189/files/5917492177/G38FpQr[.]exe"	"url"	"urlhaus"	"stealc"	"status=offline; threat=malware_download"
"2026-03-05T23:21:38Z"	"hxxp://84[.]200[.]80[.]22/trade[.]exe"	"url"	"urlhaus"	"stealc"	"status=offline; threat=malware_download"
"2026-03-05T23:21:38Z"	"hxxp://84[.]200[.]80[.]22/detail[.]exe"	"url"	"urlhaus"	"stealc"	"status=offline; threat=malware_download"
"2026-03-05T23:21:38Z"	"hxxp://84[.]200[.]80[.]22/news[.]exe"	"url"	"urlhaus"	"stealc"	"status=offline; threat=malware_download"
"2026-03-05T23:21:38Z"	"hxxp://178[.]16[.]55[.]189/files/5917492177/R6DKpTV[.]exe"	"url"	"urlhaus"	"stealc"	"status=offline; threat=malware_download"
"2026-03-05T23:21:38Z"	"hxxp://178[.]16[.]55[.]189/files/5917492177/EF6CXU6[.]exe"	"url"	"urlhaus"	"stealc"	"status=offline; threat=malware_download"
"2026-03-05T23:21:38Z"	"hxxp://87[.]251[.]66[.]74/Documents/trade[.]txt[.]lnk"	"url"	"urlhaus"	"stealc"	"status=offline; threat=malware_download"
"2026-03-05T23:21:38Z"	"hxxp://87[.]251[.]66[.]74/Documents/news[.]pdf[.]lnk"	"url"	"urlhaus"	"stealc"	"status=offline; threat=malware_download"
"2026-03-05T23:21:38Z"	"hxxp://87[.]251[.]66[.]74/Documents/detail[.]txt[.]lnk"	"url"	"urlhaus"	"stealc"	"status=offline; threat=malware_download"
"2026-03-05T23:21:38Z"	"hxxp://178[.]16[.]55[.]189/files/5917492177/u5T0tvf[.]exe"	"url"	"urlhaus"	"stealc"	"status=offline; threat=malware_download"
"2026-03-05T23:21:38Z"	"hxxp://176[.]46[.]152[.]21/Stealc[.]exe"	"url"	"urlhaus"	"stealc"	"status=offline; threat=malware_download"
"2026-03-05T23:21:38Z"	"hxxp://178[.]16[.]55[.]189/files/6393041478/34mmAZL[.]exe"	"url"	"urlhaus"	"stealc"	"status=offline; threat=malware_download"
"2026-03-05T23:21:38Z"	"hxxps://app[.]surrogatesolutions[.]net/application/install[.]exe"	"url"	"urlhaus"	"stealc"	"status=offline; threat=malware_download"
"2026-03-05T23:21:38Z"	"hxxp://185[.]164[.]59[.]38/12/houselet[.]exe"	"url"	"urlhaus"	"stealc"	"status=offline; threat=malware_download"
"2026-03-05T23:21:38Z"	"hxxp://158[.]94[.]208[.]102/update[.]exe"	"url"	"urlhaus"	"stealc"	"status=offline; threat=malware_download"
"2026-03-05T23:21:38Z"	"hxxp://185[.]164[.]59[.]38/12/indevout[.]exe"	"url"	"urlhaus"	"stealc"	"status=offline; threat=malware_download"
"2026-03-05T23:21:38Z"	"hxxp://178[.]16[.]55[.]189/files/5917492177/MoFhL1N[.]exe"	"url"	"urlhaus"	"stealc"	"status=offline; threat=malware_download"
"2026-03-05T23:21:38Z"	"hxxp://178[.]16[.]55[.]189/files/502259649/8omkiD7[.]exe"	"url"	"urlhaus"	"stealc"	"status=offline; threat=malware_download"
"2026-03-05T23:21:38Z"	"hxxp://178[.]16[.]55[.]189/files/5917492177/rqqk3LW[.]exe"	"url"	"urlhaus"	"stealc"	"status=offline; threat=malware_download"
"2026-03-05T23:21:38Z"	"hxxp://158[.]94[.]208[.]190/stealc[.]exe"	"url"	"urlhaus"	"stealc"	"status=offline; threat=malware_download"
"2026-03-05T23:21:38Z"	"hxxp://178[.]16[.]55[.]189/files/5917492177/snsyeA1[.]exe"	"url"	"urlhaus"	"stealc"	"status=offline; threat=malware_download"
"2026-03-05T23:21:38Z"	"hxxp://178[.]16[.]55[.]189/files/6536110418/7B1WGaP[.]exe"	"url"	"urlhaus"	"stealc"	"status=offline; threat=malware_download"
"2026-03-05T23:21:38Z"	"hxxp://178[.]16[.]55[.]189/files/8476495206/Gu8TBUQ[.]exe"	"url"	"urlhaus"	"stealc"	"status=offline; threat=malware_download"
"2026-03-05T23:21:38Z"	"hxxp://178[.]16[.]55[.]189/files/5917492177/7H4aPe4[.]exe"	"url"	"urlhaus"	"stealc"	"status=offline; threat=malware_download"
"2026-03-05T23:21:38Z"	"hxxp://178[.]16[.]55[.]189/files/5917492177/lk5Bp4t[.]exe"	"url"	"urlhaus"	"stealc"	"status=offline; threat=malware_download"
"2026-03-05T23:21:38Z"	"hxxp://178[.]16[.]55[.]189/files/6875802221/FKr5f0o[.]exe"	"url"	"urlhaus"	"stealc"	"status=offline; threat=malware_download"
"2026-03-05T23:21:38Z"	"hxxp://178[.]16[.]55[.]189/files/8374289233/tmiUG8n[.]exe"	"url"	"urlhaus"	"stealc"	"status=offline; threat=malware_download"
"2026-03-05T23:21:38Z"	"hxxp://178[.]16[.]55[.]189/files/7666184463/bvzEL6T[.]exe"	"url"	"urlhaus"	"stealc"	"status=offline; threat=malware_download"
"2026-03-05T23:21:38Z"	"hxxp://178[.]16[.]55[.]189/files/7666184463/O6rSznO[.]exe"	"url"	"urlhaus"	"stealc"	"status=offline; threat=malware_download"
"2026-03-05T23:21:38Z"	"hxxp://158[.]94[.]208[.]102/lumma[.]exe"	"url"	"urlhaus"	"stealc"	"status=offline; threat=malware_download"
"2026-03-05T23:21:38Z"	"hxxp://178[.]16[.]55[.]189/files/5917492177/2f34b5X[.]exe"	"url"	"urlhaus"	"stealc"	"status=offline; threat=malware_download"
"2026-03-05T23:21:38Z"	"hxxp://178[.]16[.]55[.]189/files/5917492177/YlON1Mf[.]exe"	"url"	"urlhaus"	"stealc"	"status=offline; threat=malware_download"
"2026-03-05T23:21:38Z"	"hxxp://178[.]16[.]55[.]189/files/5254702106/3rkLaCB[.]exe"	"url"	"urlhaus"	"stealc"	"status=offline; threat=malware_download"
"2026-03-05T23:21:38Z"	"hxxp://178[.]16[.]55[.]189/files/7598074467/OIJCOzA[.]exe"	"url"	"urlhaus"	"stealc"	"status=offline; threat=malware_download"
"2026-03-05T23:21:38Z"	"hxxp://178[.]16[.]55[.]189/files/5917492177/dceAtCV[.]exe"	"url"	"urlhaus"	"stealc"	"status=offline; threat=malware_download"
"2026-03-05T23:21:38Z"	"hxxp://178[.]16[.]55[.]189/files/5254702106/9ZJIo6X[.]exe"	"url"	"urlhaus"	"stealc"	"status=offline; threat=malware_download"
"2026-03-05T23:21:38Z"	"hxxp://178[.]16[.]55[.]189/files/5917492177/l0ztdjc[.]exe"	"url"	"urlhaus"	"stealc"	"status=offline; threat=malware_download"
"2026-03-05T23:21:38Z"	"hxxp://178[.]16[.]55[.]189/files/7782139129/zuaC5x8[.]exe"	"url"	"urlhaus"	"stealc"	"status=offline; threat=malware_download"
"2026-03-05T23:21:38Z"	"hxxp://178[.]16[.]55[.]189/files/7782139129/nNM31RQ[.]exe"	"url"	"urlhaus"	"stealc"	"status=offline; threat=malware_download"
"2026-03-05T23:21:38Z"	"hxxp://178[.]16[.]55[.]189/files/5917492177/EPC3vmt[.]exe"	"url"	"urlhaus"	"stealc"	"status=offline; threat=malware_download"
"2026-03-05T23:21:38Z"	"hxxp://176[.]46[.]152[.]21/zrs[.]exe"	"url"	"urlhaus"	"stealc"	"status=offline; threat=malware_download"
"2026-03-05T23:21:38Z"	"hxxp://178[.]16[.]54[.]200/files/5917492177/EPC3vmt[.]exe"	"url"	"urlhaus"	"stealc"	"status=offline; threat=malware_download"
"2026-03-05T23:21:38Z"	"hxxp://158[.]94[.]208[.]190//update[.]exe"	"url"	"urlhaus"	"stealc"	"status=offline; threat=malware_download"
"2026-03-05T23:21:38Z"	"hxxp://158[.]94[.]208[.]190/Update[.]exe"	"url"	"urlhaus"	"stealc"	"status=offline; threat=malware_download"
"2026-03-05T23:21:38Z"	"hxxps://verification84125[.]info/crypted[.]exe"	"url"	"urlhaus"	"stealc"	"status=offline; threat=malware_download"
"2026-03-05T23:21:38Z"	"hxxp://213[.]209[.]150[.]113/files/7886909490/z8ot0Fy[.]exe"	"url"	"urlhaus"	"stealc"	"status=offline; threat=malware_download"
"2026-03-05T23:21:38Z"	"hxxp://178[.]16[.]55[.]189/files/5296057416/Tse2E3k[.]exe"	"url"	"urlhaus"	"stealc"	"status=offline; threat=malware_download"
"2026-03-05T23:21:38Z"	"hxxp://178[.]16[.]54[.]200/files/5917492177/QTu8SCx[.]exe"	"url"	"urlhaus"	"stealc"	"status=offline; threat=malware_download"
"2026-03-05T23:21:38Z"	"hxxp://178[.]16[.]54[.]200/files/5876083921/iYKA8yB[.]exe"	"url"	"urlhaus"	"stealc"	"status=offline; threat=malware_download"
"2026-03-05T23:21:38Z"	"hxxp://178[.]16[.]54[.]200/files/5254702106/eqEgiiV[.]exe"	"url"	"urlhaus"	"stealc"	"status=offline; threat=malware_download"
"2026-03-05T23:21:38Z"	"hxxp://178[.]16[.]54[.]200/files/5254702106/lAnu0L7[.]exe"	"url"	"urlhaus"	"stealc"	"status=offline; threat=malware_download"
"2026-03-05T23:21:38Z"	"hxxp://178[.]16[.]53[.]193/mK2k20ajW7kairt1mg88vT1aT9vwU5AZN9AkYYs2QBNbnXV3ph/YEr2KP0jEBhSDdVcS9cWNhbKUgDxcEm9kqxLwFAdHgmKyw7FZq[.]exe"	"url"	"urlhaus"	"stealc"	"status=offline; threat=malware_download"
"2026-03-05T23:21:38Z"	"hxxp://178[.]16[.]53[.]193/mK2k20ajW7kairt1mg88vT1aT9vwU5AZN9AkYYs2QBNbnXV3ph/mr5jFfcvZvZar7iVtoQbfoiZSmPezngqoXAYPg38Ox6k48cqPT[.]exe"	"url"	"urlhaus"	"stealc"	"status=offline; threat=malware_download"
"2026-03-05T23:21:38Z"	"hxxp://178[.]16[.]54[.]200/files/6335391544/17aJ1ae[.]exe"	"url"	"urlhaus"	"stealc"	"status=offline; threat=malware_download"
"2026-03-05T23:21:38Z"	"hxxp://178[.]16[.]54[.]200/files/5296057416/NjtIeMV[.]exe"	"url"	"urlhaus"	"stealc"	"status=offline; threat=malware_download"
"2026-03-05T23:21:38Z"	"hxxp://178[.]16[.]54[.]200/files/5296057416/Tse2E3k[.]exe"	"url"	"urlhaus"	"stealc"	"status=offline; threat=malware_download"
"2026-03-05T23:21:38Z"	"hxxp://178[.]16[.]54[.]200/files/8061402479/xO50QoO[.]exe"	"url"	"urlhaus"	"stealc"	"status=offline; threat=malware_download"
"2026-03-05T23:21:38Z"	"hxxp://5[.]189[.]161[.]33/data/setup[.]exe"	"url"	"urlhaus"	"stealc"	"status=offline; threat=malware_download"
"2026-03-05T23:21:38Z"	"hxxp://154[.]216[.]20[.]246/f493d73b2e06dbd2/mozglue[.]dll"	"url"	"urlhaus"	"stealc"	"status=offline; threat=malware_download"
"2026-03-05T23:21:38Z"	"hxxp://178[.]16[.]53[.]7/5[.]exe"	"url"	"urlhaus"	"stealc"	"status=offline; threat=malware_download"
"2026-03-05T23:21:38Z"	"hxxp://178[.]16[.]55[.]189/files/unique1/random[.]exe"	"url"	"urlhaus"	"stealc"	"status=offline; threat=malware_download"
"2026-03-05T23:21:38Z"	"hxxp://85[.]208[.]84[.]41/1[.]exe"	"url"	"urlhaus"	"stealc"	"status=offline; threat=malware_download"
"2026-03-05T23:21:38Z"	"hxxp://178[.]16[.]55[.]189/files/8061402479/xO50QoO[.]exe"	"url"	"urlhaus"	"stealc"	"status=offline; threat=malware_download"
"2026-03-05T23:21:38Z"	"hxxp://178[.]16[.]55[.]189/files/5254702106/kdK1YiK[.]exe"	"url"	"urlhaus"	"stealc"	"status=offline; threat=malware_download"
"2026-03-05T23:21:38Z"	"hxxp://178[.]16[.]53[.]7/1[.]exe"	"url"	"urlhaus"	"stealc"	"status=offline; threat=malware_download"
"2026-03-05T23:21:38Z"	"hxxp://178[.]16[.]53[.]7/a[.]exe"	"url"	"urlhaus"	"stealc"	"status=offline; threat=malware_download"
"2026-03-05T23:21:38Z"	"hxxp://178[.]16[.]55[.]189/files/5254702106/FaPJWth[.]exe"	"url"	"urlhaus"	"stealc"	"status=offline; threat=malware_download"
"2026-03-05T23:21:38Z"	"hxxp://178[.]16[.]55[.]189/files/unique4/random[.]exe"	"url"	"urlhaus"	"stealc"	"status=offline; threat=malware_download"
"2026-03-05T23:21:38Z"	"hxxp://178[.]16[.]55[.]189/files/5254702106/4sDv8Er[.]exe"	"url"	"urlhaus"	"stealc"	"status=offline; threat=malware_download"
"2026-03-05T23:21:38Z"	"hxxp://178[.]16[.]55[.]189/files/7631641590/CAuLv8j[.]exe"	"url"	"urlhaus"	"stealc"	"status=offline; threat=malware_download"
"2026-03-05T23:21:38Z"	"hxxp://178[.]16[.]55[.]189/files/7598074467/l3Gg3zW[.]exe"	"url"	"urlhaus"	"stealc"	"status=offline; threat=malware_download"
"2026-03-05T23:21:38Z"	"hxxp://178[.]16[.]55[.]189/files/5254702106/76I7mDI[.]exe"	"url"	"urlhaus"	"stealc"	"status=offline; threat=malware_download"
"2026-03-05T23:21:38Z"	"hxxp://178[.]16[.]55[.]189/files/7631641590/b56WCFq[.]exe"	"url"	"urlhaus"	"stealc"	"status=offline; threat=malware_download"
"2026-03-05T23:21:38Z"	"hxxp://178[.]16[.]55[.]189/files/5254702106/trvb3cO[.]exe"	"url"	"urlhaus"	"stealc"	"status=offline; threat=malware_download"
"2026-03-05T23:21:38Z"	"hxxp://213[.]209[.]150[.]113/files/5296057416/Tse2E3k[.]exe"	"url"	"urlhaus"	"stealc"	"status=offline; threat=malware_download"
"2026-03-05T23:21:38Z"	"hxxp://45[.]141[.]233[.]196/files/5254702106/LXkGFUT[.]exe"	"url"	"urlhaus"	"stealc"	"status=offline; threat=malware_download"
"2026-03-05T23:21:38Z"	"hxxps://github[.]com/FaringtonGMBH/Releases/releases/download/2[.]0/GMBH_Bremen[.]2[.]1_x32[.]zip"	"url"	"urlhaus"	"stealc"	"status=offline; threat=malware_download"
"2026-03-05T23:21:38Z"	"hxxp://213[.]209[.]150[.]113/files/5254702106/trvb3cO[.]exe"	"url"	"urlhaus"	"stealc"	"status=offline; threat=malware_download"
"2026-03-05T23:21:38Z"	"hxxps://filehosting-6rc[.]pages[.]dev/base"	"url"	"urlhaus"	"stealc"	"status=offline; threat=malware_download"
"2026-03-05T23:21:38Z"	"hxxps://filebase[.]pages[.]dev/ssym0ukul7[.]exe"	"url"	"urlhaus"	"stealc"	"status=offline; threat=malware_download"
"2026-03-05T23:21:38Z"	"hxxp://45[.]141[.]233[.]196/files/5254702106/trvb3cO[.]exe"	"url"	"urlhaus"	"stealc"	"status=offline; threat=malware_download"
"2026-03-05T23:21:38Z"	"hxxp://45[.]141[.]233[.]196/files/5296057416/Tse2E3k[.]exe"	"url"	"urlhaus"	"stealc"	"status=offline; threat=malware_download"
"2026-03-05T23:21:38Z"	"hxxp://45[.]141[.]233[.]196/files/5254702106/6QX64mY[.]exe"	"url"	"urlhaus"	"stealc"	"status=offline; threat=malware_download"
"2026-03-05T23:21:38Z"	"hxxp://176[.]46[.]152[.]46/4[.]exe"	"url"	"urlhaus"	"stealc"	"status=offline; threat=malware_download"
"2026-03-05T23:21:38Z"	"hxxp://176[.]46[.]152[.]47/4[.]exe"	"url"	"urlhaus"	"stealc"	"status=offline; threat=malware_download"
"2026-03-05T23:21:38Z"	"hxxp://45[.]141[.]233[.]196/files/5254702106/aJzaSMz[.]exe"	"url"	"urlhaus"	"stealc"	"status=offline; threat=malware_download"
"2026-03-05T23:21:38Z"	"hxxps://filehost-efn[.]pages[.]dev/3pd2c60i3l[.]exe"	"url"	"urlhaus"	"stealc"	"status=offline; threat=malware_download"
"2026-03-05T23:21:38Z"	"hxxp://94[.]154[.]35[.]115/user_profiles_photo/stlc[.]exe"	"url"	"urlhaus"	"stealc"	"status=offline; threat=malware_download"
"2026-03-05T23:21:38Z"	"hxxp://45[.]141[.]233[.]196/files/5254702106/p62ZOJm[.]exe"	"url"	"urlhaus"	"stealc"	"status=offline; threat=malware_download"
"2026-03-05T23:21:38Z"	"hxxp://45[.]141[.]233[.]196/files/5296057416/G4gtDRI[.]exe"	"url"	"urlhaus"	"stealc"	"status=offline; threat=malware_download"
"2026-03-05T23:21:38Z"	"hxxp://176[.]46[.]152[.]47/1[.]exe"	"url"	"urlhaus"	"stealc"	"status=offline; threat=malware_download"
"2026-03-05T23:21:38Z"	"hxxp://178[.]16[.]54[.]200/files/5917492177/LcCagbQ[.]exe"	"url"	"urlhaus"	"stealc"	"status=offline; threat=malware_download"
"2026-03-05T23:21:38Z"	"hxxp://176[.]46[.]152[.]46/1[.]exe"	"url"	"urlhaus"	"stealc"	"status=offline; threat=malware_download"
"2026-03-05T23:21:38Z"	"hxxp://176[.]46[.]158[.]8/files/5254702106/LXkGFUT[.]exe"	"url"	"urlhaus"	"stealc"	"status=offline; threat=malware_download"
"2026-03-05T23:21:38Z"	"hxxp://176[.]46[.]158[.]8/files/5296057416/G4gtDRI[.]exe"	"url"	"urlhaus"	"stealc"	"status=offline; threat=malware_download"
"2026-03-05T23:21:38Z"	"hxxp://141[.]98[.]6[.]34:5554/kilka[.]exe"	"url"	"urlhaus"	"stealc"	"status=offline; threat=malware_download"
"2026-03-05T23:21:38Z"	"hxxp://176[.]46[.]157[.]32/files/7968908970/k9fbiLm[.]exe"	"url"	"urlhaus"	"stealc"	"status=offline; threat=malware_download"
"2026-03-05T23:21:38Z"	"hxxp://176[.]46[.]157[.]32/files/5296057416/G4gtDRI[.]exe"	"url"	"urlhaus"	"stealc"	"status=offline; threat=malware_download"
"2026-03-05T23:21:38Z"	"hxxp://176[.]46[.]157[.]32/files/5254702106/LXkGFUT[.]exe"	"url"	"urlhaus"	"stealc"	"status=offline; threat=malware_download"
"2026-03-05T23:21:38Z"	"hxxp://176[.]46[.]157[.]32/files/565211651/y9fTHYG[.]exe"	"url"	"urlhaus"	"stealc"	"status=offline; threat=malware_download"
"2026-03-05T23:21:38Z"	"hxxp://176[.]46[.]157[.]32/files/7508779686/3EbaHyF[.]exe"	"url"	"urlhaus"	"stealc"	"status=offline; threat=malware_download"
"2026-03-05T23:21:38Z"	"hxxp://176[.]46[.]157[.]32/files/5296057416/i8kSMr9[.]exe"	"url"	"urlhaus"	"stealc"	"status=offline; threat=malware_download"
"2026-03-05T23:21:38Z"	"hxxp://176[.]46[.]157[.]32/files/5296057416/3NQaSJB[.]exe"	"url"	"urlhaus"	"stealc"	"status=offline; threat=malware_download"
"2026-03-05T23:21:38Z"	"hxxp://176[.]46[.]157[.]32/files/5296057416/Fv6kVbJ[.]exe"	"url"	"urlhaus"	"stealc"	"status=offline; threat=malware_download"
"2026-03-05T23:21:38Z"	"hxxps://github[.]com/FaringtonGMBH/Releases/releases/download/2[.]0/GMBH_Bremen[.]2[.]1_x64zip"	"url"	"urlhaus"	"stealc"	"status=offline; threat=malware_download"
"2026-03-05T23:21:38Z"	"hxxp://194[.]163[.]179[.]178/Documents/svchvost[.]exe"	"url"	"urlhaus"	"stealc"	"status=offline; threat=malware_download"
"2026-03-05T23:21:38Z"	"hxxp://185[.]156[.]72[.]2/files/7814279766/NM0nOQe[.]exe"	"url"	"urlhaus"	"stealc"	"status=offline; threat=malware_download"
"2026-03-05T23:21:38Z"	"hxxp://147[.]45[.]178[.]55/263ff79562167f22/sqlite3[.]dll"	"url"	"urlhaus"	"stealc"	"status=offline; threat=malware_download"
"2026-03-05T23:21:38Z"	"hxxp://185[.]215[.]113[.]19//inc/prem1[.]exe"	"url"	"urlhaus"	"stealc"	"status=offline; threat=malware_download"
"2026-03-05T23:21:38Z"	"hxxp://185[.]156[.]72[.]2/files/5296057416/Fv6kVbJ[.]exe"	"url"	"urlhaus"	"stealc"	"status=offline; threat=malware_download"
"2026-03-05T23:21:38Z"	"hxxps://mydigitalbook[.]in/temp/preloads/Peladyqzkk[.]pdf"	"url"	"urlhaus"	"stealc"	"status=offline; threat=malware_download"
"2026-03-05T23:21:38Z"	"hxxp://185[.]156[.]72[.]2/files/7571974446/KmUsGLw[.]exe"	"url"	"urlhaus"	"stealc"	"status=offline; threat=malware_download"
"2026-03-05T23:21:38Z"	"hxxp://185[.]156[.]72[.]2/files/7519256081/LSBvsFv[.]exe"	"url"	"urlhaus"	"stealc"	"status=offline; threat=malware_download"
"2026-03-05T23:21:38Z"	"hxxp://185[.]156[.]72[.]2/files/5296057416/nxTpPrk[.]exe"	"url"	"urlhaus"	"stealc"	"status=offline; threat=malware_download"
"2026-03-05T23:21:38Z"	"hxxps://koalaai[.]vip/files/dl/koala_ai[.]msi"	"url"	"urlhaus"	"stealc"	"status=offline; threat=malware_download"
"2026-03-05T23:21:38Z"	"hxxps://clickcease[.]biz/tmp/CJCMQTFY[.]zip"	"url"	"urlhaus"	"stealc"	"status=offline; threat=malware_download"
"2026-03-05T23:21:38Z"	"hxxp://185[.]156[.]72[.]2/files/6691015685/7Mnq9mr[.]exe"	"url"	"urlhaus"	"stealc"	"status=offline; threat=malware_download"
"2026-03-05T23:21:38Z"	"hxxp://185[.]156[.]72[.]2/files/7886909490/pRldWEq[.]exe"	"url"	"urlhaus"	"stealc"	"status=offline; threat=malware_download"
"2026-03-05T23:21:38Z"	"hxxp://185[.]156[.]72[.]2/files/1059862722/B4977Fk[.]exe"	"url"	"urlhaus"	"stealc"	"status=offline; threat=malware_download"
"2026-03-05T23:21:38Z"	"hxxp://185[.]156[.]72[.]2/files/1025416692/TIX1nL9[.]exe"	"url"	"urlhaus"	"stealc"	"status=offline; threat=malware_download"
"2026-03-05T23:21:38Z"	"hxxp://62[.]164[.]130[.]69/16fcfdf0c5b3315a/nss3[.]dll"	"url"	"urlhaus"	"stealc"	"status=offline; threat=malware_download"
"2026-03-05T23:21:38Z"	"hxxp://176[.]65[.]142[.]161/9fbba3fc8079e5bb/nss3[.]dll"	"url"	"urlhaus"	"stealc"	"status=offline; threat=malware_download"
"2026-03-05T23:21:38Z"	"hxxp://62[.]164[.]130[.]69/16fcfdf0c5b3315a/vcruntime140[.]dll"	"url"	"urlhaus"	"stealc"	"status=offline; threat=malware_download"
"2026-03-05T23:21:38Z"	"hxxp://176[.]65[.]142[.]161/9fbba3fc8079e5bb/sqlite3[.]dll"	"url"	"urlhaus"	"stealc"	"status=offline; threat=malware_download"
"2026-03-05T23:21:38Z"	"hxxp://94[.]142[.]138[.]153/42fd16945056b8c5/nss3[.]dll"	"url"	"urlhaus"	"stealc"	"status=offline; threat=malware_download"
"2026-03-05T23:21:38Z"	"hxxps://github[.]com/legend1234561111/Ksjdjdjsnsns/releases/download/Isjsjsjss/8272722[.]exe"	"url"	"urlhaus"	"stealc"	"status=offline; threat=malware_download"
"2026-03-05T23:21:38Z"	"hxxp://185[.]156[.]72[.]2/files/6691015685/fPbjy1Q[.]exe"	"url"	"urlhaus"	"stealc"	"status=offline; threat=malware_download"
"2026-03-05T23:21:38Z"	"hxxps://allaivo[.]me/crypted[.]exe"	"url"	"urlhaus"	"stealc"	"status=offline; threat=malware_download"
"2026-03-05T23:21:38Z"	"hxxp://80[.]64[.]18[.]219/steam/random[.]exe"	"url"	"urlhaus"	"stealc"	"status=offline; threat=malware_download"
"2026-03-05T23:21:38Z"	"hxxp://185[.]215[.]113[.]19//inc/stealc_default[.]exe"	"url"	"urlhaus"	"stealc"	"status=offline; threat=malware_download"
"2026-03-05T23:21:38Z"	"hxxp://185[.]215[.]113[.]19//inc/pimer_bbbcontents7[.]exe"	"url"	"urlhaus"	"stealc"	"status=offline; threat=malware_download"
"2026-03-05T23:21:38Z"	"hxxp://185[.]215[.]113[.]19//inc/5447jsX[.]exe"	"url"	"urlhaus"	"stealc"	"status=offline; threat=malware_download"
"2026-03-05T23:21:38Z"	"hxxp://185[.]215[.]113[.]19//inc/needmoney[.]exe"	"url"	"urlhaus"	"stealc"	"status=offline; threat=malware_download"
"2026-03-05T23:21:38Z"	"hxxp://185[.]215[.]113[.]19//inc/343dsxs[.]exe"	"url"	"urlhaus"	"stealc"	"status=offline; threat=malware_download"
"2026-03-05T23:21:38Z"	"hxxp://185[.]215[.]113[.]19//inc/stealc_daval[.]exe"	"url"	"urlhaus"	"stealc"	"status=offline; threat=malware_download"
"2026-03-05T23:21:38Z"	"hxxp://185[.]215[.]113[.]19//inc/4434[.]exe"	"url"	"urlhaus"	"stealc"	"status=offline; threat=malware_download"
"2026-03-05T23:21:38Z"	"hxxp://185[.]215[.]113[.]19//inc/stealc_default2[.]exe"	"url"	"urlhaus"	"stealc"	"status=offline; threat=malware_download"
"2026-03-05T23:21:38Z"	"hxxp://185[.]215[.]113[.]19//inc/12[.]exe"	"url"	"urlhaus"	"stealc"	"status=offline; threat=malware_download"
"2026-03-05T23:21:38Z"	"hxxp://185[.]215[.]113[.]19//inc/stealc_valenciga[.]exe"	"url"	"urlhaus"	"stealc"	"status=offline; threat=malware_download"
"2026-03-05T23:21:38Z"	"hxxp://91[.]92[.]46[.]146/6692507dc4994101/msvcp140[.]dll"	"url"	"urlhaus"	"stealc"	"status=offline; threat=malware_download"
"2026-03-05T23:21:38Z"	"hxxp://185[.]215[.]113[.]19//steam/random[.]exe"	"url"	"urlhaus"	"stealc"	"status=offline; threat=malware_download"
"2026-03-05T23:21:38Z"	"hxxp://185[.]215[.]113[.]44/steam/random[.]exe"	"url"	"urlhaus"	"stealc"	"status=offline; threat=malware_download"
"2026-03-05T23:21:38Z"	"hxxp://185[.]215[.]113[.]41/steam/random[.]exe"	"url"	"urlhaus"	"stealc"	"status=offline; threat=malware_download"
"2026-03-05T23:21:38Z"	"hxxps://amssh[.]co/file[.]exe"	"url"	"urlhaus"	"stealc"	"status=offline; threat=malware_download"
"2026-03-05T23:21:38Z"	"hxxp://185[.]39[.]17[.]239/steam/random[.]exe"	"url"	"urlhaus"	"stealc"	"status=offline; threat=malware_download"
"2026-03-05T23:21:38Z"	"hxxp://185[.]39[.]17[.]162/steam/random[.]exe"	"url"	"urlhaus"	"stealc"	"status=offline; threat=malware_download"
"2026-03-05T23:21:38Z"	"hxxps://65[.]21[.]187[.]53/sqlite3[.]dll"	"url"	"urlhaus"	"stealc"	"status=offline; threat=malware_download"
"2026-03-05T23:21:38Z"	"hxxps://github[.]com/Xform1Z121/rihuata/raw/refs/heads/main/lotuserkasasa[.]exe"	"url"	"urlhaus"	"stealc"	"status=offline; threat=malware_download"
"2026-03-05T23:21:38Z"	"hxxps://github[.]com/legendary99999/fdsgdbadfbafd/releases/download/dfkhasdjfbar/default[.]2[.]exe"	"url"	"urlhaus"	"stealc"	"status=offline; threat=malware_download"
"2026-03-05T23:21:38Z"	"hxxps://amshell[.]ws/spotify"	"url"	"urlhaus"	"stealc"	"status=offline; threat=malware_download"
"2026-03-05T23:21:38Z"	"hxxp://45[.]93[.]20[.]28/c66c0eade263c9a8/mozglue[.]dll"	"url"	"urlhaus"	"stealc"	"status=offline; threat=malware_download"
"2026-03-05T23:21:38Z"	"hxxp://45[.]93[.]20[.]28/c66c0eade263c9a8/freebl3[.]dll"	"url"	"urlhaus"	"stealc"	"status=offline; threat=malware_download"
"2026-03-05T23:21:38Z"	"hxxp://45[.]93[.]20[.]28/c66c0eade263c9a8/softokn3[.]dll"	"url"	"urlhaus"	"stealc"	"status=offline; threat=malware_download"
"2026-03-05T23:21:38Z"	"hxxp://45[.]93[.]20[.]28/c66c0eade263c9a8/vcruntime140[.]dll"	"url"	"urlhaus"	"stealc"	"status=offline; threat=malware_download"
"2026-03-05T23:21:38Z"	"hxxp://91[.]92[.]46[.]146/6692507dc4994101/nss3[.]dll"	"url"	"urlhaus"	"stealc"	"status=offline; threat=malware_download"
"2026-03-05T23:21:38Z"	"hxxp://45[.]93[.]20[.]28/c66c0eade263c9a8/sqlite3[.]dll"	"url"	"urlhaus"	"stealc"	"status=offline; threat=malware_download"
"2026-03-05T23:21:38Z"	"hxxp://45[.]93[.]20[.]28/c66c0eade263c9a8/nss3[.]dll"	"url"	"urlhaus"	"stealc"	"status=offline; threat=malware_download"
"2026-03-05T23:21:38Z"	"hxxp://77[.]90[.]153[.]241/a07daa7aeaf96e14/sqlite3[.]dll"	"url"	"urlhaus"	"stealc"	"status=offline; threat=malware_download"
"2026-03-05T23:21:38Z"	"hxxp://77[.]90[.]153[.]241/a07daa7aeaf96e14/softokn3[.]dll"	"url"	"urlhaus"	"stealc"	"status=offline; threat=malware_download"
"2026-03-05T23:21:38Z"	"hxxp://77[.]90[.]153[.]241/a07daa7aeaf96e14/nss3[.]dll"	"url"	"urlhaus"	"stealc"	"status=offline; threat=malware_download"
"2026-03-05T23:21:38Z"	"hxxp://77[.]90[.]153[.]241/a07daa7aeaf96e14/msvcp140[.]dll"	"url"	"urlhaus"	"stealc"	"status=offline; threat=malware_download"
"2026-03-05T23:21:38Z"	"hxxp://77[.]90[.]153[.]241/a07daa7aeaf96e14/mozglue[.]dll"	"url"	"urlhaus"	"stealc"	"status=offline; threat=malware_download"
"2026-03-05T23:21:38Z"	"hxxp://77[.]90[.]153[.]241/a07daa7aeaf96e14/vcruntime140[.]dll"	"url"	"urlhaus"	"stealc"	"status=offline; threat=malware_download"
"2026-03-05T23:21:38Z"	"hxxp://77[.]90[.]153[.]241/a07daa7aeaf96e14/freebl3[.]dll"	"url"	"urlhaus"	"stealc"	"status=offline; threat=malware_download"
"2026-03-05T23:21:38Z"	"hxxp://91[.]92[.]46[.]146/6692507dc4994101/softokn3[.]dll"	"url"	"urlhaus"	"stealc"	"status=offline; threat=malware_download"
"2026-03-05T23:21:38Z"	"hxxp://91[.]92[.]46[.]146/6692507dc4994101/sqlite3[.]dll"	"url"	"urlhaus"	"stealc"	"status=offline; threat=malware_download"
"2026-03-05T23:21:38Z"	"hxxp://91[.]92[.]46[.]146/6692507dc4994101/mozglue[.]dll"	"url"	"urlhaus"	"stealc"	"status=offline; threat=malware_download"
"2026-03-05T23:21:38Z"	"hxxp://91[.]92[.]46[.]146/6692507dc4994101/freebl3[.]dll"	"url"	"urlhaus"	"stealc"	"status=offline; threat=malware_download"
"2026-03-05T23:21:38Z"	"hxxp://45[.]93[.]20[.]28/c66c0eade263c9a8/nss3[.]dll?"	"url"	"urlhaus"	"stealc"	"status=offline; threat=malware_download"
"2026-03-05T23:21:38Z"	"hxxp://91[.]92[.]46[.]146/6692507dc4994101/vcruntime140[.]dll"	"url"	"urlhaus"	"stealc"	"status=offline; threat=malware_download"
"2026-03-05T23:21:38Z"	"hxxp://176[.]113[.]115[.]7/download[.]php"	"url"	"urlhaus"	"stealc"	"status=offline; threat=malware_download"
"2026-03-05T23:21:38Z"	"hxxp://45[.]93[.]20[.]64/9002e03ce63668a7/vcruntime140[.]dll"	"url"	"urlhaus"	"stealc"	"status=offline; threat=malware_download"
"2026-03-05T23:21:38Z"	"hxxp://45[.]93[.]20[.]64/9002e03ce63668a7/softokn3[.]dll"	"url"	"urlhaus"	"stealc"	"status=offline; threat=malware_download"
"2026-03-05T23:21:38Z"	"hxxp://45[.]93[.]20[.]64/9002e03ce63668a7/mozglue[.]dll"	"url"	"urlhaus"	"stealc"	"status=offline; threat=malware_download"
"2026-03-05T23:21:38Z"	"hxxp://45[.]93[.]20[.]64/9002e03ce63668a7/freebl3[.]dll"	"url"	"urlhaus"	"stealc"	"status=offline; threat=malware_download"
"2026-03-05T23:21:38Z"	"hxxp://62[.]60[.]226[.]53/89b86fda49329a90/msvcp140[.]dll"	"url"	"urlhaus"	"stealc"	"status=offline; threat=malware_download"
"2026-03-05T23:21:38Z"	"hxxp://45[.]93[.]20[.]64/9002e03ce63668a7/sqlite3[.]dll"	"url"	"urlhaus"	"stealc"	"status=offline; threat=malware_download"
"2026-03-05T23:21:38Z"	"hxxp://213[.]209[.]150[.]220/263ff79562167f22/vcruntime140[.]dll"	"url"	"urlhaus"	"stealc"	"status=offline; threat=malware_download"
"2026-03-05T23:21:38Z"	"hxxp://213[.]209[.]150[.]220/263ff79562167f22/nss3[.]dll"	"url"	"urlhaus"	"stealc"	"status=offline; threat=malware_download"
"2026-03-05T23:21:38Z"	"hxxp://213[.]209[.]150[.]220/263ff79562167f22/mozglue[.]dll"	"url"	"urlhaus"	"stealc"	"status=offline; threat=malware_download"
"2026-03-05T23:21:38Z"	"hxxp://213[.]209[.]150[.]220/263ff79562167f22/sqlite3[.]dll"	"url"	"urlhaus"	"stealc"	"status=offline; threat=malware_download"
"2026-03-05T23:21:38Z"	"hxxp://213[.]209[.]150[.]220/263ff79562167f22/freebl3[.]dll"	"url"	"urlhaus"	"stealc"	"status=offline; threat=malware_download"
"2026-03-05T23:21:38Z"	"hxxp://195[.]10[.]205[.]117/d308e86880289517/nss3[.]dll"	"url"	"urlhaus"	"stealc"	"status=offline; threat=malware_download"
"2026-03-05T23:21:38Z"	"hxxp://213[.]209[.]150[.]220/263ff79562167f22/softokn3[.]dll"	"url"	"urlhaus"	"stealc"	"status=offline; threat=malware_download"
"2026-03-05T23:21:38Z"	"hxxp://45[.]93[.]20[.]64/9002e03ce63668a7/msvcp140[.]dll"	"url"	"urlhaus"	"stealc"	"status=offline; threat=malware_download"
"2026-03-05T23:21:38Z"	"hxxp://195[.]10[.]205[.]117/d308e86880289517/sqlite3[.]dll"	"url"	"urlhaus"	"stealc"	"status=offline; threat=malware_download"
"2026-03-05T23:21:38Z"	"hxxp://195[.]10[.]205[.]117/d308e86880289517/freebl3[.]dll"	"url"	"urlhaus"	"stealc"	"status=offline; threat=malware_download"
"2026-03-05T23:21:38Z"	"hxxp://195[.]10[.]205[.]117/d308e86880289517/msvcp140[.]dll"	"url"	"urlhaus"	"stealc"	"status=offline; threat=malware_download"
"2026-03-05T23:21:38Z"	"hxxp://195[.]10[.]205[.]117/d308e86880289517/vcruntime140[.]dll"	"url"	"urlhaus"	"stealc"	"status=offline; threat=malware_download"
"2026-03-05T23:21:38Z"	"hxxp://195[.]10[.]205[.]117/d308e86880289517/softokn3[.]dll"	"url"	"urlhaus"	"stealc"	"status=offline; threat=malware_download"
"2026-03-05T23:21:38Z"	"hxxp://195[.]10[.]205[.]117/d308e86880289517/mozglue[.]dll"	"url"	"urlhaus"	"stealc"	"status=offline; threat=malware_download"
"2026-03-05T23:21:38Z"	"hxxp://176[.]113[.]115[.]7/files/5149365135/7KVoLQr[.]exe"	"url"	"urlhaus"	"stealc"	"status=offline; threat=malware_download"
"2026-03-05T23:21:38Z"	"hxxp://62[.]60[.]226[.]53/89b86fda49329a90/sqlite3[.]dll"	"url"	"urlhaus"	"stealc"	"status=offline; threat=malware_download"
"2026-03-05T23:21:38Z"	"hxxp://62[.]60[.]226[.]53/89b86fda49329a90/vcruntime140[.]dll"	"url"	"urlhaus"	"stealc"	"status=offline; threat=malware_download"
"2026-03-05T23:21:38Z"	"hxxp://62[.]60[.]226[.]53/89b86fda49329a90/nss3[.]dll"	"url"	"urlhaus"	"stealc"	"status=offline; threat=malware_download"
"2026-03-05T23:21:38Z"	"hxxp://62[.]60[.]226[.]53/89b86fda49329a90/freebl3[.]dll"	"url"	"urlhaus"	"stealc"	"status=offline; threat=malware_download"
"2026-03-05T23:21:38Z"	"hxxp://62[.]60[.]226[.]53/89b86fda49329a90/mozglue[.]dll"	"url"	"urlhaus"	"stealc"	"status=offline; threat=malware_download"
"2026-03-05T23:21:38Z"	"hxxp://62[.]60[.]226[.]53/89b86fda49329a90/softokn3[.]dll"	"url"	"urlhaus"	"stealc"	"status=offline; threat=malware_download"
"2026-03-05T23:21:38Z"	"hxxp://213[.]209[.]150[.]220/263ff79562167f22/msvcp140[.]dll"	"url"	"urlhaus"	"stealc"	"status=offline; threat=malware_download"
"2026-03-05T23:21:38Z"	"hxxp://193[.]233[.]254[.]53/c824d1e0a60278fe/vcruntime140[.]dll"	"url"	"urlhaus"	"stealc"	"status=offline; threat=malware_download"
"2026-03-05T23:21:38Z"	"hxxp://185[.]81[.]68[.]7/download[.]php"	"url"	"urlhaus"	"stealc"	"status=offline; threat=malware_download"
"2026-03-05T23:21:38Z"	"hxxp://45[.]93[.]20[.]28/download[.]php"	"url"	"urlhaus"	"stealc"	"status=offline; threat=malware_download"
"2026-03-05T23:21:38Z"	"hxxp://176[.]113[.]115[.]7/files/5149365135/ji5E4ie[.]exe"	"url"	"urlhaus"	"stealc"	"status=offline; threat=malware_download"
"2026-03-05T23:21:38Z"	"hxxp://193[.]233[.]254[.]53/c824d1e0a60278fe/softokn3[.]dll"	"url"	"urlhaus"	"stealc"	"status=offline; threat=malware_download"
"2026-03-05T23:21:38Z"	"hxxp://193[.]233[.]254[.]53/c824d1e0a60278fe/nss3[.]dll"	"url"	"urlhaus"	"stealc"	"status=offline; threat=malware_download"
"2026-03-05T23:21:38Z"	"hxxp://193[.]233[.]254[.]53/c824d1e0a60278fe/mozglue[.]dll"	"url"	"urlhaus"	"stealc"	"status=offline; threat=malware_download"
"2026-03-05T23:21:38Z"	"hxxp://193[.]233[.]254[.]53/c824d1e0a60278fe/freebl3[.]dll"	"url"	"urlhaus"	"stealc"	"status=offline; threat=malware_download"
"2026-03-05T23:21:38Z"	"hxxp://193[.]233[.]254[.]53/c824d1e0a60278fe/msvcp140[.]dll"	"url"	"urlhaus"	"stealc"	"status=offline; threat=malware_download"
"2026-03-05T23:21:38Z"	"hxxp://193[.]233[.]254[.]53/c824d1e0a60278fe/sqlite3[.]dll"	"url"	"urlhaus"	"stealc"	"status=offline; threat=malware_download"
"2026-03-05T23:21:38Z"	"hxxp://45[.]93[.]20[.]64/9002e03ce63668a7/nss3[.]dll"	"url"	"urlhaus"	"stealc"	"status=offline; threat=malware_download"
"2026-03-05T23:21:38Z"	"hxxp://176[.]113[.]115[.]7/mine/random[.]exe"	"url"	"urlhaus"	"stealc"	"status=offline; threat=malware_download"
"2026-03-05T23:21:38Z"	"hxxp://176[.]113[.]115[.]7/steam/random[.]exe"	"url"	"urlhaus"	"stealc"	"status=offline; threat=malware_download"
"2026-03-05T23:21:38Z"	"hxxp://104[.]245[.]240[.]18/263ff79562167f22/nss3[.]dll"	"url"	"urlhaus"	"stealc"	"status=offline; threat=malware_download"
"2026-03-05T23:21:38Z"	"hxxp://104[.]245[.]240[.]18/263ff79562167f22/msvcp140[.]dll"	"url"	"urlhaus"	"stealc"	"status=offline; threat=malware_download"
"2026-03-05T23:21:38Z"	"hxxp://104[.]245[.]240[.]18/263ff79562167f22/mozglue[.]dll"	"url"	"urlhaus"	"stealc"	"status=offline; threat=malware_download"
"2026-03-05T23:21:38Z"	"hxxp://104[.]245[.]240[.]18/263ff79562167f22/softokn3[.]dll"	"url"	"urlhaus"	"stealc"	"status=offline; threat=malware_download"
"2026-03-05T23:21:38Z"	"hxxp://104[.]245[.]240[.]18/263ff79562167f22/sqlite3[.]dll"	"url"	"urlhaus"	"stealc"	"status=offline; threat=malware_download"
"2026-03-05T23:21:38Z"	"hxxp://104[.]245[.]240[.]18/263ff79562167f22/freebl3[.]dll"	"url"	"urlhaus"	"stealc"	"status=offline; threat=malware_download"
"2026-03-05T23:21:38Z"	"hxxp://104[.]245[.]240[.]18/263ff79562167f22/vcruntime140[.]dll"	"url"	"urlhaus"	"stealc"	"status=offline; threat=malware_download"
"2026-03-05T23:21:38Z"	"hxxp://83[.]217[.]208[.]90/documents/albion/Report-Albion-Online[.]lnk"	"url"	"urlhaus"	"stealc"	"status=offline; threat=malware_download"
"2026-03-05T23:21:38Z"	"hxxp://83[.]217[.]208[.]90/documents/files/zip/Python[.]zip"	"url"	"urlhaus"	"stealc"	"status=offline; threat=malware_download"
"2026-03-05T23:21:38Z"	"hxxp://83[.]217[.]208[.]90/documents/albion/files/Python[.]zip"	"url"	"urlhaus"	"stealc"	"status=offline; threat=malware_download"
"2026-03-05T23:21:38Z"	"hxxp://83[.]217[.]208[.]90/documents/pwsh/albion[.]ps1"	"url"	"urlhaus"	"stealc"	"status=offline; threat=malware_download"
"2026-03-05T23:21:38Z"	"hxxp://83[.]217[.]208[.]90/documents/pwsh/osnova[.]ps1"	"url"	"urlhaus"	"stealc"	"status=offline; threat=malware_download"
"2026-03-05T23:21:38Z"	"hxxp://62[.]164[.]130[.]69/16fcfdf0c5b3315a/msvcp140[.]dll"	"url"	"urlhaus"	"stealc"	"status=offline; threat=malware_download"
"2026-03-05T23:21:38Z"	"hxxp://62[.]164[.]130[.]69/16fcfdf0c5b3315a/freebl3[.]dll"	"url"	"urlhaus"	"stealc"	"status=offline; threat=malware_download"
"2026-03-05T23:21:38Z"	"hxxp://62[.]164[.]130[.]69/16fcfdf0c5b3315a/mozglue[.]dll"	"url"	"urlhaus"	"stealc"	"status=offline; threat=malware_download"
"2026-03-05T23:21:38Z"	"hxxp://62[.]164[.]130[.]69/16fcfdf0c5b3315a/sqlite3[.]dll"	"url"	"urlhaus"	"stealc"	"status=offline; threat=malware_download"
"2026-03-05T23:21:38Z"	"hxxp://62[.]164[.]130[.]69/16fcfdf0c5b3315a/softokn3[.]dll"	"url"	"urlhaus"	"stealc"	"status=offline; threat=malware_download"
"2026-03-05T23:21:38Z"	"hxxp://45[.]93[.]20[.]28/c66c0eade263c9a8/msvcp140[.]dll"	"url"	"urlhaus"	"stealc"	"status=offline; threat=malware_download"
"2026-03-05T23:21:38Z"	"hxxps://5[.]182[.]36[.]130/an7jd0qo6kt5bk5bq4er8fe1xp7hl2vk/nss3[.]dll"	"url"	"urlhaus"	"stealc"	"status=offline; threat=malware_download"
"2026-03-05T23:21:38Z"	"hxxp://185[.]231[.]69[.]90/dd855692109225f0/vcruntime140[.]dll"	"url"	"urlhaus"	"stealc"	"status=offline; threat=malware_download"
"2026-03-05T23:21:38Z"	"hxxp://5[.]75[.]155[.]1/b7ab390145deb291/sqlite3[.]dll"	"url"	"urlhaus"	"stealc"	"status=offline; threat=malware_download"
"2026-03-05T23:21:38Z"	"hxxp://91[.]239[.]53[.]29/d925e943a21dd486/msvcp140[.]dll"	"url"	"urlhaus"	"stealc"	"status=offline; threat=malware_download"
"2026-03-05T23:21:38Z"	"hxxp://ecozessentials[.]com/bc20c426cadf6230/mozglue[.]dll"	"url"	"urlhaus"	"stealc"	"status=offline; threat=malware_download"
"2026-03-05T23:21:38Z"	"hxxp://ecozessentials[.]com/bc20c426cadf6230/sqlite3[.]dll"	"url"	"urlhaus"	"stealc"	"status=offline; threat=malware_download"
"2026-03-05T23:21:38Z"	"hxxp://ecozessentials[.]com/bc20c426cadf6230/vcruntime140[.]dll"	"url"	"urlhaus"	"stealc"	"status=offline; threat=malware_download"
"2026-03-05T23:21:38Z"	"hxxp://ecozessentials[.]com/bc20c426cadf6230/msvcp140[.]dll"	"url"	"urlhaus"	"stealc"	"status=offline; threat=malware_download"
"2026-03-05T23:21:38Z"	"hxxp://ecozessentials[.]com/bc20c426cadf6230/freebl3[.]dll"	"url"	"urlhaus"	"stealc"	"status=offline; threat=malware_download"
"2026-03-05T23:21:38Z"	"hxxps://bitbucket[.]org/bpappo/x86-64/downloads/TradingView[.]exe"	"url"	"urlhaus"	"stealc"	"status=offline; threat=malware_download"
"2026-03-05T23:21:38Z"	"hxxp://185[.]215[.]113[.]40/duna/random[.]exe"	"url"	"urlhaus"	"stealc"	"status=offline; threat=malware_download"
"2026-03-05T23:21:38Z"	"hxxp://185[.]215[.]113[.]115/68b591d6548ec281/softokn3[.]dll"	"url"	"urlhaus"	"stealc"	"status=offline; threat=malware_download"
"2026-03-05T23:21:38Z"	"hxxps://global-protect[.]us/encrypthub/stealc/stealc[.]exe"	"url"	"urlhaus"	"stealc"	"status=offline; threat=malware_download"
"2026-03-05T23:21:38Z"	"hxxp://185[.]215[.]113[.]115/68b591d6548ec281/softokn3[.]dll?"	"url"	"urlhaus"	"stealc"	"status=offline; threat=malware_download"
"2026-03-05T23:21:38Z"	"hxxp://94[.]142[.]138[.]133/aN7jD0qO6kT5bK5bQ4eR8fE1xP7hL2vK/msvcp140[.]dll"	"url"	"urlhaus"	"stealc"	"status=offline; threat=malware_download"
"2026-03-05T23:21:38Z"	"hxxp://94[.]142[.]138[.]133/aN7jD0qO6kT5bK5bQ4eR8fE1xP7hL2vK/softokn3[.]dll"	"url"	"urlhaus"	"stealc"	"status=offline; threat=malware_download"
"2026-03-05T23:21:38Z"	"hxxps://212[.]34[.]148[.]47/f3920c55236c2636/sqlite3[.]dll"	"url"	"urlhaus"	"stealc"	"status=offline; threat=malware_download"
"2026-03-05T23:21:38Z"	"hxxp://ecozessentials[.]com/bc20c426cadf6230/nss3[.]dll"	"url"	"urlhaus"	"stealc"	"status=offline; threat=malware_download"
"2026-03-05T23:21:38Z"	"hxxps://185[.]217[.]197[.]202/5e0fc67937c1156b/sqlite3[.]dll"	"url"	"urlhaus"	"stealc"	"status=offline; threat=malware_download"
"2026-03-05T23:21:38Z"	"hxxps://212[.]34[.]148[.]47/f3920c55236c2636/vcruntime140[.]dll"	"url"	"urlhaus"	"stealc"	"status=offline; threat=malware_download"
"2026-03-05T23:21:38Z"	"hxxps://95[.]215[.]207[.]176/70d63ca8a5be6cc3/sqlite3[.]dll"	"url"	"urlhaus"	"stealc"	"status=offline; threat=malware_download"
"2026-03-05T23:21:38Z"	"hxxps://95[.]215[.]207[.]176/70d63ca8a5be6cc3/mozglue[.]dll"	"url"	"urlhaus"	"stealc"	"status=offline; threat=malware_download"
"2026-03-05T23:21:38Z"	"hxxps://95[.]215[.]207[.]176/70d63ca8a5be6cc3/vcruntime140[.]dll"	"url"	"urlhaus"	"stealc"	"status=offline; threat=malware_download"
"2026-03-05T23:21:38Z"	"hxxps://91[.]215[.]85[.]213/4a4993f1399adf8e/vcruntime140[.]dll"	"url"	"urlhaus"	"stealc"	"status=offline; threat=malware_download"
"2026-03-05T23:21:38Z"	"hxxps://185[.]196[.]10[.]147/4cadf15814a54569/vcruntime140[.]dll"	"url"	"urlhaus"	"stealc"	"status=offline; threat=malware_download"
"2026-03-05T23:21:38Z"	"hxxp://185[.]11[.]61[.]10/ScreenSync[.]exe"	"url"	"urlhaus"	"stealc"	"status=offline; threat=malware_download"
"2026-03-05T23:21:38Z"	"hxxp://91[.]239[.]53[.]29/d925e943a21dd486/softokn3[.]dll"	"url"	"urlhaus"	"stealc"	"status=offline; threat=malware_download"
"2026-03-05T23:21:38Z"	"hxxp://94[.]131[.]100[.]83/aN7jD0qO6kT5bK5bQ4eR8fE1xP7hL2vK/msvcp140[.]dll"	"url"	"urlhaus"	"stealc"	"status=offline; threat=malware_download"
"2026-03-05T23:21:38Z"	"hxxp://94[.]131[.]100[.]83/aN7jD0qO6kT5bK5bQ4eR8fE1xP7hL2vK/nss3[.]dll"	"url"	"urlhaus"	"stealc"	"status=offline; threat=malware_download"
"2026-03-05T23:21:38Z"	"hxxp://91[.]239[.]53[.]29/d925e943a21dd486/freebl3[.]dll"	"url"	"urlhaus"	"stealc"	"status=offline; threat=malware_download"
"2026-03-05T23:21:38Z"	"hxxp://91[.]239[.]53[.]29/d925e943a21dd486/nss3[.]dll"	"url"	"urlhaus"	"stealc"	"status=offline; threat=malware_download"
"2026-03-05T23:21:38Z"	"hxxp://91[.]239[.]53[.]29/d925e943a21dd486/vcruntime140[.]dll"	"url"	"urlhaus"	"stealc"	"status=offline; threat=malware_download"
"2026-03-05T23:21:38Z"	"hxxp://91[.]239[.]53[.]29/d925e943a21dd486/sqlite3[.]dll"	"url"	"urlhaus"	"stealc"	"status=offline; threat=malware_download"
"2026-03-05T23:21:38Z"	"hxxp://91[.]239[.]53[.]29/d925e943a21dd486/mozglue[.]dll"	"url"	"urlhaus"	"stealc"	"status=offline; threat=malware_download"
"2026-03-05T23:21:38Z"	"hxxps://185[.]237[.]165[.]47/9b5e67be63d48ab6/mozglue[.]dll"	"url"	"urlhaus"	"stealc"	"status=offline; threat=malware_download"
"2026-03-05T23:21:38Z"	"hxxp://91[.]239[.]53[.]29/d925e943a21dd486/softokn3[.]dll?"	"url"	"urlhaus"	"stealc"	"status=offline; threat=malware_download"
"2026-03-05T23:21:38Z"	"hxxps://45[.]88[.]105[.]194/e63963e5b0d34020/vcruntime140[.]dll"	"url"	"urlhaus"	"stealc"	"status=offline; threat=malware_download"
"2026-03-05T23:21:38Z"	"hxxps://45[.]88[.]105[.]194/e63963e5b0d34020/mozglue[.]dll"	"url"	"urlhaus"	"stealc"	"status=offline; threat=malware_download"
"2026-03-05T23:21:38Z"	"hxxps://45[.]88[.]105[.]194/e63963e5b0d34020/sqlite3[.]dll"	"url"	"urlhaus"	"stealc"	"status=offline; threat=malware_download"
"2026-03-05T23:21:38Z"	"hxxps://23[.]88[.]122[.]134/579d5c7e95a610c1/vcruntime140[.]dll"	"url"	"urlhaus"	"stealc"	"status=offline; threat=malware_download"
"2026-03-05T23:21:38Z"	"hxxps://116[.]203[.]125[.]44/55f8f885bc7c41c8/sqlite3[.]dll"	"url"	"urlhaus"	"stealc"	"status=offline; threat=malware_download"
"2026-03-05T23:21:38Z"	"hxxps://185[.]231[.]69[.]191/ec05bb5a9eb90166/sqlite3[.]dll"	"url"	"urlhaus"	"stealc"	"status=offline; threat=malware_download"
"2026-03-05T23:21:38Z"	"hxxps://185[.]231[.]69[.]191/ec05bb5a9eb90166/mozglue[.]dll"	"url"	"urlhaus"	"stealc"	"status=offline; threat=malware_download"
"2026-03-05T23:21:38Z"	"hxxps://185[.]231[.]69[.]191/ec05bb5a9eb90166/vcruntime140[.]dll"	"url"	"urlhaus"	"stealc"	"status=offline; threat=malware_download"
"2026-03-05T23:21:38Z"	"hxxp://185[.]231[.]69[.]90/dd855692109225f0/sqlite3[.]dll"	"url"	"urlhaus"	"stealc"	"status=offline; threat=malware_download"
"2026-03-05T23:21:38Z"	"hxxp://185[.]231[.]69[.]90/dd855692109225f0/freebl3[.]dll"	"url"	"urlhaus"	"stealc"	"status=offline; threat=malware_download"
"2026-03-05T23:21:38Z"	"hxxp://185[.]231[.]69[.]90/dd855692109225f0/nss3[.]dll"	"url"	"urlhaus"	"stealc"	"status=offline; threat=malware_download"
"2026-03-05T23:21:38Z"	"hxxp://185[.]231[.]69[.]90/dd855692109225f0/mozglue[.]dll"	"url"	"urlhaus"	"stealc"	"status=offline; threat=malware_download"
"2026-03-05T23:21:38Z"	"hxxp://185[.]231[.]69[.]90/dd855692109225f0/msvcp140[.]dll"	"url"	"urlhaus"	"stealc"	"status=offline; threat=malware_download"
"2026-03-05T23:21:38Z"	"hxxp://ecozessentials[.]com/bc20c426cadf6230/softokn3[.]dll"	"url"	"urlhaus"	"stealc"	"status=offline; threat=malware_download"
"2026-03-05T23:21:38Z"	"hxxp://185[.]231[.]69[.]90/dd855692109225f0/softokn3[.]dll"	"url"	"urlhaus"	"stealc"	"status=offline; threat=malware_download"
"2026-03-05T23:21:38Z"	"hxxp://185[.]156[.]72[.]2/files/6110643868/OQ4TehT[.]exe"	"url"	"urlhaus"	"stealc"	"status=offline; threat=malware_download"
"2026-03-05T23:21:38Z"	"hxxp://64[.]95[.]13[.]166/c262c2557c712ca5/nss3[.]dll"	"url"	"urlhaus"	"stealc"	"status=offline; threat=malware_download"
"2026-03-05T23:21:38Z"	"hxxp://64[.]95[.]13[.]166/c262c2557c712ca5/sqlite3[.]dll"	"url"	"urlhaus"	"stealc"	"status=offline; threat=malware_download"
"2026-03-05T23:21:38Z"	"hxxp://64[.]95[.]13[.]166/c262c2557c712ca5/freebl3[.]dll"	"url"	"urlhaus"	"stealc"	"status=offline; threat=malware_download"
"2026-03-05T23:21:38Z"	"hxxp://64[.]95[.]13[.]166/c262c2557c712ca5/msvcp140[.]dll"	"url"	"urlhaus"	"stealc"	"status=offline; threat=malware_download"
"2026-03-05T23:21:38Z"	"hxxp://fuckedserver[.]net/encrypthub/stealc/stealc[.]exe"	"url"	"urlhaus"	"stealc"	"status=offline; threat=malware_download"
"2026-03-05T23:21:38Z"	"hxxp://64[.]95[.]13[.]166/c262c2557c712ca5/mozglue[.]dll"	"url"	"urlhaus"	"stealc"	"status=offline; threat=malware_download"
"2026-03-05T23:21:38Z"	"hxxp://64[.]95[.]13[.]166/c262c2557c712ca5/softokn3[.]dll"	"url"	"urlhaus"	"stealc"	"status=offline; threat=malware_download"
"2026-03-05T23:21:38Z"	"hxxp://64[.]95[.]13[.]166/c262c2557c712ca5/vcruntime140[.]dll"	"url"	"urlhaus"	"stealc"	"status=offline; threat=malware_download"
"2026-03-05T23:21:38Z"	"hxxp://185[.]215[.]113[.]206/68b591d6548ec281/vcruntime140[.]dll?"	"url"	"urlhaus"	"stealc"	"status=offline; threat=malware_download"
"2026-03-05T23:21:38Z"	"hxxps://bitbucket[.]org/runtimesys/drivers/downloads/SDriver[.]exe"	"url"	"urlhaus"	"stealc"	"status=offline; threat=malware_download"
"2026-03-05T23:21:38Z"	"hxxps://116[.]203[.]165[.]54/freebl3[.]dll"	"url"	"urlhaus"	"stealc"	"status=offline; threat=malware_download"
"2026-03-05T23:21:38Z"	"hxxps://185[.]237[.]165[.]47/9b5e67be63d48ab6/vcruntime140[.]dll"	"url"	"urlhaus"	"stealc"	"status=offline; threat=malware_download"
"2026-03-05T23:21:38Z"	"hxxp://45[.]91[.]201[.]142/ef0d63d53ef3bb6c/vcruntime140[.]dll"	"url"	"urlhaus"	"stealc"	"status=offline; threat=malware_download"
"2026-03-05T23:21:38Z"	"hxxp://45[.]91[.]201[.]142/ef0d63d53ef3bb6c/nss3[.]dll"	"url"	"urlhaus"	"stealc"	"status=offline; threat=malware_download"
"2026-03-05T23:21:38Z"	"hxxp://45[.]91[.]201[.]142/ef0d63d53ef3bb6c/sqlite3[.]dll"	"url"	"urlhaus"	"stealc"	"status=offline; threat=malware_download"
"2026-03-05T23:21:38Z"	"hxxp://45[.]91[.]201[.]142/ef0d63d53ef3bb6c/freebl3[.]dll"	"url"	"urlhaus"	"stealc"	"status=offline; threat=malware_download"
"2026-03-05T23:21:38Z"	"hxxp://45[.]91[.]201[.]142/ef0d63d53ef3bb6c/softokn3[.]dll"	"url"	"urlhaus"	"stealc"	"status=offline; threat=malware_download"
"2026-03-05T23:21:38Z"	"hxxp://45[.]91[.]201[.]142/ef0d63d53ef3bb6c/mozglue[.]dll"	"url"	"urlhaus"	"stealc"	"status=offline; threat=malware_download"
"2026-03-05T23:21:38Z"	"hxxp://45[.]91[.]201[.]142/ef0d63d53ef3bb6c/msvcp140[.]dll"	"url"	"urlhaus"	"stealc"	"status=offline; threat=malware_download"
"2026-03-05T23:21:38Z"	"hxxp://82[.]115[.]223[.]182/encrypthub/stealc/stealc[.]exe"	"url"	"urlhaus"	"stealc"	"status=offline; threat=malware_download"
"2026-03-05T23:21:38Z"	"hxxp://77[.]91[.]102[.]115/an7jd0qo6kt5bk5bq4er8fe1xp7hl2vk/nss3[.]dll"	"url"	"urlhaus"	"stealc"	"status=offline; threat=malware_download"
"2026-03-05T23:21:38Z"	"hxxp://45[.]67[.]229[.]220/aN7jD0qO6kT5bK5bQ4eR8fE1xP7hL2vK/nss3[.]dll"	"url"	"urlhaus"	"stealc"	"status=offline; threat=malware_download"
"2026-03-05T23:21:38Z"	"hxxp://5[.]182[.]36[.]112/an7jd0qo6kt5bk5bq4er8fe1xp7hl2vk/freebl3[.]dll"	"url"	"urlhaus"	"stealc"	"status=offline; threat=malware_download"
"2026-03-05T23:21:38Z"	"hxxp://5[.]182[.]36[.]112/an7jd0qo6kt5bk5bq4er8fe1xp7hl2vk/msvcp140[.]dll"	"url"	"urlhaus"	"stealc"	"status=offline; threat=malware_download"
"2026-03-05T23:21:38Z"	"hxxp://45[.]131[.]215[.]139/c262c2557c712ca5/sqlite3[.]dll"	"url"	"urlhaus"	"stealc"	"status=offline; threat=malware_download"
"2026-03-05T23:21:38Z"	"hxxp://45[.]131[.]215[.]139/c262c2557c712ca5/msvcp140[.]dll"	"url"	"urlhaus"	"stealc"	"status=offline; threat=malware_download"
"2026-03-05T23:21:38Z"	"hxxp://45[.]131[.]215[.]139/c262c2557c712ca5/nss3[.]dll"	"url"	"urlhaus"	"stealc"	"status=offline; threat=malware_download"
"2026-03-05T23:21:38Z"	"hxxp://45[.]131[.]215[.]139/c262c2557c712ca5/softokn3[.]dll"	"url"	"urlhaus"	"stealc"	"status=offline; threat=malware_download"
"2026-03-05T23:21:38Z"	"hxxp://45[.]131[.]215[.]139/c262c2557c712ca5/freebl3[.]dll"	"url"	"urlhaus"	"stealc"	"status=offline; threat=malware_download"
"2026-03-05T23:21:38Z"	"hxxp://45[.]131[.]215[.]139/c262c2557c712ca5/mozglue[.]dll"	"url"	"urlhaus"	"stealc"	"status=offline; threat=malware_download"
"2026-03-05T23:21:38Z"	"hxxp://45[.]131[.]215[.]139/c262c2557c712ca5/vcruntime140[.]dll"	"url"	"urlhaus"	"stealc"	"status=offline; threat=malware_download"
"2026-03-05T23:21:38Z"	"hxxp://45[.]67[.]229[.]220/aN7jD0qO6kT5bK5bQ4eR8fE1xP7hL2vK/vcruntime140[.]dll"	"url"	"urlhaus"	"stealc"	"status=offline; threat=malware_download"
"2026-03-05T23:21:38Z"	"hxxp://45[.]67[.]229[.]220/aN7jD0qO6kT5bK5bQ4eR8fE1xP7hL2vK/mozglue[.]dll"	"url"	"urlhaus"	"stealc"	"status=offline; threat=malware_download"
"2026-03-05T23:21:38Z"	"hxxp://45[.]67[.]229[.]220/aN7jD0qO6kT5bK5bQ4eR8fE1xP7hL2vK/sqlite3[.]dll"	"url"	"urlhaus"	"stealc"	"status=offline; threat=malware_download"
"2026-03-05T23:21:38Z"	"hxxp://45[.]67[.]229[.]220/aN7jD0qO6kT5bK5bQ4eR8fE1xP7hL2vK/freebl3[.]dll"	"url"	"urlhaus"	"stealc"	"status=offline; threat=malware_download"
"2026-03-05T23:21:38Z"	"hxxp://5[.]252[.]22[.]66/aN7jD0qO6kT5bK5bQ4eR8fE1xP7hL2vK/softokn3[.]dll"	"url"	"urlhaus"	"stealc"	"status=offline; threat=malware_download"
"2026-03-05T23:21:38Z"	"hxxp://45[.]67[.]229[.]220/aN7jD0qO6kT5bK5bQ4eR8fE1xP7hL2vK/softokn3[.]dll"	"url"	"urlhaus"	"stealc"	"status=offline; threat=malware_download"
"2026-03-05T23:21:38Z"	"hxxp://5[.]252[.]22[.]66/an7jd0qo6kt5bk5bq4er8fe1xp7hl2vk/mozglue[.]dll"	"url"	"urlhaus"	"stealc"	"status=offline; threat=malware_download"
"2026-03-05T23:21:38Z"	"hxxp://45[.]67[.]229[.]220/aN7jD0qO6kT5bK5bQ4eR8fE1xP7hL2vK/msvcp140[.]dll"	"url"	"urlhaus"	"stealc"	"status=offline; threat=malware_download"
"2026-03-05T23:21:38Z"	"hxxp://5[.]252[.]22[.]66/an7jd0qo6kt5bk5bq4er8fe1xp7hl2vk/sqlite3[.]dll"	"url"	"urlhaus"	"stealc"	"status=offline; threat=malware_download"
"2026-03-05T23:21:38Z"	"hxxp://77[.]91[.]102[.]115/aN7jD0qO6kT5bK5bQ4eR8fE1xP7hL2vK/freebl3[.]dll"	"url"	"urlhaus"	"stealc"	"status=offline; threat=malware_download"
"2026-03-05T23:21:38Z"	"hxxp://45[.]144[.]29[.]243/an7jd0qo6kt5bk5bq4er8fe1xp7hl2vk/sqlite3[.]dll"	"url"	"urlhaus"	"stealc"	"status=offline; threat=malware_download"
"2026-03-05T23:21:38Z"	"hxxp://45[.]144[.]29[.]243/an7jd0qo6kt5bk5bq4er8fe1xp7hl2vk/nss3[.]dll"	"url"	"urlhaus"	"stealc"	"status=offline; threat=malware_download"
"2026-03-05T23:21:38Z"	"hxxp://5[.]252[.]22[.]66/an7jd0qo6kt5bk5bq4er8fe1xp7hl2vk/vcruntime140[.]dll"	"url"	"urlhaus"	"stealc"	"status=offline; threat=malware_download"
"2026-03-05T23:21:38Z"	"hxxp://45[.]144[.]29[.]243/an7jd0qo6kt5bk5bq4er8fe1xp7hl2vk/msvcp140[.]dll"	"url"	"urlhaus"	"stealc"	"status=offline; threat=malware_download"
"2026-03-05T23:21:38Z"	"hxxp://45[.]144[.]29[.]243/aN7jD0qO6kT5bK5bQ4eR8fE1xP7hL2vK/mozglue[.]dll"	"url"	"urlhaus"	"stealc"	"status=offline; threat=malware_download"
"2026-03-05T23:21:38Z"	"hxxp://45[.]144[.]29[.]243/an7jd0qo6kt5bk5bq4er8fe1xp7hl2vk/freebl3[.]dll"	"url"	"urlhaus"	"stealc"	"status=offline; threat=malware_download"
"2026-03-05T23:21:38Z"	"hxxp://45[.]144[.]29[.]243/an7jd0qo6kt5bk5bq4er8fe1xp7hl2vk/vcruntime140[.]dll"	"url"	"urlhaus"	"stealc"	"status=offline; threat=malware_download"
"2026-03-05T23:21:38Z"	"hxxp://45[.]144[.]29[.]243/an7jd0qo6kt5bk5bq4er8fe1xp7hl2vk/softokn3[.]dll"	"url"	"urlhaus"	"stealc"	"status=offline; threat=malware_download"
"2026-03-05T23:21:38Z"	"hxxps://162[.]55[.]215[.]42/00ed239db35c969b/sqlite3[.]dll"	"url"	"urlhaus"	"stealc"	"status=offline; threat=malware_download"
"2026-03-05T23:21:38Z"	"hxxps://91[.]107[.]224[.]54/4184da83d7329318/sqlite3[.]dll"	"url"	"urlhaus"	"stealc"	"status=offline; threat=malware_download"
"2026-03-05T23:21:38Z"	"hxxp://66[.]63[.]187[.]214/263ff79562167f22/nss3[.]dll"	"url"	"urlhaus"	"stealc"	"status=offline; threat=malware_download"
"2026-03-05T23:21:38Z"	"hxxp://66[.]63[.]187[.]214/263ff79562167f22/msvcp140[.]dll"	"url"	"urlhaus"	"stealc"	"status=offline; threat=malware_download"
"2026-03-05T23:21:38Z"	"hxxp://66[.]63[.]187[.]214/263ff79562167f22/softokn3[.]dll"	"url"	"urlhaus"	"stealc"	"status=offline; threat=malware_download"
"2026-03-05T23:21:38Z"	"hxxp://66[.]63[.]187[.]214/263ff79562167f22/freebl3[.]dll"	"url"	"urlhaus"	"stealc"	"status=offline; threat=malware_download"
"2026-03-05T23:21:38Z"	"hxxp://66[.]63[.]187[.]214/263ff79562167f22/vcruntime140[.]dll"	"url"	"urlhaus"	"stealc"	"status=offline; threat=malware_download"
"2026-03-05T23:21:38Z"	"hxxp://66[.]63[.]187[.]214/263ff79562167f22/sqlite3[.]dll"	"url"	"urlhaus"	"stealc"	"status=offline; threat=malware_download"
"2026-03-05T23:21:38Z"	"hxxp://66[.]63[.]187[.]214/263ff79562167f22/mozglue[.]dll"	"url"	"urlhaus"	"stealc"	"status=offline; threat=malware_download"
"2026-03-05T23:21:38Z"	"hxxps://176[.]123[.]5[.]92/39f75e7c42187827/sqlite3[.]dll"	"url"	"urlhaus"	"stealc"	"status=offline; threat=malware_download"
"2026-03-05T23:21:38Z"	"hxxps://77[.]91[.]123[.]112/b88e8da02b778847/vcruntime140[.]dll"	"url"	"urlhaus"	"stealc"	"status=offline; threat=malware_download"
"2026-03-05T23:21:38Z"	"hxxps://85[.]28[.]47[.]60/7939a6d45c749897/sqlite3[.]dll"	"url"	"urlhaus"	"stealc"	"status=offline; threat=malware_download"
"2026-03-05T23:21:38Z"	"hxxps://80[.]85[.]241[.]225/884af7b2dd911e85/vcruntime140[.]dll"	"url"	"urlhaus"	"stealc"	"status=offline; threat=malware_download"
"2026-03-05T23:21:38Z"	"hxxp://185[.]201[.]252[.]67/abb50f61caf7efad/sqlite3[.]dll"	"url"	"urlhaus"	"stealc"	"status=offline; threat=malware_download"
"2026-03-05T23:21:38Z"	"hxxp://185[.]215[.]113[.]206/68b591d6548ec281/softokn3[.]dll?/"	"url"	"urlhaus"	"stealc"	"status=offline; threat=malware_download"
"2026-03-05T23:21:38Z"	"hxxp://176[.]57[.]189[.]191/nss3[.]dll"	"url"	"urlhaus"	"stealc"	"status=offline; threat=malware_download"
"2026-03-05T23:21:38Z"	"hxxp://154[.]216[.]20[.]246/f493d73b2e06dbd2/softokn3[.]dll"	"url"	"urlhaus"	"stealc"	"status=offline; threat=malware_download"
"2026-03-05T23:21:38Z"	"hxxp://185[.]215[.]113[.]206/68b591d6548ec281/softokn3[.]dll?"	"url"	"urlhaus"	"stealc"	"status=offline; threat=malware_download"
"2026-03-05T23:21:38Z"	"hxxp://154[.]216[.]20[.]246/f493d73b2e06dbd2/freebl3[.]dll"	"url"	"urlhaus"	"stealc"	"status=offline; threat=malware_download"
"2026-03-05T23:21:38Z"	"hxxp://154[.]216[.]20[.]246/f493d73b2e06dbd2/nss3[.]dll"	"url"	"urlhaus"	"stealc"	"status=offline; threat=malware_download"
"2026-03-05T23:21:38Z"	"hxxp://154[.]216[.]20[.]246/f493d73b2e06dbd2/msvcp140[.]dll"	"url"	"urlhaus"	"stealc"	"status=offline; threat=malware_download"
"2026-03-05T23:21:38Z"	"hxxp://154[.]216[.]20[.]246/f493d73b2e06dbd2/sqlite3[.]dll"	"url"	"urlhaus"	"stealc"	"status=offline; threat=malware_download"
"2026-03-05T23:21:38Z"	"hxxp://154[.]216[.]20[.]246/f493d73b2e06dbd2/vcruntime140[.]dll"	"url"	"urlhaus"	"stealc"	"status=offline; threat=malware_download"
"2026-03-05T23:21:38Z"	"hxxp://178[.]16[.]55[.]189/files/7666184463/1TDgjbz[.]exe"	"url"	"urlhaus"	"stealc"	"status=offline; threat=malware_download"
"2026-03-05T23:21:38Z"	"hxxp://178[.]16[.]55[.]189/files/5917492177/J3Emhcx[.]exe"	"url"	"urlhaus"	"stealc"	"status=offline; threat=malware_download"
"2026-03-05T23:21:38Z"	"hxxp://162[.]248[.]227[.]2/de64a059f7fa0776/msvcp140[.]dll"	"url"	"urlhaus"	"stealc"	"status=offline; threat=malware_download"
"2026-03-05T23:21:38Z"	"hxxps://65[.]109[.]226[.]91/d59bbb0059c11725/sqlite3[.]dll"	"url"	"urlhaus"	"stealc"	"status=offline; threat=malware_download"
"2026-03-05T23:21:38Z"	"hxxp://185[.]237[.]165[.]47/9b5e67be63d48ab6/softokn3[.]dll"	"url"	"urlhaus"	"stealc"	"status=offline; threat=malware_download"
"2026-03-05T23:21:38Z"	"hxxp://185[.]237[.]165[.]47/9b5e67be63d48ab6/msvcp140[.]dll"	"url"	"urlhaus"	"stealc"	"status=offline; threat=malware_download"
"2026-03-05T23:21:38Z"	"hxxp://34[.]105[.]147[.]92/gate/sqlite3[.]dll"	"url"	"urlhaus"	"stealc"	"status=offline; threat=malware_download"
"2026-03-05T23:21:38Z"	"hxxps://94[.]142[.]138[.]48/54982f23330528c2/mozglue[.]dll"	"url"	"urlhaus"	"stealc"	"status=offline; threat=malware_download"
"2026-03-05T23:21:38Z"	"hxxps://94[.]142[.]138[.]48/54982f23330528c2/sqlite3[.]dll"	"url"	"urlhaus"	"stealc"	"status=offline; threat=malware_download"
"2026-03-05T23:21:38Z"	"hxxps://162[.]0[.]238[.]10/dbe4ef521ee4cc21/vcruntime140[.]dll"	"url"	"urlhaus"	"stealc"	"status=offline; threat=malware_download"
"2026-03-05T23:21:38Z"	"hxxps://94[.]142[.]138[.]48/54982f23330528c2/vcruntime140[.]dll"	"url"	"urlhaus"	"stealc"	"status=offline; threat=malware_download"
"2026-03-05T23:21:38Z"	"hxxps://162[.]0[.]238[.]10/dbe4ef521ee4cc21/sqlite3[.]dll"	"url"	"urlhaus"	"stealc"	"status=offline; threat=malware_download"
"2026-03-05T23:21:38Z"	"hxxps://162[.]0[.]238[.]10/dbe4ef521ee4cc21/mozglue[.]dll"	"url"	"urlhaus"	"stealc"	"status=offline; threat=malware_download"
"2026-03-05T23:21:38Z"	"hxxp://185[.]201[.]252[.]67/40bd1b7b157a05f2/sqlite3[.]dll"	"url"	"urlhaus"	"stealc"	"status=offline; threat=malware_download"
"2026-03-05T23:21:38Z"	"hxxp://153[.]92[.]210[.]92/sqlite3[.]dll"	"url"	"urlhaus"	"stealc"	"status=offline; threat=malware_download"
"2026-03-05T23:21:38Z"	"hxxps://185[.]219[.]81[.]132/4f85e0bfc60adccc/mozglue[.]dll"	"url"	"urlhaus"	"stealc"	"status=offline; threat=malware_download"
"2026-03-05T23:21:38Z"	"hxxps://91[.]215[.]85[.]213/d1c0c3851212ede5/sqlite3[.]dll"	"url"	"urlhaus"	"stealc"	"status=offline; threat=malware_download"
"2026-03-05T23:21:38Z"	"hxxps://185[.]219[.]81[.]132/4f85e0bfc60adccc/sqlite3[.]dll"	"url"	"urlhaus"	"stealc"	"status=offline; threat=malware_download"
"2026-03-05T23:21:38Z"	"hxxp://95[.]215[.]207[.]195/86fcb855254ff44e/msvcp140[.]dll"	"url"	"urlhaus"	"stealc"	"status=offline; threat=malware_download"
"2026-03-05T23:21:38Z"	"hxxps://185[.]219[.]81[.]132/4f85e0bfc60adccc/vcruntime140[.]dll"	"url"	"urlhaus"	"stealc"	"status=offline; threat=malware_download"
"2026-03-05T23:21:38Z"	"hxxp://185[.]215[.]113[.]16/inc/696969[.]exe"	"url"	"urlhaus"	"stealc"	"status=offline; threat=malware_download"
"2026-03-05T23:21:38Z"	"hxxps://77[.]83[.]175[.]91/18e58bd9b3a5293b/sqlite3[.]dll"	"url"	"urlhaus"	"stealc"	"status=offline; threat=malware_download"
"2026-03-05T23:21:38Z"	"hxxps://77[.]83[.]175[.]91/18e58bd9b3a5293b/mozglue[.]dll"	"url"	"urlhaus"	"stealc"	"status=offline; threat=malware_download"
"2026-03-05T23:21:38Z"	"hxxps://185[.]219[.]81[.]132/40b6c4848ca5e8ed/mozglue[.]dll"	"url"	"urlhaus"	"stealc"	"status=offline; threat=malware_download"
"2026-03-05T23:21:38Z"	"hxxps://185[.]219[.]81[.]132/40b6c4848ca5e8ed/vcruntime140[.]dll"	"url"	"urlhaus"	"stealc"	"status=offline; threat=malware_download"
"2026-03-05T23:21:38Z"	"hxxps://185[.]219[.]81[.]135/de4fe4f133a5af6f/vcruntime140[.]dll"	"url"	"urlhaus"	"stealc"	"status=offline; threat=malware_download"
"2026-03-05T23:21:38Z"	"hxxps://46[.]8[.]238[.]240/11f084e893b710ed/vcruntime140[.]dll"	"url"	"urlhaus"	"stealc"	"status=offline; threat=malware_download"
"2026-03-05T23:21:38Z"	"hxxps://185[.]219[.]81[.]132/40b6c4848ca5e8ed/sqlite3[.]dll"	"url"	"urlhaus"	"stealc"	"status=offline; threat=malware_download"
"2026-03-05T23:21:38Z"	"hxxps://185[.]219[.]81[.]135/de4fe4f133a5af6f/mozglue[.]dll"	"url"	"urlhaus"	"stealc"	"status=offline; threat=malware_download"
"2026-03-05T23:21:38Z"	"hxxps://raw[.]githubusercontent[.]com/olosha1/uparowas/refs/heads/main/daytjhasdawd[.]exe"	"url"	"urlhaus"	"stealc"	"status=offline; threat=malware_download"
"2026-03-05T23:21:38Z"	"hxxp://185[.]215[.]113[.]206/68b591d6548ec281/freebl3[.]dll?"	"url"	"urlhaus"	"stealc"	"status=offline; threat=malware_download"
"2026-03-05T23:21:38Z"	"hxxp://185[.]237[.]165[.]47/9b5e67be63d48ab6/nss3[.]dll"	"url"	"urlhaus"	"stealc"	"status=offline; threat=malware_download"
"2026-03-05T23:21:38Z"	"hxxp://185[.]237[.]165[.]47/9b5e67be63d48ab6/vcruntime140[.]dll"	"url"	"urlhaus"	"stealc"	"status=offline; threat=malware_download"
"2026-03-05T23:21:38Z"	"hxxp://185[.]237[.]165[.]47/9b5e67be63d48ab6/sqlite3[.]dll"	"url"	"urlhaus"	"stealc"	"status=offline; threat=malware_download"
"2026-03-05T23:21:38Z"	"hxxp://157[.]90[.]248[.]141/d9e00e90e18cf915/freebl3[.]dll"	"url"	"urlhaus"	"stealc"	"status=offline; threat=malware_download"
"2026-03-05T23:21:38Z"	"hxxp://157[.]90[.]248[.]141/d9e00e90e18cf915/softokn3[.]dll"	"url"	"urlhaus"	"stealc"	"status=offline; threat=malware_download"
"2026-03-05T23:21:38Z"	"hxxp://162[.]248[.]227[.]2/de64a059f7fa0776/softokn3[.]dll"	"url"	"urlhaus"	"stealc"	"status=offline; threat=malware_download"
"2026-03-05T23:21:38Z"	"hxxp://185[.]237[.]165[.]47/9b5e67be63d48ab6/mozglue[.]dll"	"url"	"urlhaus"	"stealc"	"status=offline; threat=malware_download"
"2026-03-05T23:21:38Z"	"hxxp://91[.]211[.]250[.]231/b0fce2118167e296/sqlite3[.]dll"	"url"	"urlhaus"	"stealc"	"status=offline; threat=malware_download"
"2026-03-05T23:21:38Z"	"hxxp://91[.]211[.]250[.]231/b0fce2118167e296/nss3[.]dll"	"url"	"urlhaus"	"stealc"	"status=offline; threat=malware_download"
"2026-03-05T23:21:38Z"	"hxxp://91[.]211[.]250[.]231/b0fce2118167e296/mozglue[.]dll"	"url"	"urlhaus"	"stealc"	"status=offline; threat=malware_download"
"2026-03-05T23:21:38Z"	"hxxp://31[.]41[.]244[.]11/files/UnitedError/random[.]exe"	"url"	"urlhaus"	"stealc"	"status=offline; threat=malware_download"
"2026-03-05T23:21:38Z"	"hxxp://91[.]211[.]250[.]231/b0fce2118167e296/msvcp140[.]dll"	"url"	"urlhaus"	"stealc"	"status=offline; threat=malware_download"
"2026-03-05T23:21:38Z"	"hxxp://91[.]211[.]250[.]231/b0fce2118167e296/softokn3[.]dll"	"url"	"urlhaus"	"stealc"	"status=offline; threat=malware_download"
"2026-03-05T23:21:38Z"	"hxxp://91[.]211[.]250[.]231/b0fce2118167e296/freebl3[.]dll"	"url"	"urlhaus"	"stealc"	"status=offline; threat=malware_download"
"2026-03-05T23:21:38Z"	"hxxp://91[.]211[.]250[.]231/b0fce2118167e296/vcruntime140[.]dll"	"url"	"urlhaus"	"stealc"	"status=offline; threat=malware_download"
"2026-03-05T23:21:38Z"	"hxxp://31[.]41[.]244[.]11/files/7837761420/HWf8n69[.]exe"	"url"	"urlhaus"	"stealc"	"status=offline; threat=malware_download"
"2026-03-05T23:21:38Z"	"hxxp://162[.]248[.]227[.]2/de64a059f7fa0776/vcruntime140[.]dll"	"url"	"urlhaus"	"stealc"	"status=offline; threat=malware_download"
"2026-03-05T23:21:38Z"	"hxxp://162[.]248[.]227[.]2/de64a059f7fa0776/freebl3[.]dll"	"url"	"urlhaus"	"stealc"	"status=offline; threat=malware_download"
"2026-03-05T23:21:38Z"	"hxxp://162[.]248[.]227[.]2/de64a059f7fa0776/mozglue[.]dll"	"url"	"urlhaus"	"stealc"	"status=offline; threat=malware_download"
"2026-03-05T23:21:38Z"	"hxxp://162[.]248[.]227[.]2/de64a059f7fa0776/sqlite3[.]dll"	"url"	"urlhaus"	"stealc"	"status=offline; threat=malware_download"
"2026-03-05T23:21:38Z"	"hxxp://185[.]219[.]81[.]135/4175180d6b714647/mozglue[.]dll"	"url"	"urlhaus"	"stealc"	"status=offline; threat=malware_download"
"2026-03-05T23:21:38Z"	"hxxp://162[.]248[.]227[.]2/de64a059f7fa0776/nss3[.]dll"	"url"	"urlhaus"	"stealc"	"status=offline; threat=malware_download"
"2026-03-05T23:21:38Z"	"hxxps://un1rw11q4u[.]com/Eugenia/Eddy/Gaylene/Marji/Sile/Christean/Carmon?Crista=Kristine_rp"	"url"	"urlhaus"	"stealc"	"status=online; threat=malware_download"
"2026-03-05T23:21:38Z"	"hxxp://185[.]216[.]71[.]4/01210a7d1761b27e/sqlite3[.]dll"	"url"	"urlhaus"	"stealc"	"status=offline; threat=malware_download"
"2026-03-05T23:21:38Z"	"hxxp://185[.]216[.]71[.]4/01210a7d1761b27e/softokn3[.]dll"	"url"	"urlhaus"	"stealc"	"status=offline; threat=malware_download"
"2026-03-05T23:21:38Z"	"hxxp://185[.]216[.]71[.]4/01210a7d1761b27e/freebl3[.]dll"	"url"	"urlhaus"	"stealc"	"status=offline; threat=malware_download"
"2026-03-05T23:21:38Z"	"hxxp://185[.]216[.]71[.]4/01210a7d1761b27e/mozglue[.]dll"	"url"	"urlhaus"	"stealc"	"status=offline; threat=malware_download"
"2026-03-05T23:21:38Z"	"hxxp://185[.]216[.]71[.]4/01210a7d1761b27e/vcruntime140[.]dll"	"url"	"urlhaus"	"stealc"	"status=offline; threat=malware_download"
"2026-03-05T23:21:38Z"	"hxxp://185[.]216[.]71[.]4/01210a7d1761b27e/nss3[.]dll"	"url"	"urlhaus"	"stealc"	"status=offline; threat=malware_download"
"2026-03-05T23:21:38Z"	"hxxp://185[.]216[.]71[.]4/01210a7d1761b27e/msvcp140[.]dll"	"url"	"urlhaus"	"stealc"	"status=offline; threat=malware_download"
"2026-03-05T23:21:38Z"	"hxxp://157[.]90[.]248[.]141/d9e00e90e18cf915/vcruntime140[.]dll"	"url"	"urlhaus"	"stealc"	"status=offline; threat=malware_download"
"2026-03-05T23:21:38Z"	"hxxp://95[.]215[.]207[.]195/86fcb855254ff44e/mozglue[.]dll"	"url"	"urlhaus"	"stealc"	"status=offline; threat=malware_download"
"2026-03-05T23:21:38Z"	"hxxp://185[.]237[.]165[.]47/9b5e67be63d48ab6/freebl3[.]dll"	"url"	"urlhaus"	"stealc"	"status=offline; threat=malware_download"
"2026-03-05T23:21:38Z"	"hxxp://95[.]215[.]207[.]195/86fcb855254ff44e/vcruntime140[.]dll"	"url"	"urlhaus"	"stealc"	"status=offline; threat=malware_download"
"2026-03-05T23:21:38Z"	"hxxp://213[.]226[.]114[.]54/mozglue[.]dll"	"url"	"urlhaus"	"stealc"	"status=offline; threat=malware_download"
"2026-03-05T23:21:38Z"	"hxxp://185[.]231[.]69[.]191/ec05bb5a9eb90166/freebl3[.]dll"	"url"	"urlhaus"	"stealc"	"status=offline; threat=malware_download"
"2026-03-05T23:21:38Z"	"hxxp://185[.]215[.]113[.]16/inc/daw21[.]exe"	"url"	"urlhaus"	"stealc"	"status=offline; threat=malware_download"
"2026-03-05T23:21:38Z"	"hxxp://95[.]215[.]207[.]195/86fcb855254ff44e/sqlite3[.]dll"	"url"	"urlhaus"	"stealc"	"status=offline; threat=malware_download"
"2026-03-05T23:21:38Z"	"hxxp://95[.]215[.]207[.]195/86fcb855254ff44e/softokn3[.]dll"	"url"	"urlhaus"	"stealc"	"status=offline; threat=malware_download"
"2026-03-05T23:21:38Z"	"hxxp://157[.]90[.]248[.]141/d9e00e90e18cf915/mozglue[.]dll"	"url"	"urlhaus"	"stealc"	"status=offline; threat=malware_download"
"2026-03-05T23:21:38Z"	"hxxp://135[.]181[.]65[.]216/4a21a126be249f0d/freebl3[.]dll"	"url"	"urlhaus"	"stealc"	"status=offline; threat=malware_download"
"2026-03-05T23:21:38Z"	"hxxp://135[.]181[.]65[.]216/4a21a126be249f0d/vcruntime140[.]dll"	"url"	"urlhaus"	"stealc"	"status=offline; threat=malware_download"
"2026-03-05T23:21:38Z"	"hxxp://135[.]181[.]65[.]216/4a21a126be249f0d/softokn3[.]dll"	"url"	"urlhaus"	"stealc"	"status=offline; threat=malware_download"
"2026-03-05T23:21:38Z"	"hxxp://135[.]181[.]65[.]216/4a21a126be249f0d/mozglue[.]dll"	"url"	"urlhaus"	"stealc"	"status=offline; threat=malware_download"
"2026-03-05T23:21:38Z"	"hxxp://135[.]181[.]65[.]216/4a21a126be249f0d/msvcp140[.]dll"	"url"	"urlhaus"	"stealc"	"status=offline; threat=malware_download"
"2026-03-05T23:21:38Z"	"hxxp://135[.]181[.]65[.]216/4a21a126be249f0d/sqlite3[.]dll"	"url"	"urlhaus"	"stealc"	"status=offline; threat=malware_download"
"2026-03-05T23:21:38Z"	"hxxp://135[.]181[.]65[.]216/4a21a126be249f0d/nss3[.]dll"	"url"	"urlhaus"	"stealc"	"status=offline; threat=malware_download"
"2026-03-05T23:21:38Z"	"hxxp://185[.]231[.]69[.]191/ec05bb5a9eb90166/nss3[.]dll"	"url"	"urlhaus"	"stealc"	"status=offline; threat=malware_download"
"2026-03-05T23:21:38Z"	"hxxp://185[.]231[.]69[.]191/ec05bb5a9eb90166/sqlite3[.]dll"	"url"	"urlhaus"	"stealc"	"status=offline; threat=malware_download"
"2026-03-05T23:21:38Z"	"hxxp://185[.]231[.]69[.]191/ec05bb5a9eb90166/vcruntime140[.]dll"	"url"	"urlhaus"	"stealc"	"status=offline; threat=malware_download"
"2026-03-05T23:21:38Z"	"hxxp://178[.]22[.]31[.]96/cb8373ac6348bc41/sqlite3[.]dll"	"url"	"urlhaus"	"stealc"	"status=offline; threat=malware_download"
"2026-03-05T23:21:38Z"	"hxxp://185[.]231[.]69[.]191/ec05bb5a9eb90166/softokn3[.]dll"	"url"	"urlhaus"	"stealc"	"status=offline; threat=malware_download"
"2026-03-05T23:21:38Z"	"hxxp://185[.]231[.]69[.]191/ec05bb5a9eb90166/msvcp140[.]dll"	"url"	"urlhaus"	"stealc"	"status=offline; threat=malware_download"
"2026-03-05T23:21:38Z"	"hxxp://185[.]231[.]69[.]191/ec05bb5a9eb90166/mozglue[.]dll"	"url"	"urlhaus"	"stealc"	"status=offline; threat=malware_download"
"2026-03-05T23:21:38Z"	"hxxp://62[.]60[.]226[.]24/file/davies[.]exe"	"url"	"urlhaus"	"stealc"	"status=offline; threat=malware_download"
"2026-03-05T23:21:38Z"	"hxxp://91[.]211[.]250[.]247/426c9bd7902e3b20/freebl3[.]dll"	"url"	"urlhaus"	"stealc"	"status=offline; threat=malware_download"
"2026-03-05T23:21:38Z"	"hxxp://91[.]211[.]250[.]247/426c9bd7902e3b20/softokn3[.]dll"	"url"	"urlhaus"	"stealc"	"status=offline; threat=malware_download"
"2026-03-05T23:21:38Z"	"hxxp://91[.]211[.]250[.]247/426c9bd7902e3b20/mozglue[.]dll"	"url"	"urlhaus"	"stealc"	"status=offline; threat=malware_download"
"2026-03-05T23:21:38Z"	"hxxp://91[.]211[.]250[.]247/426c9bd7902e3b20/sqlite3[.]dll"	"url"	"urlhaus"	"stealc"	"status=offline; threat=malware_download"
"2026-03-05T23:21:38Z"	"hxxp://91[.]211[.]250[.]247/426c9bd7902e3b20/vcruntime140[.]dll"	"url"	"urlhaus"	"stealc"	"status=offline; threat=malware_download"
"2026-03-05T23:21:38Z"	"hxxp://91[.]211[.]250[.]247/426c9bd7902e3b20/msvcp140[.]dll"	"url"	"urlhaus"	"stealc"	"status=offline; threat=malware_download"
"2026-03-05T23:21:38Z"	"hxxp://91[.]211[.]250[.]247/426c9bd7902e3b20/nss3[.]dll"	"url"	"urlhaus"	"stealc"	"status=offline; threat=malware_download"
"2026-03-05T23:21:38Z"	"hxxps://89[.]147[.]111[.]100/aN7jD0qO6kT5bK5bQ4eR8fE1xP7hL2vK/mozglue[.]dll"	"url"	"urlhaus"	"stealc"	"status=offline; threat=malware_download"
"2026-03-05T23:21:38Z"	"hxxps://89[.]147[.]111[.]100/aN7jD0qO6kT5bK5bQ4eR8fE1xP7hL2vK/vcruntime140[.]dll"	"url"	"urlhaus"	"stealc"	"status=offline; threat=malware_download"
"2026-03-05T23:21:38Z"	"hxxp://157[.]90[.]248[.]141/d9e00e90e18cf915/msvcp140[.]dll"	"url"	"urlhaus"	"stealc"	"status=offline; threat=malware_download"
"2026-03-05T23:21:38Z"	"hxxp://185[.]219[.]81[.]132/40b6c4848ca5e8ed/softokn3[.]dll"	"url"	"urlhaus"	"stealc"	"status=offline; threat=malware_download"
"2026-03-05T23:21:38Z"	"hxxp://185[.]219[.]81[.]132/40b6c4848ca5e8ed/sqlite3[.]dll"	"url"	"urlhaus"	"stealc"	"status=offline; threat=malware_download"
"2026-03-05T23:21:38Z"	"hxxp://185[.]219[.]81[.]135/4175180d6b714647/freebl3[.]dll"	"url"	"urlhaus"	"stealc"	"status=offline; threat=malware_download"
"2026-03-05T23:21:38Z"	"hxxp://185[.]219[.]81[.]132/40b6c4848ca5e8ed/freebl3[.]dll"	"url"	"urlhaus"	"stealc"	"status=offline; threat=malware_download"
"2026-03-05T23:21:38Z"	"hxxp://185[.]219[.]81[.]132/40b6c4848ca5e8ed/mozglue[.]dll"	"url"	"urlhaus"	"stealc"	"status=offline; threat=malware_download"
"2026-03-05T23:21:38Z"	"hxxp://185[.]215[.]113[.]16/inc/stealcy11[.]exe"	"url"	"urlhaus"	"stealc"	"status=offline; threat=malware_download"
"2026-03-05T23:21:38Z"	"hxxp://185[.]219[.]81[.]132/40b6c4848ca5e8ed/vcruntime140[.]dll"	"url"	"urlhaus"	"stealc"	"status=offline; threat=malware_download"
"2026-03-05T23:21:38Z"	"hxxp://207[.]154[.]195[.]173/aN7jD0qO6kT5bK5bQ4eR8fE1xP7hL2vK/freebl3[.]dll"	"url"	"urlhaus"	"stealc"	"status=offline; threat=malware_download"
"2026-03-05T23:21:38Z"	"hxxp://207[.]154[.]195[.]173/aN7jD0qO6kT5bK5bQ4eR8fE1xP7hL2vK/mozglue[.]dll"	"url"	"urlhaus"	"stealc"	"status=offline; threat=malware_download"
"2026-03-05T23:21:38Z"	"hxxp://207[.]154[.]195[.]173/aN7jD0qO6kT5bK5bQ4eR8fE1xP7hL2vK/nss3[.]dll"	"url"	"urlhaus"	"stealc"	"status=offline; threat=malware_download"
"2026-03-05T23:21:38Z"	"hxxp://207[.]154[.]195[.]173/aN7jD0qO6kT5bK5bQ4eR8fE1xP7hL2vK/sqlite3[.]dll"	"url"	"urlhaus"	"stealc"	"status=offline; threat=malware_download"
"2026-03-05T23:21:38Z"	"hxxp://207[.]154[.]195[.]173/aN7jD0qO6kT5bK5bQ4eR8fE1xP7hL2vK/msvcp140[.]dll"	"url"	"urlhaus"	"stealc"	"status=offline; threat=malware_download"
"2026-03-05T23:21:38Z"	"hxxp://207[.]154[.]195[.]173/aN7jD0qO6kT5bK5bQ4eR8fE1xP7hL2vK/vcruntime140[.]dll"	"url"	"urlhaus"	"stealc"	"status=offline; threat=malware_download"
"2026-03-05T23:21:38Z"	"hxxp://207[.]154[.]195[.]173/aN7jD0qO6kT5bK5bQ4eR8fE1xP7hL2vK/softokn3[.]dll"	"url"	"urlhaus"	"stealc"	"status=offline; threat=malware_download"
"2026-03-05T23:21:38Z"	"hxxp://51[.]83[.]130[.]190/msvcp140[.]dll"	"url"	"urlhaus"	"stealc"	"status=offline; threat=malware_download"
"2026-03-05T23:21:38Z"	"hxxp://188[.]245[.]87[.]202/freebl3[.]dll"	"url"	"urlhaus"	"stealc"	"status=offline; threat=malware_download"
"2026-03-05T23:21:38Z"	"hxxp://188[.]245[.]87[.]202/softokn3[.]dll"	"url"	"urlhaus"	"stealc"	"status=offline; threat=malware_download"
"2026-03-05T23:21:38Z"	"hxxp://188[.]245[.]87[.]202/nss3[.]dll"	"url"	"urlhaus"	"stealc"	"status=offline; threat=malware_download"
"2026-03-05T23:21:38Z"	"hxxp://188[.]245[.]87[.]202/mozglue[.]dll"	"url"	"urlhaus"	"stealc"	"status=offline; threat=malware_download"
"2026-03-05T23:21:38Z"	"hxxp://188[.]245[.]87[.]202/vcruntime140[.]dll"	"url"	"urlhaus"	"stealc"	"status=offline; threat=malware_download"
"2026-03-05T23:21:38Z"	"hxxp://185[.]219[.]81[.]132/4f85e0bfc60adccc/nss3[.]dll"	"url"	"urlhaus"	"stealc"	"status=offline; threat=malware_download"
"2026-03-05T23:21:38Z"	"hxxp://185[.]219[.]81[.]132/4f85e0bfc60adccc/freebl3[.]dll"	"url"	"urlhaus"	"stealc"	"status=offline; threat=malware_download"
"2026-03-05T23:21:38Z"	"hxxp://185[.]219[.]81[.]132/4f85e0bfc60adccc/sqlite3[.]dll"	"url"	"urlhaus"	"stealc"	"status=offline; threat=malware_download"
"2026-03-05T23:21:38Z"	"hxxp://185[.]219[.]81[.]132/4f85e0bfc60adccc/msvcp140[.]dll"	"url"	"urlhaus"	"stealc"	"status=offline; threat=malware_download"
"2026-03-05T23:21:38Z"	"hxxp://185[.]219[.]81[.]132/4f85e0bfc60adccc/vcruntime140[.]dll"	"url"	"urlhaus"	"stealc"	"status=offline; threat=malware_download"
"2026-03-05T23:21:38Z"	"hxxp://185[.]219[.]81[.]132/4f85e0bfc60adccc/softokn3[.]dll"	"url"	"urlhaus"	"stealc"	"status=offline; threat=malware_download"
"2026-03-05T23:21:38Z"	"hxxp://185[.]219[.]81[.]132/4f85e0bfc60adccc/mozglue[.]dll"	"url"	"urlhaus"	"stealc"	"status=offline; threat=malware_download"
"2026-03-05T23:21:38Z"	"hxxps://raw[.]githubusercontent[.]com/olosha1/uparowas/refs/heads/main/jdrgsotrti[.]exe"	"url"	"urlhaus"	"stealc"	"status=offline; threat=malware_download"
"2026-03-05T23:21:38Z"	"hxxp://185[.]219[.]81[.]135/4175180d6b714647/nss3[.]dll"	"url"	"urlhaus"	"stealc"	"status=offline; threat=malware_download"
"2026-03-05T23:21:38Z"	"hxxp://185[.]219[.]81[.]135/4175180d6b714647/sqlite3[.]dll"	"url"	"urlhaus"	"stealc"	"status=offline; threat=malware_download"
"2026-03-05T23:21:38Z"	"hxxp://185[.]219[.]81[.]135/4175180d6b714647/msvcp140[.]dll"	"url"	"urlhaus"	"stealc"	"status=offline; threat=malware_download"
"2026-03-05T23:21:38Z"	"hxxp://185[.]219[.]81[.]135/4175180d6b714647/softokn3[.]dll"	"url"	"urlhaus"	"stealc"	"status=offline; threat=malware_download"
"2026-03-05T23:21:38Z"	"hxxp://185[.]219[.]81[.]135/4175180d6b714647/vcruntime140[.]dll"	"url"	"urlhaus"	"stealc"	"status=offline; threat=malware_download"
"2026-03-05T23:21:38Z"	"hxxps://raw[.]githubusercontent[.]com/rimase12/urika/refs/heads/main/perviy[.]exe"	"url"	"urlhaus"	"stealc"	"status=offline; threat=malware_download"
"2026-03-05T23:21:38Z"	"hxxp://github[.]com/rimase12/urika/raw/refs/heads/main/vtoroy[.]exe"	"url"	"urlhaus"	"stealc"	"status=offline; threat=malware_download"
"2026-03-05T23:21:38Z"	"hxxp://185[.]219[.]81[.]135/de4fe4f133a5af6f/nss3[.]dll"	"url"	"urlhaus"	"stealc"	"status=offline; threat=malware_download"
"2026-03-05T23:21:38Z"	"hxxp://185[.]219[.]81[.]135/de4fe4f133a5af6f/softokn3[.]dll"	"url"	"urlhaus"	"stealc"	"status=offline; threat=malware_download"
"2026-03-05T23:21:38Z"	"hxxp://185[.]219[.]81[.]135/de4fe4f133a5af6f/vcruntime140[.]dll"	"url"	"urlhaus"	"stealc"	"status=offline; threat=malware_download"
"2026-03-05T23:21:38Z"	"hxxp://185[.]219[.]81[.]135/de4fe4f133a5af6f/freebl3[.]dll"	"url"	"urlhaus"	"stealc"	"status=offline; threat=malware_download"
"2026-03-05T23:21:38Z"	"hxxp://185[.]219[.]81[.]135/de4fe4f133a5af6f/mozglue[.]dll"	"url"	"urlhaus"	"stealc"	"status=offline; threat=malware_download"
"2026-03-05T23:21:38Z"	"hxxp://185[.]219[.]81[.]135/de4fe4f133a5af6f/sqlite3[.]dll"	"url"	"urlhaus"	"stealc"	"status=offline; threat=malware_download"
"2026-03-05T23:21:38Z"	"hxxp://185[.]219[.]81[.]135/de4fe4f133a5af6f/msvcp140[.]dll"	"url"	"urlhaus"	"stealc"	"status=offline; threat=malware_download"
"2026-03-05T23:21:38Z"	"hxxp://95[.]215[.]204[.]123/6da61cc9df0e0899/vcruntime140[.]dll"	"url"	"urlhaus"	"stealc"	"status=offline; threat=malware_download"
"2026-03-05T23:21:38Z"	"hxxp://95[.]215[.]204[.]123/6da61cc9df0e0899/freebl3[.]dll"	"url"	"urlhaus"	"stealc"	"status=offline; threat=malware_download"
"2026-03-05T23:21:38Z"	"hxxp://95[.]215[.]204[.]123/6da61cc9df0e0899/mozglue[.]dll"	"url"	"urlhaus"	"stealc"	"status=offline; threat=malware_download"
"2026-03-05T23:21:38Z"	"hxxp://95[.]215[.]204[.]123/6da61cc9df0e0899/softokn3[.]dll"	"url"	"urlhaus"	"stealc"	"status=offline; threat=malware_download"
"2026-03-05T23:21:38Z"	"hxxp://95[.]215[.]204[.]123/6da61cc9df0e0899/msvcp140[.]dll"	"url"	"urlhaus"	"stealc"	"status=offline; threat=malware_download"
"2026-03-05T23:21:38Z"	"hxxps://raw[.]githubusercontent[.]com/rimase12/urika/refs/heads/main/vtoroy[.]exe"	"url"	"urlhaus"	"stealc"	"status=offline; threat=malware_download"
"2026-03-05T23:21:38Z"	"hxxp://178[.]22[.]31[.]134/cb8373ac6348bc41/mozglue[.]dll"	"url"	"urlhaus"	"stealc"	"status=offline; threat=malware_download"
"2026-03-05T23:21:38Z"	"hxxp://92[.]119[.]114[.]51/d976bc0afbf68d51/nss3[.]dll"	"url"	"urlhaus"	"stealc"	"status=offline; threat=malware_download"
"2026-03-05T23:21:38Z"	"hxxp://92[.]119[.]114[.]51/d976bc0afbf68d51/sqlite3[.]dll"	"url"	"urlhaus"	"stealc"	"status=offline; threat=malware_download"
"2026-03-05T23:21:38Z"	"hxxp://92[.]119[.]114[.]51/d976bc0afbf68d51/freebl3[.]dll"	"url"	"urlhaus"	"stealc"	"status=offline; threat=malware_download"
"2026-03-05T23:21:38Z"	"hxxp://92[.]119[.]114[.]51/d976bc0afbf68d51/vcruntime140[.]dll"	"url"	"urlhaus"	"stealc"	"status=offline; threat=malware_download"
"2026-03-05T23:21:38Z"	"hxxp://92[.]119[.]114[.]51/d976bc0afbf68d51/mozglue[.]dll"	"url"	"urlhaus"	"stealc"	"status=offline; threat=malware_download"
"2026-03-05T23:21:38Z"	"hxxp://92[.]119[.]114[.]51/d976bc0afbf68d51/msvcp140[.]dll"	"url"	"urlhaus"	"stealc"	"status=offline; threat=malware_download"
"2026-03-05T23:21:38Z"	"hxxp://92[.]119[.]114[.]51/d976bc0afbf68d51/softokn3[.]dll"	"url"	"urlhaus"	"stealc"	"status=offline; threat=malware_download"
"2026-03-05T23:21:38Z"	"hxxps://cadirkamplari[.]com/chrome_132[.]exe"	"url"	"urlhaus"	"stealc"	"status=offline; threat=malware_download"
"2026-03-05T23:21:38Z"	"hxxps://destinoverde[.]pe/chrome_132[.]exe"	"url"	"urlhaus"	"stealc"	"status=offline; threat=malware_download"
"2026-03-05T23:21:38Z"	"hxxps://casacoimbramaputo[.]com/chrome_132[.]exe"	"url"	"urlhaus"	"stealc"	"status=offline; threat=malware_download"
"2026-03-05T23:21:38Z"	"hxxp://bitbucket[.]org/eqweqwt/wqeqwfs/downloads/IaFcFFF[.]txt"	"url"	"urlhaus"	"stealc"	"status=offline; threat=malware_download"
"2026-03-05T23:21:38Z"	"hxxp://bitbucket[.]org/eqweqwt/wqeqwfs/downloads/gknbiSp[.]txt"	"url"	"urlhaus"	"stealc"	"status=offline; threat=malware_download"
"2026-03-05T23:21:38Z"	"hxxp://github[.]com/rimase12/urika/raw/refs/heads/main/perviy[.]exe"	"url"	"urlhaus"	"stealc"	"status=offline; threat=malware_download"
"2026-03-05T23:21:38Z"	"hxxp://github[.]com/rimase12/urika/raw/refs/heads/main/tretiy[.]exe"	"url"	"urlhaus"	"stealc"	"status=offline; threat=malware_download"
"2026-03-05T23:21:38Z"	"hxxps://bitbucket[.]org/eqweqwt/wqeqwfs/downloads/gknbiSp[.]txt"	"url"	"urlhaus"	"stealc"	"status=offline; threat=malware_download"
"2026-03-05T23:21:38Z"	"hxxps://bitbucket[.]org/eqweqwt/wqeqwfs/downloads/IaFcFFF[.]txt"	"url"	"urlhaus"	"stealc"	"status=offline; threat=malware_download"
"2026-03-05T23:21:38Z"	"hxxp://45[.]91[.]201[.]185/20aa6cac9e2233ef/mozglue[.]dll"	"url"	"urlhaus"	"stealc"	"status=offline; threat=malware_download"
"2026-03-05T23:21:38Z"	"hxxp://185[.]215[.]113[.]206/68b591d6548ec281/sqlite3[.]dll?E/"	"url"	"urlhaus"	"stealc"	"status=offline; threat=malware_download"
"2026-03-05T23:21:38Z"	"hxxp://github[.]com/olosha1/pockket/raw/refs/heads/main/vorpgkadeg[.]exe"	"url"	"urlhaus"	"stealc"	"status=offline; threat=malware_download"
"2026-03-05T23:21:38Z"	"hxxp://github[.]com/olosha1/pockket/raw/refs/heads/main/piotjhjadkaw[.]exe"	"url"	"urlhaus"	"stealc"	"status=offline; threat=malware_download"
"2026-03-05T23:21:38Z"	"hxxp://github[.]com/olosha1/oparik/raw/refs/heads/main/krgawdtyjawd[.]exe"	"url"	"urlhaus"	"stealc"	"status=offline; threat=malware_download"
"2026-03-05T23:21:38Z"	"hxxp://github[.]com/olosha1/uparowas/raw/refs/heads/main/daytjhasdawd[.]exe"	"url"	"urlhaus"	"stealc"	"status=offline; threat=malware_download"
"2026-03-05T23:21:38Z"	"hxxp://github[.]com/olosha1/uparowas/raw/refs/heads/main/kisloyat[.]exe"	"url"	"urlhaus"	"stealc"	"status=offline; threat=malware_download"
"2026-03-05T23:21:38Z"	"hxxp://github[.]com/olosha1/uparowas/raw/refs/heads/main/jdrgsotrti[.]exe"	"url"	"urlhaus"	"stealc"	"status=offline; threat=malware_download"
"2026-03-05T23:21:38Z"	"hxxp://github[.]com/olosha1/uparowas/raw/refs/heads/main/mfcthased[.]exe"	"url"	"urlhaus"	"stealc"	"status=offline; threat=malware_download"
"2026-03-05T23:21:38Z"	"hxxp://github[.]com/olosha1/uparowas/raw/refs/heads/main/kisteruop[.]exe"	"url"	"urlhaus"	"stealc"	"status=offline; threat=malware_download"
"2026-03-05T23:21:38Z"	"hxxp://github[.]com/olosha1/uparowas/raw/refs/heads/main/vovdawdrg[.]exe"	"url"	"urlhaus"	"stealc"	"status=offline; threat=malware_download"
"2026-03-05T23:21:38Z"	"hxxp://45[.]132[.]107[.]229/1acc7899d5577c57/nss3[.]dll"	"url"	"urlhaus"	"stealc"	"status=offline; threat=malware_download"
"2026-03-05T23:21:38Z"	"hxxp://185[.]215[.]113[.]206/68b591d6548ec281/sqlite3[.]dll?E"	"url"	"urlhaus"	"stealc"	"status=offline; threat=malware_download"
"2026-03-05T23:21:38Z"	"hxxp://45[.]132[.]107[.]229/1acc7899d5577c57/sqlite3[.]dll"	"url"	"urlhaus"	"stealc"	"status=offline; threat=malware_download"
"2026-03-05T23:21:38Z"	"hxxp://45[.]132[.]107[.]229/1acc7899d5577c57/freebl3[.]dll"	"url"	"urlhaus"	"stealc"	"status=offline; threat=malware_download"
"2026-03-05T23:21:38Z"	"hxxp://45[.]91[.]201[.]185/20aa6cac9e2233ef/freebl3[.]dll"	"url"	"urlhaus"	"stealc"	"status=offline; threat=malware_download"
"2026-03-05T23:21:38Z"	"hxxp://45[.]132[.]107[.]229/1acc7899d5577c57/mozglue[.]dll"	"url"	"urlhaus"	"stealc"	"status=offline; threat=malware_download"
"2026-03-05T23:21:38Z"	"hxxp://45[.]132[.]107[.]229/1acc7899d5577c57/msvcp140[.]dll"	"url"	"urlhaus"	"stealc"	"status=offline; threat=malware_download"
"2026-03-05T23:21:38Z"	"hxxp://31[.]41[.]244[.]10/zumo/leto[.]exe"	"url"	"urlhaus"	"stealc"	"status=offline; threat=malware_download"
"2026-03-05T23:21:38Z"	"hxxp://92[.]255[.]57[.]89/697b92cb4e247842/sqlite3[.]dll"	"url"	"urlhaus"	"stealc"	"status=offline; threat=malware_download"
"2026-03-05T23:21:38Z"	"hxxp://92[.]255[.]57[.]89/697b92cb4e247842/nss3[.]dll"	"url"	"urlhaus"	"stealc"	"status=offline; threat=malware_download"
"2026-03-05T23:21:38Z"	"hxxp://92[.]255[.]57[.]89/697b92cb4e247842/softokn3[.]dll"	"url"	"urlhaus"	"stealc"	"status=offline; threat=malware_download"
"2026-03-05T23:21:38Z"	"hxxp://92[.]255[.]57[.]89/697b92cb4e247842/msvcp140[.]dll"	"url"	"urlhaus"	"stealc"	"status=offline; threat=malware_download"
"2026-03-05T23:21:38Z"	"hxxp://92[.]255[.]57[.]89/697b92cb4e247842/vcruntime140[.]dll"	"url"	"urlhaus"	"stealc"	"status=offline; threat=malware_download"
"2026-03-05T23:21:38Z"	"hxxp://92[.]255[.]57[.]89/697b92cb4e247842/mozglue[.]dll"	"url"	"urlhaus"	"stealc"	"status=offline; threat=malware_download"
"2026-03-05T23:21:38Z"	"hxxp://92[.]255[.]57[.]89/697b92cb4e247842/freebl3[.]dll"	"url"	"urlhaus"	"stealc"	"status=offline; threat=malware_download"
"2026-03-05T23:21:38Z"	"hxxp://45[.]91[.]201[.]185/20aa6cac9e2233ef/nss3[.]dll"	"url"	"urlhaus"	"stealc"	"status=offline; threat=malware_download"
"2026-03-05T23:21:38Z"	"hxxp://45[.]91[.]201[.]185/20aa6cac9e2233ef/vcruntime140[.]dll"	"url"	"urlhaus"	"stealc"	"status=offline; threat=malware_download"
"2026-03-05T23:21:38Z"	"hxxp://45[.]91[.]201[.]185/20aa6cac9e2233ef/msvcp140[.]dll"	"url"	"urlhaus"	"stealc"	"status=offline; threat=malware_download"
"2026-03-05T23:21:38Z"	"hxxp://45[.]91[.]201[.]185/20aa6cac9e2233ef/softokn3[.]dll"	"url"	"urlhaus"	"stealc"	"status=offline; threat=malware_download"
"2026-03-05T23:21:38Z"	"hxxps://77[.]105[.]164[.]86/fb31c18012444fcf/sqlite3[.]dll"	"url"	"urlhaus"	"stealc"	"status=offline; threat=malware_download"
"2026-03-05T23:21:38Z"	"hxxp://178[.]22[.]31[.]97/cb8373ac6348bc41/nss3[.]dll"	"url"	"urlhaus"	"stealc"	"status=offline; threat=malware_download"
"2026-03-05T23:21:38Z"	"hxxp://178[.]22[.]31[.]97/cb8373ac6348bc41/msvcp140[.]dll"	"url"	"urlhaus"	"stealc"	"status=offline; threat=malware_download"
"2026-03-05T23:21:38Z"	"hxxp://185[.]215[.]113[.]16/inc/d4cye08a[.]exe"	"url"	"urlhaus"	"stealc"	"status=offline; threat=malware_download"
"2026-03-05T23:21:38Z"	"hxxp://185[.]215[.]113[.]209/inc/d4cye08a[.]exe"	"url"	"urlhaus"	"stealc"	"status=offline; threat=malware_download"
"2026-03-05T23:21:38Z"	"hxxp://185[.]215[.]113[.]209/reko/valid[.]exe"	"url"	"urlhaus"	"stealc"	"status=offline; threat=malware_download"
"2026-03-05T23:21:38Z"	"hxxp://185[.]215[.]113[.]209/inc/prem1[.]exe"	"url"	"urlhaus"	"stealc"	"status=offline; threat=malware_download"
"2026-03-05T23:21:38Z"	"hxxp://185[.]215[.]113[.]209/inc/stealc_default2[.]exe"	"url"	"urlhaus"	"stealc"	"status=offline; threat=malware_download"
"2026-03-05T23:21:38Z"	"hxxp://185[.]215[.]113[.]209/steam/random[.]exe?9I/"	"url"	"urlhaus"	"stealc"	"status=offline; threat=malware_download"
"2026-03-05T23:21:38Z"	"hxxp://185[.]215[.]113[.]209/inc/stealc_valenciga[.]exe"	"url"	"urlhaus"	"stealc"	"status=offline; threat=malware_download"
"2026-03-05T23:21:38Z"	"hxxp://185[.]215[.]113[.]209/inc/needmoney[.]exe"	"url"	"urlhaus"	"stealc"	"status=offline; threat=malware_download"
"2026-03-05T23:21:38Z"	"hxxp://185[.]215[.]113[.]209/inc/pimer_bbbcontents7[.]exe"	"url"	"urlhaus"	"stealc"	"status=offline; threat=malware_download"
"2026-03-05T23:21:38Z"	"hxxp://185[.]215[.]113[.]209/luma/random[.]exe"	"url"	"urlhaus"	"stealc"	"status=offline; threat=malware_download"
"2026-03-05T23:21:38Z"	"hxxp://185[.]215[.]113[.]209/inc/stealc_default[.]exe"	"url"	"urlhaus"	"stealc"	"status=offline; threat=malware_download"
"2026-03-05T23:21:38Z"	"hxxp://185[.]215[.]113[.]209/steam/random[.]exe?9I"	"url"	"urlhaus"	"stealc"	"status=offline; threat=malware_download"
"2026-03-05T23:21:38Z"	"hxxp://185[.]215[.]113[.]209/steam/random[.]exe"	"url"	"urlhaus"	"stealc"	"status=offline; threat=malware_download"
"2026-03-05T23:21:38Z"	"hxxp://185[.]215[.]113[.]209/inc/stealc_daval[.]exe"	"url"	"urlhaus"	"stealc"	"status=offline; threat=malware_download"
"2026-03-05T23:21:38Z"	"hxxp://185[.]215[.]113[.]209/inc/qth5kdee[.]exe"	"url"	"urlhaus"	"stealc"	"status=offline; threat=malware_download"
"2026-03-05T23:21:38Z"	"hxxp://185[.]215[.]113[.]209/inc/5447jsX[.]exe"	"url"	"urlhaus"	"stealc"	"status=offline; threat=malware_download"
"2026-03-05T23:21:38Z"	"hxxp://185[.]215[.]113[.]209/inc/343dsxs[.]exe"	"url"	"urlhaus"	"stealc"	"status=offline; threat=malware_download"
"2026-03-05T23:21:38Z"	"hxxp://185[.]215[.]113[.]209/inc/12[.]exe"	"url"	"urlhaus"	"stealc"	"status=offline; threat=malware_download"
"2026-03-05T23:21:38Z"	"hxxp://185[.]215[.]113[.]209/inc/4434[.]exe"	"url"	"urlhaus"	"stealc"	"status=offline; threat=malware_download"
"2026-03-05T23:21:38Z"	"hxxp://185[.]215[.]113[.]209/test/num[.]exe"	"url"	"urlhaus"	"stealc"	"status=offline; threat=malware_download"
"2026-03-05T23:21:38Z"	"hxxp://87[.]120[.]126[.]143/734cbeda74d43126/vcruntime140[.]dll"	"url"	"urlhaus"	"stealc"	"status=offline; threat=malware_download"
"2026-03-05T23:21:38Z"	"hxxp://87[.]120[.]126[.]143/734cbeda74d43126/softokn3[.]dll"	"url"	"urlhaus"	"stealc"	"status=offline; threat=malware_download"
"2026-03-05T23:21:38Z"	"hxxp://87[.]120[.]126[.]143/734cbeda74d43126/msvcp140[.]dll"	"url"	"urlhaus"	"stealc"	"status=offline; threat=malware_download"
"2026-03-05T23:21:38Z"	"hxxp://87[.]120[.]126[.]143/734cbeda74d43126/freebl3[.]dll"	"url"	"urlhaus"	"stealc"	"status=offline; threat=malware_download"
"2026-03-05T23:21:38Z"	"hxxp://87[.]120[.]126[.]143/734cbeda74d43126/sqlite3[.]dll"	"url"	"urlhaus"	"stealc"	"status=offline; threat=malware_download"
"2026-03-05T23:21:38Z"	"hxxp://87[.]120[.]126[.]143/734cbeda74d43126/nss3[.]dll"	"url"	"urlhaus"	"stealc"	"status=offline; threat=malware_download"
"2026-03-05T23:21:38Z"	"hxxp://178[.]22[.]31[.]134/cb8373ac6348bc41/nss3[.]dll"	"url"	"urlhaus"	"stealc"	"status=offline; threat=malware_download"
"2026-03-05T23:21:38Z"	"hxxp://178[.]22[.]31[.]134/cb8373ac6348bc41/msvcp140[.]dll"	"url"	"urlhaus"	"stealc"	"status=offline; threat=malware_download"
"2026-03-05T23:21:38Z"	"hxxp://212[.]86[.]115[.]216/6ef7b5a1a18fd719/freebl3[.]dll"	"url"	"urlhaus"	"stealc"	"status=offline; threat=malware_download"
"2026-03-05T23:21:38Z"	"hxxp://212[.]86[.]115[.]216/6ef7b5a1a18fd719/nss3[.]dll"	"url"	"urlhaus"	"stealc"	"status=offline; threat=malware_download"
"2026-03-05T23:21:38Z"	"hxxp://178[.]22[.]31[.]97/cb8373ac6348bc41/mozglue[.]dll"	"url"	"urlhaus"	"stealc"	"status=offline; threat=malware_download"
"2026-03-05T23:21:38Z"	"hxxp://178[.]22[.]31[.]134/cb8373ac6348bc41/vcruntime140[.]dll"	"url"	"urlhaus"	"stealc"	"status=offline; threat=malware_download"
"2026-03-05T23:21:38Z"	"hxxp://178[.]22[.]31[.]97/cb8373ac6348bc41/vcruntime140[.]dll"	"url"	"urlhaus"	"stealc"	"status=offline; threat=malware_download"
"2026-03-05T23:21:38Z"	"hxxp://178[.]22[.]31[.]134/cb8373ac6348bc41/softokn3[.]dll"	"url"	"urlhaus"	"stealc"	"status=offline; threat=malware_download"
"2026-03-05T23:21:38Z"	"hxxp://178[.]22[.]31[.]97/cb8373ac6348bc41/freebl3[.]dll"	"url"	"urlhaus"	"stealc"	"status=offline; threat=malware_download"
"2026-03-05T23:21:38Z"	"hxxp://178[.]22[.]31[.]134/cb8373ac6348bc41/freebl3[.]dll"	"url"	"urlhaus"	"stealc"	"status=offline; threat=malware_download"
"2026-03-05T23:21:38Z"	"hxxp://178[.]22[.]31[.]97/cb8373ac6348bc41/softokn3[.]dll"	"url"	"urlhaus"	"stealc"	"status=offline; threat=malware_download"
"2026-03-05T23:21:38Z"	"hxxps://raw[.]githubusercontent[.]com/olosha1/pockket/refs/heads/main/vorpgkadeg[.]exe"	"url"	"urlhaus"	"stealc"	"status=offline; threat=malware_download"
"2026-03-05T23:21:38Z"	"hxxps://raw[.]githubusercontent[.]com/olosha1/pockket/refs/heads/main/piotjhjadkaw[.]exe"	"url"	"urlhaus"	"stealc"	"status=offline; threat=malware_download"
"2026-03-05T23:21:38Z"	"hxxp://31[.]41[.]244[.]11/good/trak[.]exe"	"url"	"urlhaus"	"stealc"	"status=offline; threat=malware_download"
"2026-03-05T23:21:38Z"	"hxxp://31[.]41[.]244[.]9/good/trak[.]exe"	"url"	"urlhaus"	"stealc"	"status=offline; threat=malware_download"
"2026-03-05T23:21:38Z"	"hxxp://31[.]41[.]244[.]12/good/trak[.]exe"	"url"	"urlhaus"	"stealc"	"status=offline; threat=malware_download"
"2026-03-05T23:21:38Z"	"hxxp://31[.]41[.]244[.]10/good/trak[.]exe"	"url"	"urlhaus"	"stealc"	"status=offline; threat=malware_download"
"2026-03-05T23:21:38Z"	"hxxp://212[.]86[.]115[.]216/6ef7b5a1a18fd719/softokn3[.]dll"	"url"	"urlhaus"	"stealc"	"status=offline; threat=malware_download"
"2026-03-05T23:21:38Z"	"hxxp://45[.]91[.]201[.]185/20aa6cac9e2233ef/sqlite3[.]dll"	"url"	"urlhaus"	"stealc"	"status=offline; threat=malware_download"
"2026-03-05T23:21:38Z"	"hxxp://77[.]105[.]164[.]106/263ff79562167f22/vcruntime140[.]dll"	"url"	"urlhaus"	"stealc"	"status=offline; threat=malware_download"
"2026-03-05T23:21:38Z"	"hxxp://77[.]105[.]164[.]106/263ff79562167f22/sqlite3[.]dll"	"url"	"urlhaus"	"stealc"	"status=offline; threat=malware_download"
"2026-03-05T23:21:38Z"	"hxxp://77[.]105[.]164[.]106/263ff79562167f22/msvcp140[.]dll"	"url"	"urlhaus"	"stealc"	"status=offline; threat=malware_download"
"2026-03-05T23:21:38Z"	"hxxp://178[.]22[.]31[.]134/cb8373ac6348bc41/sqlite3[.]dll"	"url"	"urlhaus"	"stealc"	"status=offline; threat=malware_download"
"2026-03-05T23:21:38Z"	"hxxp://178[.]22[.]31[.]97/cb8373ac6348bc41/sqlite3[.]dll"	"url"	"urlhaus"	"stealc"	"status=offline; threat=malware_download"
"2026-03-05T23:21:38Z"	"hxxp://5[.]75[.]208[.]99/mozglue[.]dll"	"url"	"urlhaus"	"stealc"	"status=offline; threat=malware_download"
"2026-03-05T23:21:38Z"	"hxxp://213[.]226[.]114[.]54/nss3[.]dll"	"url"	"urlhaus"	"stealc"	"status=offline; threat=malware_download"
"2026-03-05T23:21:38Z"	"hxxp://212[.]86[.]115[.]216/6ef7b5a1a18fd719/msvcp140[.]dll"	"url"	"urlhaus"	"stealc"	"status=offline; threat=malware_download"
"2026-03-05T23:21:38Z"	"hxxp://77[.]105[.]164[.]106/263ff79562167f22/freebl3[.]dll"	"url"	"urlhaus"	"stealc"	"status=offline; threat=malware_download"
"2026-03-05T23:21:38Z"	"hxxp://77[.]105[.]164[.]106/263ff79562167f22/softokn3[.]dll"	"url"	"urlhaus"	"stealc"	"status=offline; threat=malware_download"
"2026-03-05T23:21:38Z"	"hxxp://212[.]86[.]115[.]216/6ef7b5a1a18fd719/mozglue[.]dll"	"url"	"urlhaus"	"stealc"	"status=offline; threat=malware_download"
"2026-03-05T23:21:38Z"	"hxxp://212[.]86[.]115[.]216/6ef7b5a1a18fd719/sqlite3[.]dll"	"url"	"urlhaus"	"stealc"	"status=offline; threat=malware_download"
"2026-03-05T23:21:38Z"	"hxxp://5[.]75[.]212[.]86/mozglue[.]dll"	"url"	"urlhaus"	"stealc"	"status=offline; threat=malware_download"
"2026-03-05T23:21:38Z"	"hxxp://188[.]245[.]87[.]202/msvcp140[.]dll"	"url"	"urlhaus"	"stealc"	"status=offline; threat=malware_download"
"2026-03-05T23:21:38Z"	"hxxp://5[.]75[.]208[.]99/msvcp140[.]dll"	"url"	"urlhaus"	"stealc"	"status=offline; threat=malware_download"
"2026-03-05T23:21:38Z"	"hxxp://213[.]226[.]114[.]54/freebl3[.]dll"	"url"	"urlhaus"	"stealc"	"status=offline; threat=malware_download"
"2026-03-05T23:21:38Z"	"hxxp://46[.]8[.]237[.]122/e48ea5c79521cb8c/nss3[.]dll"	"url"	"urlhaus"	"stealc"	"status=offline; threat=malware_download"
"2026-03-05T23:21:38Z"	"hxxp://5[.]75[.]211[.]47/vcruntime140[.]dll"	"url"	"urlhaus"	"stealc"	"status=offline; threat=malware_download"
"2026-03-05T23:21:38Z"	"hxxp://5[.]75[.]211[.]47/softokn3[.]dll"	"url"	"urlhaus"	"stealc"	"status=offline; threat=malware_download"
"2026-03-05T23:21:38Z"	"hxxp://5[.]75[.]208[.]99/softokn3[.]dll"	"url"	"urlhaus"	"stealc"	"status=offline; threat=malware_download"
"2026-03-05T23:21:38Z"	"hxxp://185[.]209[.]21[.]146/80c261b81f73786d/sqlite3[.]dll"	"url"	"urlhaus"	"stealc"	"status=offline; threat=malware_download"
"2026-03-05T23:21:38Z"	"hxxp://185[.]209[.]21[.]146/80c261b81f73786d/mozglue[.]dll"	"url"	"urlhaus"	"stealc"	"status=offline; threat=malware_download"
"2026-03-05T23:21:38Z"	"hxxp://185[.]209[.]21[.]146/80c261b81f73786d/softokn3[.]dll"	"url"	"urlhaus"	"stealc"	"status=offline; threat=malware_download"
"2026-03-05T23:21:38Z"	"hxxp://147[.]45[.]78[.]18/nss3[.]dll"	"url"	"urlhaus"	"stealc"	"status=offline; threat=malware_download"
"2026-03-05T23:21:38Z"	"hxxp://5[.]75[.]211[.]47/nss3[.]dll"	"url"	"urlhaus"	"stealc"	"status=offline; threat=malware_download"
"2026-03-05T23:21:38Z"	"hxxp://5[.]75[.]208[.]99/freebl3[.]dll"	"url"	"urlhaus"	"stealc"	"status=offline; threat=malware_download"
"2026-03-05T23:21:38Z"	"hxxp://5[.]75[.]211[.]47/freebl3[.]dll"	"url"	"urlhaus"	"stealc"	"status=offline; threat=malware_download"
"2026-03-05T23:21:38Z"	"hxxp://5[.]75[.]208[.]99/vcruntime140[.]dll"	"url"	"urlhaus"	"stealc"	"status=offline; threat=malware_download"
"2026-03-05T23:21:38Z"	"hxxp://185[.]209[.]21[.]146/80c261b81f73786d/vcruntime140[.]dll"	"url"	"urlhaus"	"stealc"	"status=offline; threat=malware_download"
"2026-03-05T23:21:38Z"	"hxxp://185[.]209[.]21[.]146/80c261b81f73786d/nss3[.]dll"	"url"	"urlhaus"	"stealc"	"status=offline; threat=malware_download"
"2026-03-05T23:21:38Z"	"hxxp://212[.]86[.]115[.]216/6ef7b5a1a18fd719/vcruntime140[.]dll"	"url"	"urlhaus"	"stealc"	"status=offline; threat=malware_download"
"2026-03-05T23:21:38Z"	"hxxp://213[.]226[.]114[.]54/vcruntime140[.]dll"	"url"	"urlhaus"	"stealc"	"status=offline; threat=malware_download"
"2026-03-05T23:21:38Z"	"hxxp://5[.]188[.]86[.]231/20bec3f306af6847/mozglue[.]dll"	"url"	"urlhaus"	"stealc"	"status=offline; threat=malware_download"
"2026-03-05T23:21:38Z"	"hxxps://github[.]com/olosha1/uparowas/raw/refs/heads/main/kisteruop[.]exe"	"url"	"urlhaus"	"stealc"	"status=offline; threat=malware_download"
"2026-03-05T23:21:38Z"	"hxxps://github[.]com/olosha1/uparowas/raw/refs/heads/main/vovdawdrg[.]exe"	"url"	"urlhaus"	"stealc"	"status=offline; threat=malware_download"
"2026-03-05T23:21:38Z"	"hxxps://github[.]com/olosha1/uparowas/raw/refs/heads/main/kisloyat[.]exe"	"url"	"urlhaus"	"stealc"	"status=offline; threat=malware_download"
"2026-03-05T23:21:38Z"	"hxxps://github[.]com/olosha1/uparowas/raw/refs/heads/main/jdrgsotrti[.]exe"	"url"	"urlhaus"	"stealc"	"status=offline; threat=malware_download"
"2026-03-05T23:21:38Z"	"hxxps://github[.]com/olosha1/uparowas/raw/refs/heads/main/mfcthased[.]exe"	"url"	"urlhaus"	"stealc"	"status=offline; threat=malware_download"
"2026-03-05T23:21:38Z"	"hxxps://github[.]com/olosha1/uparowas/raw/refs/heads/main/daytjhasdawd[.]exe"	"url"	"urlhaus"	"stealc"	"status=offline; threat=malware_download"
"2026-03-05T23:21:38Z"	"hxxps://github[.]com/olosha1/oparik/raw/refs/heads/main/krgawdtyjawd[.]exe"	"url"	"urlhaus"	"stealc"	"status=offline; threat=malware_download"
"2026-03-05T23:21:38Z"	"hxxps://github[.]com/olosha1/pockket/raw/refs/heads/main/piotjhjadkaw[.]exe"	"url"	"urlhaus"	"stealc"	"status=offline; threat=malware_download"
"2026-03-05T23:21:38Z"	"hxxps://github[.]com/olosha1/pockket/raw/refs/heads/main/vorpgkadeg[.]exe"	"url"	"urlhaus"	"stealc"	"status=offline; threat=malware_download"
"2026-03-05T23:21:38Z"	"hxxp://147[.]45[.]47[.]47/497fe80867084741/vcruntime140[.]dll"	"url"	"urlhaus"	"stealc"	"status=offline; threat=malware_download"
"2026-03-05T23:21:38Z"	"hxxp://46[.]8[.]237[.]122/e48ea5c79521cb8c/vcruntime140[.]dll"	"url"	"urlhaus"	"stealc"	"status=offline; threat=malware_download"
"2026-03-05T23:21:38Z"	"hxxp://147[.]45[.]47[.]47/497fe80867084741/nss3[.]dll"	"url"	"urlhaus"	"stealc"	"status=offline; threat=malware_download"
"2026-03-05T23:21:38Z"	"hxxp://87[.]120[.]126[.]198/734cbeda74d43126/nss3[.]dll"	"url"	"urlhaus"	"stealc"	"status=offline; threat=malware_download"
"2026-03-05T23:21:38Z"	"hxxp://92[.]255[.]57[.]89/7550b1c08332241a/nss3[.]dll"	"url"	"urlhaus"	"stealc"	"status=offline; threat=malware_download"
"2026-03-05T23:21:38Z"	"hxxp://92[.]255[.]57[.]89/7550b1c08332241a/sqlite3[.]dll"	"url"	"urlhaus"	"stealc"	"status=offline; threat=malware_download"
"2026-03-05T23:21:38Z"	"hxxp://92[.]255[.]57[.]87/7550b1c08332241a/nss3[.]dll"	"url"	"urlhaus"	"stealc"	"status=offline; threat=malware_download"
"2026-03-05T23:21:38Z"	"hxxp://92[.]255[.]85[.]99/852fc281cd06bcb4/freebl3[.]dll"	"url"	"urlhaus"	"stealc"	"status=offline; threat=malware_download"
"2026-03-05T23:21:38Z"	"hxxp://92[.]255[.]57[.]89/7550b1c08332241a/msvcp140[.]dll"	"url"	"urlhaus"	"stealc"	"status=offline; threat=malware_download"
"2026-03-05T23:21:38Z"	"hxxp://87[.]120[.]126[.]198/734cbeda74d43126/freebl3[.]dll"	"url"	"urlhaus"	"stealc"	"status=offline; threat=malware_download"
"2026-03-05T23:21:38Z"	"hxxp://92[.]255[.]57[.]87/7550b1c08332241a/sqlite3[.]dll"	"url"	"urlhaus"	"stealc"	"status=offline; threat=malware_download"
"2026-03-05T23:21:38Z"	"hxxp://147[.]45[.]47[.]47/497fe80867084741/mozglue[.]dll"	"url"	"urlhaus"	"stealc"	"status=offline; threat=malware_download"
"2026-03-05T23:21:38Z"	"hxxp://185[.]215[.]113[.]38/68b591d6548ec281/softokn3[.]dll"	"url"	"urlhaus"	"stealc"	"status=offline; threat=malware_download"
"2026-03-05T23:21:38Z"	"hxxp://87[.]120[.]126[.]198/734cbeda74d43126/mozglue[.]dll"	"url"	"urlhaus"	"stealc"	"status=offline; threat=malware_download"
"2026-03-05T23:21:38Z"	"hxxp://147[.]45[.]47[.]47/497fe80867084741/msvcp140[.]dll"	"url"	"urlhaus"	"stealc"	"status=offline; threat=malware_download"
"2026-03-05T23:21:38Z"	"hxxp://92[.]255[.]85[.]99/852fc281cd06bcb4/mozglue[.]dll"	"url"	"urlhaus"	"stealc"	"status=offline; threat=malware_download"
"2026-03-05T23:21:38Z"	"hxxp://92[.]255[.]85[.]99/852fc281cd06bcb4/msvcp140[.]dll"	"url"	"urlhaus"	"stealc"	"status=offline; threat=malware_download"
"2026-03-05T23:21:38Z"	"hxxp://198[.]251[.]84[.]188/1bf38cc4e2d9e1c9/mozglue[.]dll"	"url"	"urlhaus"	"stealc"	"status=offline; threat=malware_download"
"2026-03-05T23:21:38Z"	"hxxp://87[.]120[.]126[.]198/734cbeda74d43126/vcruntime140[.]dll"	"url"	"urlhaus"	"stealc"	"status=offline; threat=malware_download"
"2026-03-05T23:21:38Z"	"hxxp://185[.]215[.]113[.]38/68b591d6548ec281/freebl3[.]dll"	"url"	"urlhaus"	"stealc"	"status=offline; threat=malware_download"
"2026-03-05T23:21:38Z"	"hxxp://95[.]215[.]207[.]32/a4984344fcf41cc7/mozglue[.]dll"	"url"	"urlhaus"	"stealc"	"status=offline; threat=malware_download"
"2026-03-05T23:21:38Z"	"hxxp://185[.]215[.]113[.]38/68b591d6548ec281/msvcp140[.]dll"	"url"	"urlhaus"	"stealc"	"status=offline; threat=malware_download"
"2026-03-05T23:21:38Z"	"hxxp://87[.]120[.]126[.]198/734cbeda74d43126/softokn3[.]dll"	"url"	"urlhaus"	"stealc"	"status=offline; threat=malware_download"
"2026-03-05T23:21:38Z"	"hxxp://185[.]215[.]113[.]38/68b591d6548ec281/vcruntime140[.]dll"	"url"	"urlhaus"	"stealc"	"status=offline; threat=malware_download"
"2026-03-05T23:21:38Z"	"hxxp://46[.]8[.]237[.]122/e48ea5c79521cb8c/freebl3[.]dll"	"url"	"urlhaus"	"stealc"	"status=offline; threat=malware_download"
"2026-03-05T23:21:38Z"	"hxxp://185[.]215[.]113[.]38/68b591d6548ec281/nss3[.]dll"	"url"	"urlhaus"	"stealc"	"status=offline; threat=malware_download"
"2026-03-05T23:21:38Z"	"hxxp://198[.]251[.]84[.]188/1bf38cc4e2d9e1c9/nss3[.]dll"	"url"	"urlhaus"	"stealc"	"status=offline; threat=malware_download"
"2026-03-05T23:21:38Z"	"hxxp://46[.]8[.]237[.]122/e48ea5c79521cb8c/msvcp140[.]dll"	"url"	"urlhaus"	"stealc"	"status=offline; threat=malware_download"
"2026-03-05T23:21:38Z"	"hxxp://92[.]255[.]85[.]99/852fc281cd06bcb4/nss3[.]dll"	"url"	"urlhaus"	"stealc"	"status=offline; threat=malware_download"
"2026-03-05T23:21:38Z"	"hxxp://87[.]120[.]126[.]198/734cbeda74d43126/sqlite3[.]dll"	"url"	"urlhaus"	"stealc"	"status=offline; threat=malware_download"
"2026-03-05T23:21:38Z"	"hxxp://198[.]251[.]84[.]188/1bf38cc4e2d9e1c9/freebl3[.]dll"	"url"	"urlhaus"	"stealc"	"status=offline; threat=malware_download"
"2026-03-05T23:21:38Z"	"hxxp://92[.]255[.]57[.]87/7550b1c08332241a/mozglue[.]dll"	"url"	"urlhaus"	"stealc"	"status=offline; threat=malware_download"
"2026-03-05T23:21:38Z"	"hxxp://92[.]255[.]57[.]89/7550b1c08332241a/softokn3[.]dll"	"url"	"urlhaus"	"stealc"	"status=offline; threat=malware_download"
"2026-03-05T23:21:38Z"	"hxxp://92[.]255[.]57[.]87/7550b1c08332241a/msvcp140[.]dll"	"url"	"urlhaus"	"stealc"	"status=offline; threat=malware_download"
"2026-03-05T23:21:38Z"	"hxxp://92[.]255[.]57[.]87/7550b1c08332241a/freebl3[.]dll"	"url"	"urlhaus"	"stealc"	"status=offline; threat=malware_download"
"2026-03-05T23:21:38Z"	"hxxp://185[.]215[.]113[.]38/68b591d6548ec281/sqlite3[.]dll"	"url"	"urlhaus"	"stealc"	"status=offline; threat=malware_download"
"2026-03-05T23:21:38Z"	"hxxp://87[.]120[.]126[.]143/734cbeda74d43126/mozglue[.]dll"	"url"	"urlhaus"	"stealc"	"status=offline; threat=malware_download"
"2026-03-05T23:21:38Z"	"hxxp://198[.]251[.]84[.]188/1bf38cc4e2d9e1c9/vcruntime140[.]dll"	"url"	"urlhaus"	"stealc"	"status=offline; threat=malware_download"
"2026-03-05T23:21:38Z"	"hxxp://198[.]251[.]84[.]188/1bf38cc4e2d9e1c9/softokn3[.]dll"	"url"	"urlhaus"	"stealc"	"status=offline; threat=malware_download"
"2026-03-05T23:21:38Z"	"hxxp://92[.]255[.]85[.]99/852fc281cd06bcb4/softokn3[.]dll"	"url"	"urlhaus"	"stealc"	"status=offline; threat=malware_download"
"2026-03-05T23:21:38Z"	"hxxp://92[.]255[.]85[.]99/852fc281cd06bcb4/sqlite3[.]dll"	"url"	"urlhaus"	"stealc"	"status=offline; threat=malware_download"
"2026-03-05T23:21:38Z"	"hxxp://46[.]8[.]237[.]122/e48ea5c79521cb8c/mozglue[.]dll"	"url"	"urlhaus"	"stealc"	"status=offline; threat=malware_download"
"2026-03-05T23:21:38Z"	"hxxp://147[.]45[.]47[.]47/497fe80867084741/freebl3[.]dll"	"url"	"urlhaus"	"stealc"	"status=offline; threat=malware_download"
"2026-03-05T23:21:38Z"	"hxxp://198[.]251[.]84[.]188/1bf38cc4e2d9e1c9/sqlite3[.]dll"	"url"	"urlhaus"	"stealc"	"status=offline; threat=malware_download"
"2026-03-05T23:21:38Z"	"hxxp://92[.]255[.]57[.]89/7550b1c08332241a/freebl3[.]dll"	"url"	"urlhaus"	"stealc"	"status=offline; threat=malware_download"
"2026-03-05T23:21:38Z"	"hxxp://46[.]8[.]237[.]122/e48ea5c79521cb8c/softokn3[.]dll"	"url"	"urlhaus"	"stealc"	"status=offline; threat=malware_download"
"2026-03-05T23:21:38Z"	"hxxp://185[.]215[.]113[.]38/68b591d6548ec281/mozglue[.]dll"	"url"	"urlhaus"	"stealc"	"status=offline; threat=malware_download"
"2026-03-05T23:21:38Z"	"hxxp://92[.]255[.]57[.]87/7550b1c08332241a/softokn3[.]dll"	"url"	"urlhaus"	"stealc"	"status=offline; threat=malware_download"
"2026-03-05T23:21:38Z"	"hxxp://147[.]45[.]47[.]47/497fe80867084741/softokn3[.]dll"	"url"	"urlhaus"	"stealc"	"status=offline; threat=malware_download"
"2026-03-05T23:21:38Z"	"hxxp://147[.]45[.]47[.]47/497fe80867084741/sqlite3[.]dll"	"url"	"urlhaus"	"stealc"	"status=offline; threat=malware_download"
"2026-03-05T23:21:38Z"	"hxxp://92[.]255[.]57[.]89/7550b1c08332241a/vcruntime140[.]dll"	"url"	"urlhaus"	"stealc"	"status=offline; threat=malware_download"
"2026-03-05T23:21:38Z"	"hxxp://92[.]255[.]57[.]89/7550b1c08332241a/mozglue[.]dll"	"url"	"urlhaus"	"stealc"	"status=offline; threat=malware_download"
"2026-03-05T23:21:38Z"	"hxxp://92[.]255[.]57[.]87/7550b1c08332241a/vcruntime140[.]dll"	"url"	"urlhaus"	"stealc"	"status=offline; threat=malware_download"
"2026-03-05T23:21:38Z"	"hxxp://198[.]251[.]84[.]188/1bf38cc4e2d9e1c9/msvcp140[.]dll"	"url"	"urlhaus"	"stealc"	"status=offline; threat=malware_download"
"2026-03-05T23:21:38Z"	"hxxp://87[.]120[.]126[.]198/734cbeda74d43126/msvcp140[.]dll"	"url"	"urlhaus"	"stealc"	"status=offline; threat=malware_download"
"2026-03-05T23:21:38Z"	"hxxp://92[.]255[.]85[.]99/852fc281cd06bcb4/vcruntime140[.]dll"	"url"	"urlhaus"	"stealc"	"status=offline; threat=malware_download"
"2026-03-05T23:21:38Z"	"hxxp://136[.]243[.]196[.]57/1d85fd701b9057d3/vcruntime140[.]dll"	"url"	"urlhaus"	"stealc"	"status=offline; threat=malware_download"
"2026-03-05T23:21:38Z"	"hxxp://136[.]243[.]196[.]57/1d85fd701b9057d3/freebl3[.]dll"	"url"	"urlhaus"	"stealc"	"status=offline; threat=malware_download"
"2026-03-05T23:21:38Z"	"hxxp://136[.]243[.]196[.]57/1d85fd701b9057d3/mozglue[.]dll"	"url"	"urlhaus"	"stealc"	"status=offline; threat=malware_download"
"2026-03-05T23:21:38Z"	"hxxp://136[.]243[.]196[.]57/1d85fd701b9057d3/softokn3[.]dll"	"url"	"urlhaus"	"stealc"	"status=offline; threat=malware_download"
"2026-03-05T23:21:38Z"	"hxxp://136[.]243[.]196[.]57/1d85fd701b9057d3/msvcp140[.]dll"	"url"	"urlhaus"	"stealc"	"status=offline; threat=malware_download"
"2026-03-05T23:21:38Z"	"hxxp://136[.]243[.]196[.]57/1d85fd701b9057d3/nss3[.]dll"	"url"	"urlhaus"	"stealc"	"status=offline; threat=malware_download"
"2026-03-05T23:21:38Z"	"hxxp://136[.]243[.]196[.]57/1d85fd701b9057d3/sqlite3[.]dll"	"url"	"urlhaus"	"stealc"	"status=offline; threat=malware_download"
"2026-03-05T23:21:38Z"	"hxxp://95[.]216[.]107[.]53/1d85fd701b9057d3/softokn3[.]dll"	"url"	"urlhaus"	"stealc"	"status=offline; threat=malware_download"
"2026-03-05T23:21:38Z"	"hxxp://95[.]216[.]107[.]53/1d85fd701b9057d3/nss3[.]dll"	"url"	"urlhaus"	"stealc"	"status=offline; threat=malware_download"
"2026-03-05T23:21:38Z"	"hxxp://95[.]216[.]107[.]53/1d85fd701b9057d3/vcruntime140[.]dll"	"url"	"urlhaus"	"stealc"	"status=offline; threat=malware_download"
"2026-03-05T23:21:38Z"	"hxxp://95[.]216[.]107[.]53/1d85fd701b9057d3/freebl3[.]dll"	"url"	"urlhaus"	"stealc"	"status=offline; threat=malware_download"
"2026-03-05T23:21:38Z"	"hxxp://95[.]216[.]107[.]53/1d85fd701b9057d3/mozglue[.]dll"	"url"	"urlhaus"	"stealc"	"status=offline; threat=malware_download"
"2026-03-05T23:21:38Z"	"hxxp://95[.]216[.]107[.]53/1d85fd701b9057d3/msvcp140[.]dll"	"url"	"urlhaus"	"stealc"	"status=offline; threat=malware_download"
"2026-03-05T23:21:38Z"	"hxxp://95[.]216[.]107[.]53/1d85fd701b9057d3/sqlite3[.]dll"	"url"	"urlhaus"	"stealc"	"status=offline; threat=malware_download"
"2026-03-05T23:21:38Z"	"hxxp://31[.]41[.]244[.]11/files/6889876712/Eqf67om[.]exe"	"url"	"urlhaus"	"stealc"	"status=offline; threat=malware_download"
"2026-03-05T23:21:38Z"	"hxxp://62[.]60[.]234[.]44/cb8373ac6348bc41/softokn3[.]dll"	"url"	"urlhaus"	"stealc"	"status=offline; threat=malware_download"
"2026-03-05T23:21:38Z"	"hxxp://62[.]60[.]234[.]44/cb8373ac6348bc41/sqlite3[.]dll"	"url"	"urlhaus"	"stealc"	"status=offline; threat=malware_download"
"2026-03-05T23:21:38Z"	"hxxp://62[.]60[.]234[.]44/cb8373ac6348bc41/freebl3[.]dll"	"url"	"urlhaus"	"stealc"	"status=offline; threat=malware_download"
"2026-03-05T23:21:38Z"	"hxxp://62[.]60[.]234[.]44/cb8373ac6348bc41/mozglue[.]dll"	"url"	"urlhaus"	"stealc"	"status=offline; threat=malware_download"
"2026-03-05T23:21:38Z"	"hxxp://62[.]60[.]234[.]44/cb8373ac6348bc41/vcruntime140[.]dll"	"url"	"urlhaus"	"stealc"	"status=offline; threat=malware_download"
"2026-03-05T23:21:38Z"	"hxxp://62[.]60[.]234[.]44/cb8373ac6348bc41/msvcp140[.]dll"	"url"	"urlhaus"	"stealc"	"status=offline; threat=malware_download"
"2026-03-05T23:21:38Z"	"hxxp://62[.]60[.]234[.]44/cb8373ac6348bc41/nss3[.]dll"	"url"	"urlhaus"	"stealc"	"status=offline; threat=malware_download"
"2026-03-05T23:21:38Z"	"hxxp://91[.]215[.]85[.]11/15f869479d73f92a/nss3[.]dll"	"url"	"urlhaus"	"stealc"	"status=offline; threat=malware_download"
"2026-03-05T23:21:38Z"	"hxxp://91[.]215[.]85[.]11/15f869479d73f92a/freebl3[.]dll"	"url"	"urlhaus"	"stealc"	"status=offline; threat=malware_download"
"2026-03-05T23:21:38Z"	"hxxp://91[.]215[.]85[.]11/15f869479d73f92a/vcruntime140[.]dll"	"url"	"urlhaus"	"stealc"	"status=offline; threat=malware_download"
"2026-03-05T23:21:38Z"	"hxxp://91[.]215[.]85[.]11/15f869479d73f92a/msvcp140[.]dll"	"url"	"urlhaus"	"stealc"	"status=offline; threat=malware_download"
"2026-03-05T23:21:38Z"	"hxxp://91[.]215[.]85[.]11/15f869479d73f92a/mozglue[.]dll"	"url"	"urlhaus"	"stealc"	"status=offline; threat=malware_download"
"2026-03-05T23:21:38Z"	"hxxp://91[.]215[.]85[.]11/15f869479d73f92a/sqlite3[.]dll"	"url"	"urlhaus"	"stealc"	"status=offline; threat=malware_download"
"2026-03-05T23:21:38Z"	"hxxp://91[.]215[.]85[.]11/15f869479d73f92a/softokn3[.]dll"	"url"	"urlhaus"	"stealc"	"status=offline; threat=malware_download"
"2026-03-05T23:21:38Z"	"hxxp://154[.]216[.]17[.]90/5fafb04068123149/nss3[.]dll"	"url"	"urlhaus"	"stealc"	"status=offline; threat=malware_download"
"2026-03-05T23:21:38Z"	"hxxp://154[.]216[.]17[.]90/5fafb04068123149/mozglue[.]dll"	"url"	"urlhaus"	"stealc"	"status=offline; threat=malware_download"
"2026-03-05T23:21:38Z"	"hxxp://95[.]215[.]207[.]32/a4984344fcf41cc7/nss3[.]dll"	"url"	"urlhaus"	"stealc"	"status=offline; threat=malware_download"
"2026-03-05T23:21:38Z"	"hxxp://95[.]215[.]207[.]32/a4984344fcf41cc7/sqlite3[.]dll"	"url"	"urlhaus"	"stealc"	"status=offline; threat=malware_download"
"2026-03-05T23:21:38Z"	"hxxp://154[.]216[.]17[.]90/5fafb04068123149/freebl3[.]dll"	"url"	"urlhaus"	"stealc"	"status=offline; threat=malware_download"
"2026-03-05T23:21:38Z"	"hxxp://95[.]215[.]207[.]32/a4984344fcf41cc7/msvcp140[.]dll"	"url"	"urlhaus"	"stealc"	"status=offline; threat=malware_download"
"2026-03-05T23:21:38Z"	"hxxp://95[.]215[.]207[.]32/a4984344fcf41cc7/freebl3[.]dll"	"url"	"urlhaus"	"stealc"	"status=offline; threat=malware_download"
"2026-03-05T23:21:38Z"	"hxxp://154[.]216[.]17[.]90/5fafb04068123149/softokn3[.]dll"	"url"	"urlhaus"	"stealc"	"status=offline; threat=malware_download"
"2026-03-05T23:21:38Z"	"hxxp://154[.]216[.]17[.]90/5fafb04068123149/msvcp140[.]dll"	"url"	"urlhaus"	"stealc"	"status=offline; threat=malware_download"
"2026-03-05T23:21:38Z"	"hxxp://154[.]216[.]17[.]90/5fafb04068123149/sqlite3[.]dll"	"url"	"urlhaus"	"stealc"	"status=offline; threat=malware_download"
"2026-03-05T23:21:38Z"	"hxxp://46[.]8[.]237[.]122/e48ea5c79521cb8c/sqlite3[.]dll"	"url"	"urlhaus"	"stealc"	"status=offline; threat=malware_download"
"2026-03-05T23:21:38Z"	"hxxp://185[.]209[.]21[.]146/80c261b81f73786d/freebl3[.]dll"	"url"	"urlhaus"	"stealc"	"status=offline; threat=malware_download"
"2026-03-05T23:21:38Z"	"hxxp://95[.]215[.]207[.]32/a4984344fcf41cc7/vcruntime140[.]dll"	"url"	"urlhaus"	"stealc"	"status=offline; threat=malware_download"
"2026-03-05T23:21:38Z"	"hxxp://31[.]177[.]109[.]184/1d85fd701b9057d3/msvcp140[.]dll"	"url"	"urlhaus"	"stealc"	"status=offline; threat=malware_download"
"2026-03-05T23:21:38Z"	"hxxp://45[.]88[.]76[.]207/4b4e7c1351c9e2eb/msvcp140[.]dll"	"url"	"urlhaus"	"stealc"	"status=offline; threat=malware_download"
"2026-03-05T23:21:38Z"	"hxxp://92[.]255[.]57[.]88/7550b1c08332241a/nss3[.]dll"	"url"	"urlhaus"	"stealc"	"status=offline; threat=malware_download"
"2026-03-05T23:21:38Z"	"hxxp://92[.]255[.]57[.]88/7550b1c08332241a/freebl3[.]dll"	"url"	"urlhaus"	"stealc"	"status=offline; threat=malware_download"
"2026-03-05T23:21:38Z"	"hxxp://92[.]255[.]57[.]88/7550b1c08332241a/msvcp140[.]dll"	"url"	"urlhaus"	"stealc"	"status=offline; threat=malware_download"
"2026-03-05T23:21:38Z"	"hxxp://92[.]255[.]57[.]88/7550b1c08332241a/vcruntime140[.]dll"	"url"	"urlhaus"	"stealc"	"status=offline; threat=malware_download"
"2026-03-05T23:21:38Z"	"hxxp://92[.]255[.]57[.]88/7550b1c08332241a/softokn3[.]dll"	"url"	"urlhaus"	"stealc"	"status=offline; threat=malware_download"
"2026-03-05T23:21:38Z"	"hxxp://92[.]255[.]57[.]88/7550b1c08332241a/mozglue[.]dll"	"url"	"urlhaus"	"stealc"	"status=offline; threat=malware_download"
"2026-03-05T23:21:38Z"	"hxxp://92[.]255[.]57[.]88/7550b1c08332241a/sqlite3[.]dll"	"url"	"urlhaus"	"stealc"	"status=offline; threat=malware_download"
"2026-03-05T23:21:38Z"	"hxxps://casacoimbramaputo[.]com/chrome_133[.]exe"	"url"	"urlhaus"	"stealc"	"status=offline; threat=malware_download"
"2026-03-05T23:21:38Z"	"hxxp://31[.]177[.]109[.]184/1d85fd701b9057d3/mozglue[.]dll"	"url"	"urlhaus"	"stealc"	"status=offline; threat=malware_download"
"2026-03-05T23:21:38Z"	"hxxp://31[.]177[.]109[.]184/1d85fd701b9057d3/nss3[.]dll"	"url"	"urlhaus"	"stealc"	"status=offline; threat=malware_download"
"2026-03-05T23:21:38Z"	"hxxp://31[.]177[.]109[.]184/1d85fd701b9057d3/softokn3[.]dll"	"url"	"urlhaus"	"stealc"	"status=offline; threat=malware_download"
"2026-03-05T23:21:38Z"	"hxxp://31[.]177[.]109[.]184/1d85fd701b9057d3/freebl3[.]dll"	"url"	"urlhaus"	"stealc"	"status=offline; threat=malware_download"
"2026-03-05T23:21:38Z"	"hxxp://31[.]177[.]109[.]184/1d85fd701b9057d3/vcruntime140[.]dll"	"url"	"urlhaus"	"stealc"	"status=offline; threat=malware_download"
"2026-03-05T23:21:38Z"	"hxxp://62[.]204[.]41[.]163/2c3d53f1da5ea53a/vcruntime140[.]dll"	"url"	"urlhaus"	"stealc"	"status=offline; threat=malware_download"
"2026-03-05T23:21:38Z"	"hxxp://31[.]177[.]109[.]184/1d85fd701b9057d3/sqlite3[.]dll"	"url"	"urlhaus"	"stealc"	"status=offline; threat=malware_download"
"2026-03-05T23:21:38Z"	"hxxp://31[.]41[.]244[.]11/files/stealc_main1[.]exe"	"url"	"urlhaus"	"stealc"	"status=offline; threat=malware_download"
"2026-03-05T23:21:38Z"	"hxxp://154[.]216[.]20[.]136/9eeb21db68649b6f/msvcp140[.]dll"	"url"	"urlhaus"	"stealc"	"status=offline; threat=malware_download"
"2026-03-05T23:21:38Z"	"hxxp://185[.]235[.]128[.]145/4f21fd58a5ca1e4b/sqlite3[.]dll"	"url"	"urlhaus"	"stealc"	"status=offline; threat=malware_download"
"2026-03-05T23:21:38Z"	"hxxp://154[.]216[.]20[.]136/9eeb21db68649b6f/softokn3[.]dll"	"url"	"urlhaus"	"stealc"	"status=offline; threat=malware_download"
"2026-03-05T23:21:38Z"	"hxxp://154[.]216[.]20[.]136/9eeb21db68649b6f/sqlite3[.]dll"	"url"	"urlhaus"	"stealc"	"status=offline; threat=malware_download"
"2026-03-05T23:21:38Z"	"hxxp://193[.]138[.]195[.]39/4700d1fcc2917f37/sqlite3[.]dll"	"url"	"urlhaus"	"stealc"	"status=offline; threat=malware_download"
"2026-03-05T23:21:38Z"	"hxxp://193[.]138[.]195[.]39/4700d1fcc2917f37/softokn3[.]dll"	"url"	"urlhaus"	"stealc"	"status=offline; threat=malware_download"
"2026-03-05T23:21:38Z"	"hxxp://193[.]233[.]74[.]31/13cecbdad86667b0[.]php"	"url"	"urlhaus"	"stealc"	"status=offline; threat=malware_download"
"2026-03-05T23:21:38Z"	"hxxp://45[.]88[.]76[.]207/4b4e7c1351c9e2eb/softokn3[.]dll"	"url"	"urlhaus"	"stealc"	"status=offline; threat=malware_download"
"2026-03-05T23:21:38Z"	"hxxp://45[.]88[.]76[.]207/4b4e7c1351c9e2eb/vcruntime140[.]dll"	"url"	"urlhaus"	"stealc"	"status=offline; threat=malware_download"
"2026-03-05T23:21:38Z"	"hxxp://45[.]88[.]76[.]207/4b4e7c1351c9e2eb/nss3[.]dll"	"url"	"urlhaus"	"stealc"	"status=offline; threat=malware_download"
"2026-03-05T23:21:38Z"	"hxxp://45[.]88[.]76[.]207/4b4e7c1351c9e2eb/freebl3[.]dll"	"url"	"urlhaus"	"stealc"	"status=offline; threat=malware_download"
"2026-03-05T23:21:38Z"	"hxxp://45[.]88[.]76[.]207/4b4e7c1351c9e2eb/sqlite3[.]dll"	"url"	"urlhaus"	"stealc"	"status=offline; threat=malware_download"
"2026-03-05T23:21:38Z"	"hxxp://45[.]88[.]76[.]207/4b4e7c1351c9e2eb/mozglue[.]dll"	"url"	"urlhaus"	"stealc"	"status=offline; threat=malware_download"
"2026-03-05T23:21:38Z"	"hxxps://adp-auth[.]com/land/Automatic_Data_Processing_Terms_and_Conditions[.]rar"	"url"	"urlhaus"	"stealc"	"status=offline; threat=malware_download"
"2026-03-05T23:21:38Z"	"hxxp://5[.]181[.]2[.]121/e435f67f5361413d/vcruntime140[.]dll"	"url"	"urlhaus"	"stealc"	"status=offline; threat=malware_download"
"2026-03-05T23:21:38Z"	"hxxps://xlayerlabs[.]com/2[.]exe"	"url"	"urlhaus"	"stealc"	"status=offline; threat=malware_download"
"2026-03-05T23:21:38Z"	"hxxp://185[.]215[.]113[.]16/inc/qth5kdee[.]exe"	"url"	"urlhaus"	"stealc"	"status=offline; threat=malware_download"
"2026-03-05T23:21:38Z"	"hxxp://185[.]215[.]113[.]16/steam/random[.]exe?9I/"	"url"	"urlhaus"	"stealc"	"status=offline; threat=malware_download"
"2026-03-05T23:21:38Z"	"hxxp://185[.]215[.]113[.]206/68b591d6548ec281/nss3[.]dll"	"url"	"urlhaus"	"stealc"	"status=offline; threat=malware_download"
"2026-03-05T23:21:38Z"	"hxxp://5[.]188[.]86[.]231/20bec3f306af6847/nss3[.]dll"	"url"	"urlhaus"	"stealc"	"status=offline; threat=malware_download"
"2026-03-05T23:21:38Z"	"hxxp://5[.]181[.]2[.]121/e435f67f5361413d/nss3[.]dll"	"url"	"urlhaus"	"stealc"	"status=offline; threat=malware_download"
"2026-03-05T23:21:38Z"	"hxxp://62[.]204[.]41[.]163/2c3d53f1da5ea53a/nss3[.]dll"	"url"	"urlhaus"	"stealc"	"status=offline; threat=malware_download"
"2026-03-05T23:21:38Z"	"hxxp://5[.]181[.]2[.]121/e435f67f5361413d/sqlite3[.]dll"	"url"	"urlhaus"	"stealc"	"status=offline; threat=malware_download"
"2026-03-05T23:21:38Z"	"hxxp://185[.]215[.]113[.]206/68b591d6548ec281/sqlite3[.]dll"	"url"	"urlhaus"	"stealc"	"status=offline; threat=malware_download"
"2026-03-05T23:21:38Z"	"hxxp://62[.]204[.]41[.]163/2c3d53f1da5ea53a/freebl3[.]dll"	"url"	"urlhaus"	"stealc"	"status=offline; threat=malware_download"
"2026-03-05T23:21:38Z"	"hxxp://62[.]204[.]41[.]163/2c3d53f1da5ea53a/sqlite3[.]dll"	"url"	"urlhaus"	"stealc"	"status=offline; threat=malware_download"
"2026-03-05T23:21:38Z"	"hxxp://95[.]215[.]207[.]32/a4984344fcf41cc7/softokn3[.]dll"	"url"	"urlhaus"	"stealc"	"status=offline; threat=malware_download"
"2026-03-05T23:21:38Z"	"hxxp://5[.]188[.]86[.]231/20bec3f306af6847/msvcp140[.]dll"	"url"	"urlhaus"	"stealc"	"status=offline; threat=malware_download"
"2026-03-05T23:21:38Z"	"hxxp://5[.]188[.]86[.]231/20bec3f306af6847/sqlite3[.]dll"	"url"	"urlhaus"	"stealc"	"status=offline; threat=malware_download"
"2026-03-05T23:21:38Z"	"hxxp://154[.]216[.]17[.]90/5fafb04068123149/vcruntime140[.]dll"	"url"	"urlhaus"	"stealc"	"status=offline; threat=malware_download"
"2026-03-05T23:21:38Z"	"hxxp://62[.]204[.]41[.]163/2c3d53f1da5ea53a/mozglue[.]dll"	"url"	"urlhaus"	"stealc"	"status=offline; threat=malware_download"
"2026-03-05T23:21:38Z"	"hxxp://5[.]181[.]2[.]121/e435f67f5361413d/softokn3[.]dll"	"url"	"urlhaus"	"stealc"	"status=offline; threat=malware_download"
"2026-03-05T23:21:38Z"	"hxxp://5[.]188[.]86[.]231/20bec3f306af6847/softokn3[.]dll"	"url"	"urlhaus"	"stealc"	"status=offline; threat=malware_download"
"2026-03-05T23:21:38Z"	"hxxp://5[.]188[.]86[.]231/20bec3f306af6847/freebl3[.]dll"	"url"	"urlhaus"	"stealc"	"status=offline; threat=malware_download"
"2026-03-05T23:21:38Z"	"hxxp://185[.]215[.]113[.]206/68b591d6548ec281/mozglue[.]dll"	"url"	"urlhaus"	"stealc"	"status=offline; threat=malware_download"
"2026-03-05T23:21:38Z"	"hxxp://5[.]181[.]2[.]121/e435f67f5361413d/mozglue[.]dll"	"url"	"urlhaus"	"stealc"	"status=offline; threat=malware_download"
"2026-03-05T23:21:38Z"	"hxxp://5[.]181[.]2[.]121/e435f67f5361413d/msvcp140[.]dll"	"url"	"urlhaus"	"stealc"	"status=offline; threat=malware_download"
"2026-03-05T23:21:38Z"	"hxxp://5[.]181[.]2[.]121/e435f67f5361413d/freebl3[.]dll"	"url"	"urlhaus"	"stealc"	"status=offline; threat=malware_download"
"2026-03-05T23:21:38Z"	"hxxp://5[.]188[.]86[.]231/20bec3f306af6847/vcruntime140[.]dll"	"url"	"urlhaus"	"stealc"	"status=offline; threat=malware_download"
"2026-03-05T23:21:38Z"	"hxxp://185[.]215[.]113[.]206/68b591d6548ec281/freebl3[.]dll"	"url"	"urlhaus"	"stealc"	"status=offline; threat=malware_download"
"2026-03-05T23:21:38Z"	"hxxp://62[.]204[.]41[.]163/2c3d53f1da5ea53a/msvcp140[.]dll"	"url"	"urlhaus"	"stealc"	"status=offline; threat=malware_download"
"2026-03-05T23:21:38Z"	"hxxp://185[.]215[.]113[.]206/68b591d6548ec281/softokn3[.]dll"	"url"	"urlhaus"	"stealc"	"status=offline; threat=malware_download"
"2026-03-05T23:21:38Z"	"hxxp://62[.]204[.]41[.]163/2c3d53f1da5ea53a/softokn3[.]dll"	"url"	"urlhaus"	"stealc"	"status=offline; threat=malware_download"
"2026-03-05T23:21:38Z"	"hxxp://185[.]215[.]113[.]206/68b591d6548ec281/msvcp140[.]dll"	"url"	"urlhaus"	"stealc"	"status=offline; threat=malware_download"
"2026-03-05T23:21:38Z"	"hxxp://185[.]215[.]113[.]206/68b591d6548ec281/vcruntime140[.]dll"	"url"	"urlhaus"	"stealc"	"status=offline; threat=malware_download"
"2026-03-05T23:21:38Z"	"hxxp://147[.]45[.]44[.]190/dace046278f1f1ba/freebl3[.]dll"	"url"	"urlhaus"	"stealc"	"status=offline; threat=malware_download"
"2026-03-05T23:21:38Z"	"hxxp://147[.]45[.]44[.]190/dace046278f1f1ba/sqlite3[.]dll"	"url"	"urlhaus"	"stealc"	"status=offline; threat=malware_download"
"2026-03-05T23:21:38Z"	"hxxp://147[.]45[.]44[.]190/dace046278f1f1ba/nss3[.]dll"	"url"	"urlhaus"	"stealc"	"status=offline; threat=malware_download"
"2026-03-05T23:21:38Z"	"hxxp://147[.]45[.]44[.]190/dace046278f1f1ba/mozglue[.]dll"	"url"	"urlhaus"	"stealc"	"status=offline; threat=malware_download"
"2026-03-05T23:21:38Z"	"hxxp://147[.]45[.]44[.]190/dace046278f1f1ba/softokn3[.]dll"	"url"	"urlhaus"	"stealc"	"status=offline; threat=malware_download"
"2026-03-05T23:21:38Z"	"hxxp://147[.]45[.]44[.]190/dace046278f1f1ba/msvcp140[.]dll"	"url"	"urlhaus"	"stealc"	"status=offline; threat=malware_download"
"2026-03-05T23:21:38Z"	"hxxp://147[.]45[.]44[.]190/dace046278f1f1ba/vcruntime140[.]dll"	"url"	"urlhaus"	"stealc"	"status=offline; threat=malware_download"
"2026-03-05T23:21:38Z"	"hxxp://77[.]83[.]175[.]91/18e58bd9b3a5293b/sqlite3[.]dll"	"url"	"urlhaus"	"stealc"	"status=offline; threat=malware_download"
"2026-03-05T23:21:38Z"	"hxxp://95[.]215[.]204[.]229/3b4b68059f902c42/vcruntime140[.]dll"	"url"	"urlhaus"	"stealc"	"status=offline; threat=malware_download"
"2026-03-05T23:21:38Z"	"hxxp://77[.]83[.]175[.]91/18e58bd9b3a5293b/freebl3[.]dll"	"url"	"urlhaus"	"stealc"	"status=offline; threat=malware_download"
"2026-03-05T23:21:38Z"	"hxxp://77[.]83[.]175[.]91/18e58bd9b3a5293b/softokn3[.]dll"	"url"	"urlhaus"	"stealc"	"status=offline; threat=malware_download"
"2026-03-05T23:21:38Z"	"hxxp://77[.]83[.]175[.]91/18e58bd9b3a5293b/vcruntime140[.]dll"	"url"	"urlhaus"	"stealc"	"status=offline; threat=malware_download"
"2026-03-05T23:21:38Z"	"hxxp://77[.]83[.]175[.]91/18e58bd9b3a5293b/msvcp140[.]dll"	"url"	"urlhaus"	"stealc"	"status=offline; threat=malware_download"
"2026-03-05T23:21:38Z"	"hxxp://77[.]83[.]175[.]91/18e58bd9b3a5293b/mozglue[.]dll"	"url"	"urlhaus"	"stealc"	"status=offline; threat=malware_download"
"2026-03-05T23:21:38Z"	"hxxp://95[.]215[.]204[.]182/dcace648038981df/mozglue[.]dll"	"url"	"urlhaus"	"stealc"	"status=offline; threat=malware_download"
"2026-03-05T23:21:38Z"	"hxxp://95[.]215[.]204[.]182/dcace648038981df/sqlite3[.]dll"	"url"	"urlhaus"	"stealc"	"status=offline; threat=malware_download"
"2026-03-05T23:21:38Z"	"hxxp://95[.]215[.]204[.]182/dcace648038981df/msvcp140[.]dll"	"url"	"urlhaus"	"stealc"	"status=offline; threat=malware_download"
"2026-03-05T23:21:38Z"	"hxxp://95[.]215[.]204[.]182/dcace648038981df/vcruntime140[.]dll"	"url"	"urlhaus"	"stealc"	"status=offline; threat=malware_download"
"2026-03-05T23:21:38Z"	"hxxp://95[.]215[.]204[.]182/dcace648038981df/freebl3[.]dll"	"url"	"urlhaus"	"stealc"	"status=offline; threat=malware_download"
"2026-03-05T23:21:38Z"	"hxxp://95[.]215[.]204[.]182/dcace648038981df/nss3[.]dll"	"url"	"urlhaus"	"stealc"	"status=offline; threat=malware_download"
"2026-03-05T23:21:38Z"	"hxxp://95[.]215[.]204[.]182/dcace648038981df/softokn3[.]dll"	"url"	"urlhaus"	"stealc"	"status=offline; threat=malware_download"
"2026-03-05T23:21:38Z"	"hxxp://95[.]215[.]204[.]131/9c4ff1f7c1a7004e/mozglue[.]dll"	"url"	"urlhaus"	"stealc"	"status=offline; threat=malware_download"
"2026-03-05T23:21:38Z"	"hxxp://95[.]215[.]204[.]131/9c4ff1f7c1a7004e/nss3[.]dll"	"url"	"urlhaus"	"stealc"	"status=offline; threat=malware_download"
"2026-03-05T23:21:38Z"	"hxxp://95[.]215[.]204[.]131/9c4ff1f7c1a7004e/freebl3[.]dll"	"url"	"urlhaus"	"stealc"	"status=offline; threat=malware_download"
"2026-03-05T23:21:38Z"	"hxxp://95[.]215[.]204[.]131/9c4ff1f7c1a7004e/sqlite3[.]dll"	"url"	"urlhaus"	"stealc"	"status=offline; threat=malware_download"
"2026-03-05T23:21:38Z"	"hxxp://95[.]215[.]204[.]131/9c4ff1f7c1a7004e/msvcp140[.]dll"	"url"	"urlhaus"	"stealc"	"status=offline; threat=malware_download"
"2026-03-05T23:21:38Z"	"hxxp://95[.]215[.]204[.]131/9c4ff1f7c1a7004e/softokn3[.]dll"	"url"	"urlhaus"	"stealc"	"status=offline; threat=malware_download"
"2026-03-05T23:21:38Z"	"hxxp://95[.]215[.]204[.]131/9c4ff1f7c1a7004e/vcruntime140[.]dll"	"url"	"urlhaus"	"stealc"	"status=offline; threat=malware_download"
"2026-03-05T23:21:38Z"	"hxxp://185[.]215[.]113[.]16/steam/random[.]exe?9I"	"url"	"urlhaus"	"stealc"	"status=offline; threat=malware_download"
"2026-03-05T23:21:38Z"	"hxxp://77[.]83[.]175[.]91/18e58bd9b3a5293b/nss3[.]dll"	"url"	"urlhaus"	"stealc"	"status=offline; threat=malware_download"
"2026-03-05T23:21:38Z"	"hxxp://185[.]215[.]113[.]16/mine/random[.]exe?Y"	"url"	"urlhaus"	"stealc"	"status=offline; threat=malware_download"
"2026-03-05T23:21:38Z"	"hxxp://83[.]222[.]191[.]225/2938eb1cc484fea4/nss3[.]dll"	"url"	"urlhaus"	"stealc"	"status=offline; threat=malware_download"
"2026-03-05T23:21:38Z"	"hxxp://95[.]215[.]204[.]229/3b4b68059f902c42/mozglue[.]dll"	"url"	"urlhaus"	"stealc"	"status=offline; threat=malware_download"
"2026-03-05T23:21:38Z"	"hxxp://95[.]215[.]204[.]229/3b4b68059f902c42/sqlite3[.]dll"	"url"	"urlhaus"	"stealc"	"status=offline; threat=malware_download"
"2026-03-05T23:21:38Z"	"hxxp://95[.]215[.]204[.]229/3b4b68059f902c42/freebl3[.]dll"	"url"	"urlhaus"	"stealc"	"status=offline; threat=malware_download"
"2026-03-05T23:21:38Z"	"hxxp://95[.]215[.]204[.]229/3b4b68059f902c42/softokn3[.]dll"	"url"	"urlhaus"	"stealc"	"status=offline; threat=malware_download"
"2026-03-05T23:21:38Z"	"hxxp://95[.]215[.]204[.]229/3b4b68059f902c42/msvcp140[.]dll"	"url"	"urlhaus"	"stealc"	"status=offline; threat=malware_download"
"2026-03-05T23:21:38Z"	"hxxp://31[.]58[.]137[.]238/890c3f971f03f8ec/sqlite3[.]dll"	"url"	"urlhaus"	"stealc"	"status=offline; threat=malware_download"
"2026-03-05T23:21:38Z"	"hxxp://31[.]58[.]137[.]238/890c3f971f03f8ec/freebl3[.]dll"	"url"	"urlhaus"	"stealc"	"status=offline; threat=malware_download"
"2026-03-05T23:21:38Z"	"hxxp://31[.]58[.]137[.]238/890c3f971f03f8ec/nss3[.]dll"	"url"	"urlhaus"	"stealc"	"status=offline; threat=malware_download"
"2026-03-05T23:21:38Z"	"hxxp://31[.]58[.]137[.]238/890c3f971f03f8ec/mozglue[.]dll"	"url"	"urlhaus"	"stealc"	"status=offline; threat=malware_download"
"2026-03-05T23:21:38Z"	"hxxp://31[.]58[.]137[.]238/890c3f971f03f8ec/softokn3[.]dll"	"url"	"urlhaus"	"stealc"	"status=offline; threat=malware_download"
"2026-03-05T23:21:38Z"	"hxxp://31[.]58[.]137[.]238/890c3f971f03f8ec/vcruntime140[.]dll"	"url"	"urlhaus"	"stealc"	"status=offline; threat=malware_download"
"2026-03-05T23:21:38Z"	"hxxp://83[.]222[.]191[.]225/2938eb1cc484fea4/sqlite3[.]dll"	"url"	"urlhaus"	"stealc"	"status=offline; threat=malware_download"
"2026-03-05T23:21:38Z"	"hxxp://83[.]222[.]191[.]225/2938eb1cc484fea4/freebl3[.]dll"	"url"	"urlhaus"	"stealc"	"status=offline; threat=malware_download"
"2026-03-05T23:21:38Z"	"hxxp://95[.]215[.]204[.]229/3b4b68059f902c42/nss3[.]dll"	"url"	"urlhaus"	"stealc"	"status=offline; threat=malware_download"
"2026-03-05T23:21:38Z"	"hxxp://31[.]58[.]137[.]238/890c3f971f03f8ec/msvcp140[.]dll"	"url"	"urlhaus"	"stealc"	"status=offline; threat=malware_download"
"2026-03-05T23:21:38Z"	"hxxp://83[.]222[.]191[.]225/2938eb1cc484fea4/msvcp140[.]dll"	"url"	"urlhaus"	"stealc"	"status=offline; threat=malware_download"
"2026-03-05T23:21:38Z"	"hxxp://83[.]222[.]191[.]225/2938eb1cc484fea4/mozglue[.]dll"	"url"	"urlhaus"	"stealc"	"status=offline; threat=malware_download"
"2026-03-05T23:21:38Z"	"hxxp://83[.]222[.]191[.]225/2938eb1cc484fea4/softokn3[.]dll"	"url"	"urlhaus"	"stealc"	"status=offline; threat=malware_download"
"2026-03-05T23:21:38Z"	"hxxp://83[.]222[.]191[.]225/2938eb1cc484fea4/vcruntime140[.]dll"	"url"	"urlhaus"	"stealc"	"status=offline; threat=malware_download"
"2026-03-05T23:21:38Z"	"hxxp://62[.]204[.]41[.]177/db293a2c1b1c70c4/vcruntime140[.]dll?Z"	"url"	"urlhaus"	"stealc"	"status=offline; threat=malware_download"
"2026-03-05T23:21:38Z"	"hxxps://gosp[.]xaman[.]es/chrome_130[.]exe"	"url"	"urlhaus"	"stealc"	"status=offline; threat=malware_download"
"2026-03-05T23:21:38Z"	"hxxp://31[.]41[.]244[.]9/duma/nome[.]exe"	"url"	"urlhaus"	"stealc"	"status=offline; threat=malware_download"
"2026-03-05T23:21:38Z"	"hxxp://185[.]215[.]113[.]217/reko/valid[.]exe"	"url"	"urlhaus"	"stealc"	"status=offline; threat=malware_download"
"2026-03-05T23:21:38Z"	"hxxp://185[.]215[.]113[.]16/reko/valid[.]exe"	"url"	"urlhaus"	"stealc"	"status=offline; threat=malware_download"
"2026-03-05T23:21:38Z"	"hxxp://95[.]215[.]204[.]230/08944c4ccd05189a/vcruntime140[.]dll"	"url"	"urlhaus"	"stealc"	"status=offline; threat=malware_download"
"2026-03-05T23:21:38Z"	"hxxp://95[.]215[.]204[.]230/08944c4ccd05189a/sqlite3[.]dll"	"url"	"urlhaus"	"stealc"	"status=offline; threat=malware_download"
"2026-03-05T23:21:38Z"	"hxxp://95[.]215[.]204[.]230/08944c4ccd05189a/mozglue[.]dll"	"url"	"urlhaus"	"stealc"	"status=offline; threat=malware_download"
"2026-03-05T15:43:53Z"	"ac30bd536ff63648634c9304c0c7b560eeac0d140788d7c99d575174a5caf602"	"sha256"	"malwarebazaar"	"Stealc,dropped-by-amadey,exe,fbf543,stealc"	"signature=Stealc; imphash=e9db3df973f0aa33e2085e01e9984486; tlsh=T13505B0B976043CE6E67F467BC9966CD813723A238B87A4CE41646BD30D633B1EE16805"
"2026-03-05T10:15:47Z"	"7b4bf304b4ec3ebf6318f753dc2e1b5cc8dc0aa44c3d374af57f68bfc18cf51f"	"sha256"	"malwarebazaar"	"Stealc,blankeyeo-com,ps1,stealc"	"signature=Stealc; imphash=None; tlsh=T1B2145D3079422EFB5BB8208248C9811C552C32B9DA282CE57ECF5C962F5D7791BF79B1"
"2026-03-05T10:14:46Z"	"040ede59ed3e058e0a0db55ec86850f98048e35b2e9a1fe00911253e4c3a3fcb"	"sha256"	"malwarebazaar"	"Stealc,blankeyeo-com,ps1,stealc"	"signature=Stealc; imphash=None; tlsh=T1D2E35D347A566DFF5BB8208248C6811C5A383174CA382CF67ACB5C923E0D77627B79B5"
"2026-03-05T10:14:30Z"	"df5b323bb253bc882cadb9c009e4498f6ff5d1b1577a4e861337f153077003ff"	"sha256"	"malwarebazaar"	"Stealc,blankeyeo-com,ps1,stealc"	"signature=Stealc; imphash=None; tlsh=T17C245D747E426EFB5BBC608248C6810C5A386175DA192DE57ACF0C922F0D77A2BF7970"
"2026-03-05T10:11:31Z"	"25f61301b51a5fbd19699f4ffd3bada8c5bc4e6a613ce1b68e4fa111f18d6f6f"	"sha256"	"malwarebazaar"	"Stealc,blankeyeo-com,lnk,stealc"	"signature=Stealc; imphash=None; tlsh=T162212C149FEC2F0DE1B246397DBE23A5C4267E8C6F1DC9CD0D11D1094C65952D829F3A"
"2026-03-05T10:10:53Z"	"9664aa64777f25cf03d5083cad63fe26eea86c38e2986c195a33b9c1b5fffda9"	"sha256"	"malwarebazaar"	"Stealc,blankeyeo-com,lnk,stealc"	"signature=Stealc; imphash=None; tlsh=T12D317968CEEC3209D0725A38DCBE2351C5797B5CDB1DC5CD0902C24A8861517E4BAB3A"
"2026-03-01T14:28:38Z"	"601dec97c0ada64009cd7de35966d976322470b185a64dbc45f22feb33a2dc63"	"sha256"	"malwarebazaar"	"Stealc,de-pumped,exe,stealc"	"signature=Stealc; imphash=ebc247a77b4d4a804b261f97a1fd075c; tlsh=T160C57C0B7DE51CE5C86E9376DCBA11827B31BC490B3223D31A6579782E736D09D7AB08"
"2026-03-01T12:47:10Z"	"15e097cb7f04bed91a7502e9a11b1c1fd9498fcece521438c5b772a39ae531e9"	"sha256"	"malwarebazaar"	"Stealc,de-pumped,exe,nonobody123-com,stealc"	"signature=Stealc; imphash=ebc247a77b4d4a804b261f97a1fd075c; tlsh=T1F3C57C0B7DE51CE5C86E9376DCBA11827B31BC490B3223D31A6579782E736D09D7AB08"
"2026-03-01T12:46:38Z"	"415c515f3b6b35f0ab3b186bd36789594be18651452bb5d93514e888435524dd"	"sha256"	"malwarebazaar"	"Stealc,file-pumped,nonobody123-com,pw-2025,rar,stealc"	"signature=Stealc; imphash=None; tlsh=T11C0833DFE465BE84B0A6C98548ABCB58492F4D6D48937681C36F9E7B33E4CE604610F3"
"2026-02-28T21:25:07Z"	"d78be5f292a9960774dca7a02fb0ae61135ec7e10d5fda0069084cd25d6e3a82"	"sha256"	"malwarebazaar"	"Stealc,exe,stealc"	"signature=Stealc; imphash=c2e4487f461edff82f81a902e3e4f0b5; tlsh=T1F0A5062DE366A1F7E851DEBC260C21DAE12949723656C062FF715F05A8F00C29CD9BDB"
"2026-02-27T18:45:22Z"	"cee05a00aeacfc794aebc293a1c03bfc93b05cfd8d7da0d2a8a2d792894fc3bd"	"sha256"	"malwarebazaar"	"Stealc,exe,stealc"	"signature=Stealc; imphash=baedab261d9b0ee2285b2ff329a5eaec; tlsh=T17DF48D5AE7A502F9D0BBC178CE424553EBB2B8155770978F03E10AA61F372A06F3EB11"
"2026-02-24T10:40:57Z"	"08b627c83ce0b3cffa836adefb5cf3a5210aa2283e5487b195510ec1fc91f506"	"sha256"	"malwarebazaar"	"Stealc,exe,stealc"	"signature=Stealc; imphash=112f19f28f55f461c3d7ad7d3898dd7b; tlsh=T14AF48D1FF3E501F8C4BB8178C9665956E77A74561330A68F03E01AA63F2B6509F7EB20"
"2026-02-23T20:43:21Z"	"b91cebec72ba934cde8ee67e8c4135c8c558d8ff46a70d3fdca83d9c37dd377b"	"sha256"	"malwarebazaar"	"Stealc,b80777,dropped-by-amadey,exe,stealc"	"signature=Stealc; imphash=f456face36cfa724bf01290dd8927512; tlsh=T1D5F47C1BE7A602F9D1B7C274CA424957E772B8065370978F03E14AA61F376909F3EB21"
"2026-02-22T08:03:15Z"	"2c9bda6108de3a34226a97dad68c0b227610f9e569f312b38246607aadcaf2a4"	"sha256"	"malwarebazaar"	"Stealc,de-pumped,exe,stealc"	"signature=Stealc; imphash=d42595b695fc008ef2c56aabd8efd68e; tlsh=T17EF56C136DD1C8A4D0AAF335E567A196B625FC0C073137D31E61EEB16E317D0AA3AB18"
"2026-02-21T15:20:03Z"	"3c5c9dd2805f966c117f63964798fdc25008f056e313c08397839ca3305b903b"	"sha256"	"malwarebazaar"	"Stealc,de-pumped,exe,nonobody123-com,stealc"	"signature=Stealc; imphash=d42595b695fc008ef2c56aabd8efd68e; tlsh=T18FF56C136DD1C8A4D0AAF335E567A196B625FC0C073137D31E61EEB16E317D0AA3AB18"
"2026-02-21T15:19:15Z"	"3d541d7bb17106c5d6616242d281633a00a5fe217a52b97c98d27faa2411d1a7"	"sha256"	"malwarebazaar"	"Stealc,file-pumped,nonobody123-com,pw-2025,rar,stealc"	"signature=Stealc; imphash=None; tlsh=T14C083390671F7DD6AE5031FC3CFD9B4AA820EEC8F10C0E196B0D52956054BE92B2E9D7"
"2026-02-18T13:09:14Z"	"69f28a96c3b1f6636691345e01de8ddc54569c5fd479db676b457dc8da1b06aa"	"sha256"	"malwarebazaar"	"Stealc,exe,stealc"	"signature=Stealc; imphash=23b623d5aadcf64cb25b8fc4c13b1df7; tlsh=T15AD49E12799194B6E47705748D78EB558BBDBC700F60AACB63C009A95E702C0EF37B6B"
"2026-02-18T12:52:58Z"	"801d8900dfe1780f97b63dde42e1e0adc78b03f59ace6b873d404c4d153f7348"	"sha256"	"malwarebazaar"	"Stealc,exe,stealc"	"signature=Stealc; imphash=baedab261d9b0ee2285b2ff329a5eaec; tlsh=T12CF48D5AE7A602F9D0BBC178CE424553E7B2B8155370978F03E15AA61F372A05F3EB21"
"2026-02-18T00:00:31Z"	"a7952fe2e29dc81b89f642d03e407b9eeec94456b7a66dd0992b9c89d121de27"	"sha256"	"malwarebazaar"	"Stealc,exe,stealc"	"signature=Stealc; imphash=baedab261d9b0ee2285b2ff329a5eaec; tlsh=T10DF47C5AE7A602F9D0BBC178CE424553EBB2B8155770978F03E11AA61F372A05F3EB11"
"2026-02-17T07:03:55Z"	"9632c843f25747b0c30cfc6388d2832413e7c2100c4d48e0d7bb9511117b82d1"	"sha256"	"malwarebazaar"	"91-92-240-190,Stealc,exe,stealc"	"signature=Stealc; imphash=baedab261d9b0ee2285b2ff329a5eaec; tlsh=T188F48D5AE3A502F9D1BBC178CE424553EBB2B8155370978F03E11AA61F376A05F3EB12"
"2026-02-17T06:54:24Z"	"dc38f3f3c8d495da8c3b0aca8997498e9e4d19738e1e2a425af635d37d0e06b8"	"sha256"	"malwarebazaar"	"91-92-240-190,94-154-35-115,Stealc,exe,stealc"	"signature=Stealc; imphash=baedab261d9b0ee2285b2ff329a5eaec; tlsh=T1C7058D5EE7A502F9D0BBC178CE424552EBB2B8155770978F03E11AA61F372A05F3EB21"
"2026-02-17T06:53:59Z"	"56d1ba3e7725f963bd7d1897198adc6eeb8645e6e80052fdf6ba734c1575bde2"	"sha256"	"malwarebazaar"	"91-92-240-190,94-154-35-115,Stealc,exe,stealc"	"signature=Stealc; imphash=baedab261d9b0ee2285b2ff329a5eaec; tlsh=T1FB058D5EE7A502F8D0B7C178CE424556EBB278065370A78F03E15AAA1F376905F3EB21"
"2026-02-16T01:50:09Z"	"76be3869428b6347166474e887d25a44d724e3e6219296fa7a955cef8dddc188"	"sha256"	"malwarebazaar"	"Stealc,exe,stealc"	"signature=Stealc; imphash=4cea7ae85c87ddc7295d39ff9cda31d1; tlsh=T1AC7723015AE401FBDAA45739A8F7A232367334A09A57CBA783B815F50E135D078FEB35"
"2026-02-15T20:06:17Z"	"ba01212cab818c10e49100909a254a5435cef8b8303fa6fa06a233d53ce9851e"	"sha256"	"malwarebazaar"	"Stealc,a3dacb,dropped-by-amadey,exe,stealc"	"signature=Stealc; imphash=00e004ff0649be67e6fbb756d37edeca; tlsh=T1D0348E21B992C432C66B09B39879DF69493DFC514B7165C763C41EFECA206C1AF35A0B"
"2026-02-15T19:45:49Z"	"84bd20bcb88426402c4a3c96d8012396f83387a84b7abc1a6e90c2babebb42bd"	"sha256"	"malwarebazaar"	"Stealc,b80777,dropped-by-amadey,exe,stealc"	"signature=Stealc; imphash=f456face36cfa724bf01290dd8927512; tlsh=T1DFF47C1BE7A602F9D1B7C274CA424957E772B8065370978F03E14AA61F376909F3EB21"
"2026-02-14T23:46:52Z"	"e0cf897ce55ca398a9587c3b8a99ba56b6e4d6949bbfac8e0d31cd7fe90bcc11"	"sha256"	"malwarebazaar"	"Stealc,exe,stealc"	"signature=Stealc; imphash=91802a615b3a5c4bcc05bc5f66a5b219; tlsh=T112360812BCFA5565C57EE03494B112927A313E550372FBD34E84F66B1D3AAE82B3E318"
"2026-02-13T04:12:44Z"	"1bc53f714339ceb8af3f5779e3c764f7db74cf77a44b5243deb95d6c7c5ea6d8"	"sha256"	"malwarebazaar"	"Stealc,exe,stealc"	"signature=Stealc; imphash=baedab261d9b0ee2285b2ff329a5eaec; tlsh=T17BF48D5AE7A602F9D0BBC178CE424553EBB2B8155770978F03E14AA61F372A05F3EB11"
"2026-02-12T10:30:18Z"	"46f605598488ded49527e9e6a3ea045c817833aecfb527c8f213ee0e0527a130"	"sha256"	"malwarebazaar"	"Stealc,exe,stealc"	"signature=Stealc; imphash=40ab50289f7ef5fae60801f88d4541fc; tlsh=T15486028BD38A2316E49137352D1AB154B33BF07442C6A91294ADE46C7E57CA83A3F7F4"
"2026-02-11T22:47:16Z"	"a7b351abcc254df7750d69e327aabcf15bd458b229b0a43347cc1e374870d1bb"	"sha256"	"malwarebazaar"	"Stealc,exe,signed,stealc"	"signature=Stealc; imphash=314ce79d8e3b96c63beeed48ec10ef13; tlsh=T185D528613B5989EDC55AC074C2468A722A7270CB0F34BAFF45849A783F6AEF51F3C254"
"2026-02-11T07:25:16Z"	"b4e4178aea8498d952fec581ab3367c05a6272c444fac4854375bf712946b05f"	"sha256"	"malwarebazaar"	"Stealc,exe,stealc"	"signature=Stealc; imphash=20dd26497880c05caed9305b3c8b9109; tlsh=T1B5C52302B3D718B1E5A50B719ABAC500FE177CA519F0905A3CF5D80E0E7A7E5CD36BA2"
"2026-02-10T16:20:38Z"	"a7469b98efceb423c35bb888792aa94041f046b64fce2203e32a1afc03797bb7"	"sha256"	"malwarebazaar"	"Stealc,UPX,exe,stealc,vidar"	"signature=Vidar; imphash=ee53c10aff1d01eafea53328179e33a2; tlsh=T1A614120852F52786DA5E07F4E0D0D8402683B97B7F9EF0043FD94968BE65BCA714E93A"
"2026-02-10T15:52:50Z"	"20a0819dba41dea5b9a6c71ef7f84a0241d129335d290cff07c095fda6e3b423"	"sha256"	"malwarebazaar"	"Stealc,exe,stealc"	"signature=Stealc; imphash=577240208564ce97e456e1877f7b193e; tlsh=T19396128164C4DBBCC08A473C7145419935E0AD9998FCDB4DAAC6F8237FB1FAC15A93A3"
"2026-02-09T15:10:35Z"	"c69ff8d9dc55e9ea03bd12ba21d07e0a5f251e44d79a0d1282aec507b8a78e4c"	"sha256"	"malwarebazaar"	"Stealc,exe,stealc"	"signature=Stealc; imphash=f34d5f2d4577ed6d9ceec516c1f5a744; tlsh=T1B4234A05C6149EB2C67F53319C87981597A46B216B352A0EB0CD6E9E3FB5361CFC02FA"
"2026-02-09T07:54:41Z"	"ec89ee06be23502099170957ded0f6e6706b8bccd83e37a83a02521e65d9d52f"	"sha256"	"malwarebazaar"	"Stealc,exe,signed,stealc"	"signature=Stealc; imphash=4035d2883e01d64f3e7a9dccb1d63af5; tlsh=T1532639D3B89519A1C67FF2F49CA163523231786903313BD71B98696708EABC827BF714"
"2026-02-09T07:54:39Z"	"00757772d873cfdf11241fc390c5ad2d2b3a27648656fe6ca502b12d9598cd6e"	"sha256"	"malwarebazaar"	"Stealc,exe,stealc"	"signature=Stealc; imphash=4035d2883e01d64f3e7a9dccb1d63af5; tlsh=T139765CB2F89509A1C67FE13498605E91763138680B3E7BD37FA815660D2AFC46B3FB14"
"2026-02-09T07:54:37Z"	"8807b01cddf4954b489aacd512f5a2f446026d461fa5f4499ac4a5f1cbee319e"	"sha256"	"malwarebazaar"	"Stealc,exe,stealc"	"signature=Stealc; imphash=4035d2883e01d64f3e7a9dccb1d63af5; tlsh=T120A75CB2F89509A1C67FE13498605E91763138680B3E7BD37FA815660D2AFC46B3FB14"
"2026-02-09T07:54:26Z"	"644dc2759bec6cd7c6eb455c47493d65414ba08114e8648d28f1de24fa9a2e89"	"sha256"	"malwarebazaar"	"Stealc,exe,stealc"	"signature=Stealc; imphash=4035d2883e01d64f3e7a9dccb1d63af5; tlsh=T1E8673912BB9D45A2C6BFE33897506252BE31785443713BD36E9815AA0C2BFC42B3F719"
"2026-02-09T07:54:15Z"	"363201a7f7d0f230f00ae92bd5e86f1a950fdb3256f1fb2717c5ea610f09bc14"	"sha256"	"malwarebazaar"	"Stealc,exe,stealc"	"signature=Stealc; imphash=4035d2883e01d64f3e7a9dccb1d63af5; tlsh=T10F463912BB9D45A2C6BFE33897506252BE31785443713BD36E9815AA0C2BFC42B3F719"
"2026-02-09T07:15:11Z"	"3bd9d247fc0d9557e92b517bb25d33248f884007c02cfc459359c6f3b8fe22cc"	"sha256"	"malwarebazaar"	"Stealc,exe,signed,stealc"	"signature=Stealc; imphash=4035d2883e01d64f3e7a9dccb1d63af5; tlsh=T189463992B89919A5C67FF13490AC7351763138A443333BD32A9925EA097AFC47B3F718"
"2026-02-09T07:12:52Z"	"0bf4086efc87becaa85af3bcc2ea67986c67aa5d1b7994bbcd9d451d0507d3c4"	"sha256"	"malwarebazaar"	"Stealc,exe,stealc"	"signature=Stealc; imphash=4035d2883e01d64f3e7a9dccb1d63af5; tlsh=T13EB65CB2F89509A1C67FE13498605E91763138680B3E7BD37FA815660D2AFC46B3FB14"
"2026-02-09T07:12:46Z"	"8da670ead3c2b1d4e08a7e3877425b82e0a9e72006f04c104f1560b2b4defd5c"	"sha256"	"malwarebazaar"	"Stealc,exe,stealc"	"signature=Stealc; imphash=4035d2883e01d64f3e7a9dccb1d63af5; tlsh=T129B63912BB9D45A2C6BFE33897506252BE31785443713BD36E9815AA0C2BFC42B3F719"
"2026-02-08T10:40:11Z"	"2925c1e2208221fb4c42e8987b17a8c479f94c35ae9054a5c98bcd7fa9ec773c"	"sha256"	"malwarebazaar"	"Stealc,exe,stealc"	"signature=Stealc; imphash=23b623d5aadcf64cb25b8fc4c13b1df7; tlsh=T179D49E22759194B6E47705748D78EB558BBDBC700F60AACB23C00A995E706C0EF37B6B"
"2026-02-08T04:17:23Z"	"3d5649f676861cb8cee8b66b3fd277002f4ddabe29d7c695789535c219033682"	"sha256"	"malwarebazaar"	"Stealc,lua,stealc,zip"	"signature=Stealc; imphash=None; tlsh=T1FA553318C17C1A54CFB30D177EBBE0B4A31686F801660DE7DB0785B6182DA93DF66B58"
"2026-02-06T11:37:14Z"	"0e2ca22da0e4c4b73d68d11f879d0577f5a539c8dc8358c39caa577b89331b82"	"sha256"	"malwarebazaar"	"Stealc,exe,stealc"	"signature=Stealc; imphash=40ab50289f7ef5fae60801f88d4541fc; tlsh=T1A4461213B2CBE03EE45D0B3B4562A16884FBEB216527AD1786E08CAEFE15050DD3F657"
"2026-02-05T20:50:17Z"	"296c1f9234d3605216825597770584efcfec9de2dbb439aba3f3fd433c7b9077"	"sha256"	"malwarebazaar"	"Stealc,exe,stealc"	"signature=Stealc; imphash=4cea7ae85c87ddc7295d39ff9cda31d1; tlsh=T15B77121037F452B3D05597B6E46266F53A327EB62F05811B2543FFEC3A2E3A8293171A"
"2026-02-05T17:48:53Z"	"56a524ab14ed748549767eaddb993df9a9ef5b0bbe34a7b8aa7a5be052fdac06"	"sha256"	"malwarebazaar"	"Stealc,dropped-by-amadey,exe,fbf543,stealc"	"signature=Stealc; imphash=4cea7ae85c87ddc7295d39ff9cda31d1; tlsh=T1D4162380DEC71A9AD86F233501F353764133EBBA9BA2091B66C97074D6633D126B364F"
"2026-02-05T16:16:15Z"	"c6f7e55be2a98f7fa44c797bdff397611e9fe6ab80797794fd1172861e10bd80"	"sha256"	"malwarebazaar"	"Stealc,exe,stealc"	"signature=Stealc; imphash=d512f74fd5e290f01bfc48029b75487a; tlsh=T1BE36F9BB8E384D89C6D7F1F69381D6300DE5AE67A4EAE0FA51D209401F437106F61EB9"
"2026-02-05T10:26:11Z"	"4e330342b5f5050bcda28cef53c3cae669ed8dce5a4c7815b4c2d79e9ad091b2"	"sha256"	"malwarebazaar"	"Stealc,exe,stealc"	"signature=Stealc; imphash=baedab261d9b0ee2285b2ff329a5eaec; tlsh=T142F48D5AE7A602F9D0BBC178CE424553E7B2B8155370978F03E15AA61F372A05F3EB12"
"2026-02-05T04:15:24Z"	"a4d438b665dbf9214f7099436fcd86af803ac45674e96691917d4f3537f41b91"	"sha256"	"malwarebazaar"	"Stealc,exe,stealc"	"signature=Stealc; imphash=baedab261d9b0ee2285b2ff329a5eaec; tlsh=T187F48D5AE7A502F8D0BBC178CE424553EBB2B8155770978F03E14AA61F376A06F3EB11"
"2026-02-05T01:45:20Z"	"7cd80c56e206d083eb68a411bb4b87409c466de055ebe64aa564f78e1cccfeae"	"sha256"	"malwarebazaar"	"Stealc,exe,stealc"	"signature=Stealc; imphash=baedab261d9b0ee2285b2ff329a5eaec; tlsh=T155F48D5AE7A602F9D0BBC178CE424553EBB2B8155770978F03E11AA61F372A05F3EB11"
"2026-02-05T01:15:19Z"	"bad80b145550725bee88caa50d095c8fd8cf50ecc8d7d2bf532ac862a5d1d402"	"sha256"	"malwarebazaar"	"Stealc,exe,stealc"	"signature=Stealc; imphash=2f70eb106e1135b4eeb96dee2b06a134; tlsh=T18256D081807E0760C270F03E5623356F17BB3FE64689D2EBE8E8DD439C5B858E959AD1"
"2026-02-04T17:33:03Z"	"7687c51970b2cc875e4da99336b380616ae602e8dade3d2b9aa7b667254b8dce"	"sha256"	"malwarebazaar"	"Stealc,exe,stealc"	"signature=Stealc; imphash=d512f74fd5e290f01bfc48029b75487a; tlsh=T17336EABB8E384C89C6C7F1F69781D6700DEA9E67A4E6E0FA51D109401F43B106F61EB9"
"2026-02-04T17:20:36Z"	"46f6c964b0b21a46c6f367e3375e60d04ae9ec80ea45c4652c1e4b8cde3f2023"	"sha256"	"malwarebazaar"	"Stealc,exe,stealc"	"signature=Stealc; imphash=dd06eacba964d059f38507da7aad1e8a; tlsh=T191E5BFC9D16E44D2DC053FD9A8142BC79B2447328A7800683A6FBD499F774FEC05EEA6"
"2026-02-04T16:12:47Z"	"cda9a6718da4c9cfdcc73340594d62b24e9439b51c2fa4a7f147802fd184b569"	"sha256"	"malwarebazaar"	"Stealc,exe,stealc"	"signature=Stealc; imphash=bbe72e2bf13858c5503f70bc0fd94b15; tlsh=T1B1269E29E9B9D1C7FCD300B17B699211A823AE7BDD2C156750B8970CD249DEE033A17B"
"2026-02-04T12:39:49Z"	"f91e1d24b25e0231dea241938a1990362fa1e49d7f048bb91c036d2317161eaf"	"sha256"	"malwarebazaar"	"Stealc,TWO.file,a,dropped-by-gcleaner,exe,signed,stealc"	"signature=Stealc; imphash=9cbefe68f395e67356e2a5d8d1b285c0; tlsh=T1BF265B92BE40C665C6DBF13EE86191956230B808073126C36B751FB69D2B7C4273BBDE"
"2026-02-04T08:50:35Z"	"22881419a62cd516446a8f1926910aa68e66880322137ce2b3696d97d4f66bea"	"sha256"	"malwarebazaar"	"Stealc,exe,stealc"	"signature=Stealc; imphash=f65ed848807002ce3dcd9fabd3861ae6; tlsh=T1E1C49C03B541D4B6E47705B48D75EB548BBEBC700BA19ACB73C00DAA5E706C0EE36B66"
"2026-02-04T00:50:19Z"	"43e6b647136d5c6073e7205f5d13b8b3c4c9ec21f1d177a03c8a0255ce097c36"	"sha256"	"malwarebazaar"	"Stealc,exe,signed,stealc"	"signature=Stealc; imphash=9cbefe68f395e67356e2a5d8d1b285c0; tlsh=T1E7264AA2BA54CE61C99BE139F87161D46230B40B073535C36FE61EAA5C2B7C8173BB1D"
"2026-02-03T18:13:56Z"	"9c3c9141d8ebc3b1885e981afcb3ebe1fc9c57f313d9a1fa8b3a49a21400e27b"	"sha256"	"malwarebazaar"	"Stealc,exe,signed,stealc,vidar"	"signature=Vidar; imphash=da7f8acb6151c95be088a02465d68ef8; tlsh=T17C266B53BE80C165C19BF239E962A2957330B84C473026D36B662EB64D7B7C41B3BB1D"
"2026-02-03T16:36:11Z"	"c7916a6101d5821e506dcd49e9917c08cc1bbc285d68f12d259299ca0a86ea51"	"sha256"	"malwarebazaar"	"Stealc,TWO.file,dropped-by-gcleaner,exe,f,signed,stealc"	"signature=Stealc; imphash=9cbefe68f395e67356e2a5d8d1b285c0; tlsh=T1E1164A92BE94CE61C5DFE23AF86191D56230B409133532D72B261EA65CEB3C4173FB1A"
"2026-02-03T10:50:20Z"	"1eb56716cb68e28799b9d476eaab2ed389d16ff77a88d63140779bbc47f40456"	"sha256"	"malwarebazaar"	"Stealc,exe,stealc"	"signature=Stealc; imphash=baedab261d9b0ee2285b2ff329a5eaec; tlsh=T114F48D5AE7A502F9D0BBC178CE424553EBB2B8155770978F03E11AA61F372A05F3EB21"
"2026-02-03T03:06:46Z"	"8703b4c09bbbf7a44108c740300e82bb90a0803311fe300584877d6c833f7376"	"sha256"	"malwarebazaar"	"144-31-166-169,178-16-53-17,Stealc,shieldguardvpn-pro,stealc,zip"	"signature=Stealc; imphash=None; tlsh=T1C56533E15C2CD90448807A6E21BF7D15F3672A7F4A757A33FB9CB5386A4182F8ADC211"
"2026-02-03T01:45:12Z"	"f5558153c2b08cf60283e923479bab91b5de7c1fdd2810e259c7754e97fc1abf"	"sha256"	"malwarebazaar"	"Stealc,exe,signed,stealc"	"signature=Stealc; imphash=4035d2883e01d64f3e7a9dccb1d63af5; tlsh=T1AC461852AC9945ABDABFE13490A062617631359443313FD71ED81FBA096BEC4273F32B"
"2026-02-02T20:54:43Z"	"c8eb6d4091e97a8135c0a6d0cc5252a6767c81b0fc389b18479c605071f06a58"	"sha256"	"malwarebazaar"	"Stealc,TWO.file,c,dropped-by-gcleaner,exe,signed,stealc"	"signature=Stealc; imphash=4035d2883e01d64f3e7a9dccb1d63af5; tlsh=T174562853BD9A46A9CABFE13490A062627631349D4B313FD36ED81977096AFC4633F318"
"2026-02-02T18:33:41Z"	"a9142b5b7b642aa091229fbfbcdd808605f9e339beff397ce8792ede7f3ab5f0"	"sha256"	"malwarebazaar"	"Stealc,exe,stealc"	"signature=Stealc; imphash=bbe72e2bf13858c5503f70bc0fd94b15; tlsh=T16316BF29A479D0D6FCD301B17B99922264236F7BC93C295750B88B5CD289CEE073B17B"
"2026-02-02T18:19:25Z"	"6ca829e6ddf8fc4c552ac6bf8722c58bf0dc97ed3863222544bcf21853f399f1"	"sha256"	"malwarebazaar"	"MIX9.file,Stealc,dropped-by-gcleaner,exe,f,stealc"	"signature=Stealc; imphash=d512f74fd5e290f01bfc48029b75487a; tlsh=T18826EABB8E384C89C2C7F1F69781D6700DEA9E67A4DAE0FA51D109405F43B106F61EB9"
"2026-02-02T14:22:13Z"	"ec090085dd4b3a7a6403b4f9ba838ae828745afdf828b32b4291c128f96c3e3e"	"sha256"	"malwarebazaar"	"Stealc,exe,signed,stealc"	"signature=Stealc; imphash=11816731f87952ce23da086b67eb30cb; tlsh=T1CE361912A8D206A5C67BE234DDB0A2527A32386443312FD31ED799A519FBFD6333E714"
"2026-02-02T10:32:29Z"	"86f465c57eb92c4f650d759b84fd5d887a269be8a73ffdf5a8e8de4873e12402"	"sha256"	"malwarebazaar"	"Stealc,TWO.file,b,dropped-by-gcleaner,exe,signed,stealc"	"signature=Stealc; imphash=4035d2883e01d64f3e7a9dccb1d63af5; tlsh=T10546285AA89549A9CA7FE13C90982251F6317C5587313FD33ED819BE096AFC4233F329"
"2026-02-02T10:30:44Z"	"8e6c9b059deff3dfe0732ff109280f181e72cf94976445722bbe8c3be40c5db2"	"sha256"	"malwarebazaar"	"Stealc,exe,stealc"	"signature=Stealc; imphash=61a3509ea0647265062ee40711b8de6d; tlsh=T150D49D22759194B7E07606348C74EB508BBDBC704F616BCB77C00A9A6E706C1AF27B67"
"2026-02-01T19:45:39Z"	"64fa7afa4d7f383a26b2d1c5c2490ea06d75ab77d71acea4ebd6b8063f11452f"	"sha256"	"malwarebazaar"	"Stealc,TWO.file,c,dropped-by-gcleaner,exe,signed,stealc"	"signature=Stealc; imphash=4035d2883e01d64f3e7a9dccb1d63af5; tlsh=T15C463A52A895F9A9C6BFE1B4D0A02252763134D5C3313FE32ED915B6096AEC8273F31D"
"2026-02-01T16:52:35Z"	"59a95ca94cdf584015658d1513c20c3965303f9217f7ffdc473dd16585225225"	"sha256"	"malwarebazaar"	"Stealc,exe,stealc,vidar"	"signature=Vidar; imphash=4035d2883e01d64f3e7a9dccb1d63af5; tlsh=T11E563953B89506A6D6BFE23494A02392763138A903313FD35ED91A660D7AFC4373F71A"
"2026-02-01T14:55:13Z"	"68ec3e312a3fdb21b301eececf64b0554ab2f296dd2b8f955b6591777db35b17"	"sha256"	"malwarebazaar"	"Stealc,exe,stealc"	"signature=Stealc; imphash=baedab261d9b0ee2285b2ff329a5eaec; tlsh=T1BFF48D5AE7A502F9D1BBC178CE424553EBB2B8155770978F03E10AA61F372A05F3EB12"
"2026-02-01T14:50:18Z"	"2f23c30be4d4ca2e8aa3b3b68084b650eee2cd73c6295504090d1976dd7a8bc2"	"sha256"	"malwarebazaar"	"Stealc,exe,stealc"	"signature=Stealc; imphash=4029dc5ee830151a426fff64189bae0e; tlsh=T1F0E61216B3D640BDE46B873A8962D135D7F3BC115721AA8B47E08D5BBF271A01E3E702"
"2026-02-01T01:45:11Z"	"22d77061cbccb048adf52021775abc6a1af7eca93638b6043ad6f560b5e4d423"	"sha256"	"malwarebazaar"	"Stealc,exe,signed,stealc"	"signature=Stealc; imphash=4035d2883e01d64f3e7a9dccb1d63af5; tlsh=T197466B42B8911966C6BFE234A85052537A3135746B3B3BE30AE7157E09AFEC4273F718"
"2026-02-01T01:30:48Z"	"8a3553c5000a72016304a37d8e403236339db1468fc1e0072bcdc9d7a7849430"	"sha256"	"malwarebazaar"	"Stealc,TWO.file,dropped-by-gcleaner,exe,f,signed,stealc"	"signature=Stealc; imphash=4035d2883e01d64f3e7a9dccb1d63af5; tlsh=T121262852B8B945A2CA6FF234B46352517630785443313FD31B98257B8B2AECBE63F718"
"2026-01-31T03:50:49Z"	"284e20e568416dc0d28e06c327ef161cac60d2d04aa6af6cf895dfd9869c9b23"	"sha256"	"malwarebazaar"	"Stealc,dropped-by-amadey,exe,fbf543,signed,stealc"	"signature=Stealc; imphash=4035d2883e01d64f3e7a9dccb1d63af5; tlsh=T11C465A32B89545A2D67FE2349460739172317B9413313BE36F98166A0D7ABCC273FB1A"
"2026-01-30T22:25:12Z"	"fadf382f638ed35457af48119e77e5da958463a31949b94a445f6548ef85f8bd"	"sha256"	"malwarebazaar"	"Stealc,exe,stealc"	"signature=Stealc; imphash=112f19f28f55f461c3d7ad7d3898dd7b; tlsh=T1D9F48D1FA7E501F8E4BB8178C9669952E77B74561330E68F03E009A53F2B7609F6E720"
"2026-01-30T21:55:09Z"	"da8a54a1281d4de64f0ad13fb6fd66c3a1d11714260a939ec93009f29f3691ed"	"sha256"	"malwarebazaar"	"Stealc,exe,stealc"	"signature=Stealc; imphash=baedab261d9b0ee2285b2ff329a5eaec; tlsh=T1AE057D5AE7A602F8D4BBC178CA424557FBB278155330978F03E14A661F376A0AF3EB11"
"2026-01-30T20:25:12Z"	"b9f1a15d4fb226632d54af406f1ef9e76d9d7ac49bc687aca9465fdd05d3e08c"	"sha256"	"malwarebazaar"	"Stealc,exe,stealc"	"signature=Stealc; imphash=baedab261d9b0ee2285b2ff329a5eaec; tlsh=T179F48D5AE7A502F9D0BBC178CE424553EBB2B8155770978F03E14AA61F372A05F3EB21"
"2026-01-30T18:48:32Z"	"257972a77126685fa625ba8a5190920522fd4a91ccbaa1854fc9064614810bb4"	"sha256"	"malwarebazaar"	"77-110-102-154,Stealc,exe,stealc"	"signature=Stealc; imphash=baedab261d9b0ee2285b2ff329a5eaec; tlsh=T14BF48D5AE7A502F8D0BBC178CE424557EBB2B8055770978F03E15AA61F372A05F3EB21"
"2026-01-30T18:48:09Z"	"557aba3b4f51b0710b2cb1224031a317dacb014323ecf1c94335a4ee44a06bfb"	"sha256"	"malwarebazaar"	"77-110-102-154,Stealc,exe,stealc"	"signature=Stealc; imphash=1eb8b9beb0139afdc180cdb9196a6b49; tlsh=T1B515235BD1225CFCD38CB5B690E1A634B294EE440C033E795FA0EA794D3AD761EB7920"
"2026-01-30T18:47:48Z"	"88683f8d6fac54f580dcf07039af42de78bda0c5281de5979223b1f99e86cef5"	"sha256"	"malwarebazaar"	"77-110-102-154,Stealc,exe,stealc"	"signature=Stealc; imphash=1eb8b9beb0139afdc180cdb9196a6b49; tlsh=T1221523ABA866A0EDC05392B743B74B369073F77044A17A37B680DB2C1D55AD12A37F31"
"2026-01-30T18:47:36Z"	"4169eb3c437b5905047c46e39bd0f22f3bba9edac1ecb84d505187f4011d400e"	"sha256"	"malwarebazaar"	"77-110-102-154,Stealc,stealc,zip"	"signature=Stealc; imphash=None; tlsh=T11ED73346CB89494EF8A18461FF9936AC20F93632015B5B5BDDAED0118ADF3CC71C3A5B"
"2026-01-30T18:46:32Z"	"bacad328d84b7fe23e0a4d369cd3e14b9e8c6a825cbf5cea0701cbecd800b88d"	"sha256"	"malwarebazaar"	"77-110-102-154,Stealc,exe,stealc"	"signature=Stealc; imphash=313a05c8f3f31305e238ae143783f8a3; tlsh=T19D152349A35710FDCB2282F792B605B092A1F47515B33DBF7844CA742C69A944B3BEBC"
"2026-01-30T10:43:35Z"	"5dfd68940c695a01548c0f75b755629b32b9809304312aeda3a9742a451012b4"	"sha256"	"malwarebazaar"	"Stealc,exe,stealc"	"signature=Stealc; imphash=40ab50289f7ef5fae60801f88d4541fc; tlsh=T15B46122FA28BBC3EE45A3B3605B2E15454FB762D64276D1686E4849CCE258E03D3F743"
"2026-01-30T07:18:39Z"	"303fc8b8cd7043f988d3c59d19168aa2969d09450f02323e8ce21dbe575e5ea1"	"sha256"	"malwarebazaar"	"Stealc,de-pumped,exe,stealc"	"signature=Stealc; imphash=d42595b695fc008ef2c56aabd8efd68e; tlsh=T1B9365B53ED9076A5C5ABE33ADCA221867774BC09073132DF2E147A291E376C41A3B72D"
"2026-01-30T07:03:32Z"	"342f5a771b71c74056d1d7a564afe7ac10632584f9998b3fabbdee01150a9e98"	"sha256"	"malwarebazaar"	"Stealc,ghana-teer-sbs,stealc,zip"	"signature=Stealc; imphash=None; tlsh=T12C9723563E1CA9F461AAA7435EF79F5EF350CC9F83BB818B740706428C4B2AC294875D"
"2026-01-30T01:15:38Z"	"828b94047b39ea988ffa79770cc3f288e0099df2774123e17d9c1c1b18ad1cb9"	"sha256"	"malwarebazaar"	"Stealc,TWO.file,dropped-by-gcleaner,exe,f,signed,stealc"	"signature=Stealc; imphash=d42595b695fc008ef2c56aabd8efd68e; tlsh=T13F265C52AD940966C5DFA239ECB201866270BC09073235D72BD0777A2E376C456FFB2E"
"2026-01-29T20:16:41Z"	"59c793d693cccdcce3de19a3934c7e2b03540188972c4690ccce3688d7575be7"	"sha256"	"malwarebazaar"	"Stealc,msi,stealc"	"signature=Stealc; imphash=None; tlsh=T1BDA63308624DEE27D67A09F86C424DE62A544D04C32BB0E39A26B7C779F236261DF5D3"
"2026-01-29T19:46:22Z"	"ef4695dd30f02ff2658012039f01a3e48d23d5600ece7b7e0906eff1442f477c"	"sha256"	"malwarebazaar"	"91-92-243-147,Stealc,exe,signed,stealc"	"signature=Stealc; imphash=d42595b695fc008ef2c56aabd8efd68e; tlsh=T119364A535DA44965D4EBE238E8A20187737C7C0B073236D72A903B7A1E77BC452BB729"
"2026-01-29T19:45:23Z"	"df040ef9bca158004dc26a4771dd9ed8f142b6699b2a5945f6f966ea7f04c984"	"sha256"	"malwarebazaar"	"158-94-211-84,Stealc,de-pumped,exe,stealc"	"signature=Stealc; imphash=d42595b695fc008ef2c56aabd8efd68e; tlsh=T10B365B53ED9076A5C5ABE33ADCA221867774BC09073132DF2E147A291E376C41A3B72D"
"2026-01-29T19:44:46Z"	"c8cb7d69cc70ddb8f1a0b685ca64fa5330d4d56bf5ee33f6924893ff70c7497f"	"sha256"	"malwarebazaar"	"158-94-211-84,Adware.Generic,Stealc,file-pumped,pw-2025,rar,stealc"	"signature=Stealc; imphash=None; tlsh=T10E0833DCEA0BB5926ECE5BADED5C56F818B6CBF2C752112150EE93B41C181F12678CC2"
"2026-01-29T15:49:08Z"	"21db09cefab9818e4122109d64be7dd89e059790f318612e4604f02678408c17"	"sha256"	"malwarebazaar"	"45-93-20-55,Stealc,stealc,zip"	"signature=Stealc; imphash=None; tlsh=T13A3733D4ADD2BE8CCC598A218903675D3FA694DD85E68450CDB503AD2CBFF8222478FD"
"2026-01-29T15:47:58Z"	"18a3606fc13b42fea63dea411d5f4be6522ebff0c14d7044bb60401bbe66bf25"	"sha256"	"malwarebazaar"	"45-93-20-55,Stealc,stealc,zip"	"signature=Stealc; imphash=None; tlsh=T11017335CEA94AFB59CDDD74EAB21D94B511CEB488F59D8E1882603440CF6074CF2A8FB"
"2026-01-29T15:46:58Z"	"14ebace0658729a5e2cf930e7eaaa3e4ae22c91da411410951d78a38bd6beef6"	"sha256"	"malwarebazaar"	"45-93-20-55,Stealc,exe,stealc"	"signature=Stealc; imphash=4029dc5ee830151a426fff64189bae0e; tlsh=T1A7271216B29640BDE06A87398562D536D6F77D111721AACB47E0BC9BBF331E01E3E312"
"2026-01-29T15:46:32Z"	"12fef31ddb818d510697329a9aea5b7e206d8857eac23cfb073237a1005a54e5"	"sha256"	"malwarebazaar"	"45-93-20-55,Stealc,exe,stealc"	"signature=Stealc; imphash=baedab261d9b0ee2285b2ff329a5eaec; tlsh=T17E678D5AE7A602F9D1BBC178CE424553EBB2B8155770978F03E10AA61F372A05F3EB11"
"2026-01-28T18:10:39Z"	"cf6fd869dcfe5037a295468fcaf32f319847f47da2999c3d629f3cf83677ecdd"	"sha256"	"malwarebazaar"	"Stealc,TWO.file,a,dropped-by-gcleaner,exe,signed,stealc"	"signature=Stealc; imphash=d42595b695fc008ef2c56aabd8efd68e; tlsh=T1E0564B93AE5446A9C15BE23EE8F2124522B47C44077231D36E447AFA2D77BC41B3B72E"
"2026-01-28T12:29:50Z"	"8d1a0d68b7544de045948605b1afca727e2fb0281564c0ed8c10c0989b71f632"	"sha256"	"malwarebazaar"	"Stealc,exe,stealc,upx-dec"	"signature=Stealc; imphash=23b623d5aadcf64cb25b8fc4c13b1df7; tlsh=T11ED49D22759194B6E47705748D78EB558BBDBC700F606ACB23C00A9A5E706C0EF37B6B"
"2026-01-28T12:28:46Z"	"2d86d5764d4e04e931c0cb222a1c79bc2a6213de1d01bd58a89d6cc9a6f55ce0"	"sha256"	"malwarebazaar"	"Stealc,UPX,dropped-by-amadey,exe,fbf543,stealc"	"signature=Stealc; imphash=6ed4f5f04d62b18d96b26d6db7c18840; tlsh=T1E044239EE91CC87EC893ECFD23E5941571DAB09033E8F6CD445F82E010EBA676E54829"
"2026-01-28T09:52:06Z"	"9de91176c21607a231f19a68d3c413ce17518650be2c1ef2a5b4e42c7728d0fb"	"sha256"	"malwarebazaar"	"Stealc,exe,signed,stealc,vidar"	"signature=Vidar; imphash=d42595b695fc008ef2c56aabd8efd68e; tlsh=T1E7166A536C908AF8C4ABA33DE8A252857774BC090B3133D72A503A751E777C46A7B739"
"2026-01-28T00:40:12Z"	"4d60481b15d3c0fe5f925a702fdf67b5efc016dc360407189f3d30429f205c31"	"sha256"	"malwarebazaar"	"45-93-20-55,Stealc,exe,stealc"	"signature=Stealc; imphash=baedab261d9b0ee2285b2ff329a5eaec; tlsh=T1ACF48D5AE7A602F9D1BBC178CE424553EBB2B8155770978F03E10AA61F372A05F3EB11"
""	"hxxps://wirelessat[.]com/validateorder[.]php"	"url"	"threatfox"	"Stealc,stealc"	"confidence_level=100; threat_type=botnet_cc; malware=win.stealc; reference=https://bazaar.abuse.ch/sample/25f61301b51a5fbd19699f4ffd3bada8c5bc4e6a613ce1b68e4fa111f18d6f6f/"
""	"hxxps://wirelessat[.]com"	"url"	"threatfox"	"Stealc,stealc"	"confidence_level=75; threat_type=botnet_cc; malware=win.stealc; reference=https://bazaar.abuse.ch/sample/9664aa64777f25cf03d5083cad63fe26eea86c38e2986c195a33b9c1b5fffda9/"
""	"hxxps://185[.]123[.]102[.]253/0bbfbb85010e4111[.]php"	"url"	"threatfox"	"Stealc,URLscan,c2,stealc"	"confidence_level=50; threat_type=botnet_cc; malware=win.stealc; reference=https://urlscan.io/result/019cbd68-84cb-77aa-80c8-239e419cde47"
""	"hxxp://91[.]212[.]166[.]169"	"url"	"threatfox"	"AS198953,Stealc,c2,stealc,stealer,triage"	"confidence_level=100; threat_type=botnet_cc; malware=win.stealc; reference=https://tria.ge/260305-dbpcdahy8n"
""	"hxxp://193[.]24[.]123[.]41/eae4257f605c417c[.]php"	"url"	"threatfox"	"Stealc,URLscan,c2,stealc"	"confidence_level=50; threat_type=botnet_cc; malware=win.stealc; reference=https://urlscan.io/result/019cb806-d969-71ab-9c44-bb2035b8f2bd"
""	"hxxp://176[.]98[.]185[.]85/536fde2d792c4b27[.]php"	"url"	"threatfox"	"Stealc,URLscan,c2,stealc"	"confidence_level=50; threat_type=botnet_cc; malware=win.stealc; reference=https://urlscan.io/result/019cb806-d4a4-72ec-8234-009d6a5cba9b"
""	"hxxp://213[.]209[.]150[.]27/51d19cd02aba4bdf[.]php"	"url"	"threatfox"	"Stealc,URLscan,c2,stealc"	"confidence_level=50; threat_type=botnet_cc; malware=win.stealc; reference=https://urlscan.io/result/019cb806-ca9b-714f-9f02-391bdeaca02f"
""	"hxxp://176[.]65[.]141[.]212/4e42aa25c624454b[.]php"	"url"	"threatfox"	"Stealc,URLscan,c2,stealc"	"confidence_level=50; threat_type=botnet_cc; malware=win.stealc; reference=https://urlscan.io/result/019cb806-c537-7149-9d4b-2dd391cd59c9"
""	"hxxp://77[.]220[.]213[.]101/d302466ba3884d8c[.]php"	"url"	"threatfox"	"Stealc,URLscan,c2,stealc"	"confidence_level=50; threat_type=botnet_cc; malware=win.stealc; reference=https://urlscan.io/result/019cb806-bdbc-71bd-8240-212e21f1dbd7"
""	"hxxp://185[.]208[.]156[.]150/5c7528f9ea08459d[.]php"	"url"	"threatfox"	"Stealc,URLscan,c2,stealc"	"confidence_level=50; threat_type=botnet_cc; malware=win.stealc; reference=https://urlscan.io/result/019cb806-bac4-762e-83ba-2ec6f78c53ff"
""	"hxxp://173[.]208[.]162[.]243/001131370c794afc[.]php"	"url"	"threatfox"	"Stealc,URLscan,c2,stealc"	"confidence_level=50; threat_type=botnet_cc; malware=win.stealc; reference=https://urlscan.io/result/019cb806-b6bf-7026-a561-0ac1d986750b"
""	"hxxp://77[.]110[.]114[.]203/c8f5f829fc9a4856[.]php"	"url"	"threatfox"	"Stealc,URLscan,c2,stealc"	"confidence_level=50; threat_type=botnet_cc; malware=win.stealc; reference=https://urlscan.io/result/019cb806-ac04-73da-be02-025a6f17249d"
""	"hxxp://193[.]233[.]198[.]199/9d649318033e475a[.]php"	"url"	"threatfox"	"Stealc,URLscan,c2,stealc"	"confidence_level=50; threat_type=botnet_cc; malware=win.stealc; reference=https://urlscan.io/result/019cb806-a881-7076-9cf7-8c929971b941"
""	"hxxp://213[.]21[.]237[.]183/979b792f11becc6f[.]php"	"url"	"threatfox"	"Stealc,URLscan,c2,stealc"	"confidence_level=50; threat_type=botnet_cc; malware=win.stealc; reference=https://urlscan.io/result/019cb806-a408-704e-a20e-b1d535ecbf10"
""	"hxxp://158[.]94[.]209[.]172/f9c376230e95425f[.]php"	"url"	"threatfox"	"Stealc,URLscan,c2,stealc"	"confidence_level=50; threat_type=botnet_cc; malware=win.stealc; reference=https://urlscan.io/result/019cb806-9fbc-736c-a5c9-b67290256f4f"
""	"hxxps://185[.]190[.]250[.]43/a4b374f33e9c46af[.]php"	"url"	"threatfox"	"Stealc,URLscan,c2,stealc"	"confidence_level=50; threat_type=botnet_cc; malware=win.stealc; reference=https://urlscan.io/result/019cb806-994d-774b-8118-bd6b9029d3db"
""	"hxxp://45[.]147[.]196[.]230/79f070f264484425[.]php"	"url"	"threatfox"	"Stealc,URLscan,c2,stealc"	"confidence_level=50; threat_type=botnet_cc; malware=win.stealc; reference=https://urlscan.io/result/019cb806-9536-772b-9f02-ce8fd4e6b849"
""	"hxxps://178[.]236[.]252[.]126/3e95b29aff3361c5[.]php"	"url"	"threatfox"	"Stealc,URLscan,c2,stealc"	"confidence_level=50; threat_type=botnet_cc; malware=win.stealc; reference=https://urlscan.io/result/019cb806-8adf-710f-a4e2-64b6d31bd7d7"
""	"hxxp://23[.]88[.]106[.]134/c73eed764cc59dcb[.]php"	"url"	"threatfox"	"Stealc,URLscan,c2,stealc"	"confidence_level=50; threat_type=botnet_cc; malware=win.stealc; reference=https://urlscan.io/result/019cb806-8665-729d-8976-15042ff42a06"
""	"hxxp://95[.]217[.]139[.]186/1f8e0e5505b344dd[.]php"	"url"	"threatfox"	"Stealc,URLscan,c2,stealc"	"confidence_level=50; threat_type=botnet_cc; malware=win.stealc; reference=https://urlscan.io/result/019cb806-8235-72cf-9f96-0f89b93c8f9b"
""	"hxxps://91[.]214[.]78[.]178/19347ab5734978bc[.]php"	"url"	"threatfox"	"Stealc,URLscan,c2,stealc"	"confidence_level=50; threat_type=botnet_cc; malware=win.stealc; reference=https://urlscan.io/result/019cb806-7d77-7438-89f1-e43c4ff177bb"
""	"148[.]251[.]2[.]151:80"	"unknown"	"threatfox"	"Stealc,stealc"	"confidence_level=75; threat_type=botnet_cc; malware=win.stealc"
""	"23[.]82[.]125[.]197:80"	"unknown"	"threatfox"	"Stealc,stealc"	"confidence_level=75; threat_type=botnet_cc; malware=win.stealc"
""	"172[.]94[.]9[.]97:80"	"unknown"	"threatfox"	"Stealc,stealc"	"confidence_level=75; threat_type=botnet_cc; malware=win.stealc"
""	"5[.]252[.]177[.]67:80"	"unknown"	"threatfox"	"Stealc,stealc"	"confidence_level=75; threat_type=botnet_cc; malware=win.stealc"
""	"89[.]46[.]38[.]86:80"	"unknown"	"threatfox"	"Stealc,stealc"	"confidence_level=75; threat_type=botnet_cc; malware=win.stealc"
""	"166[.]1[.]209[.]39:80"	"unknown"	"threatfox"	"Stealc,stealc"	"confidence_level=75; threat_type=botnet_cc; malware=win.stealc"
""	"134[.]195[.]90[.]181:80"	"unknown"	"threatfox"	"Stealc,stealc"	"confidence_level=75; threat_type=botnet_cc; malware=win.stealc"
""	"5[.]223[.]48[.]229:80"	"unknown"	"threatfox"	"Stealc,stealc"	"confidence_level=75; threat_type=botnet_cc; malware=win.stealc"
""	"193[.]233[.]126[.]26:80"	"unknown"	"threatfox"	"Stealc,stealc"	"confidence_level=75; threat_type=botnet_cc; malware=win.stealc"
""	"176[.]65[.]132[.]97:80"	"unknown"	"threatfox"	"Stealc,stealc"	"confidence_level=75; threat_type=botnet_cc; malware=win.stealc"
""	"146[.]103[.]105[.]118:80"	"unknown"	"threatfox"	"Stealc,stealc"	"confidence_level=75; threat_type=botnet_cc; malware=win.stealc"
""	"23[.]94[.]252[.]172:80"	"unknown"	"threatfox"	"Stealc,stealc"	"confidence_level=75; threat_type=botnet_cc; malware=win.stealc"
""	"84[.]201[.]20[.]184:80"	"unknown"	"threatfox"	"Stealc,stealc"	"confidence_level=75; threat_type=botnet_cc; malware=win.stealc"
""	"77[.]91[.]65[.]48:80"	"unknown"	"threatfox"	"Stealc,stealc"	"confidence_level=75; threat_type=botnet_cc; malware=win.stealc"
""	"83[.]217[.]208[.]83:80"	"unknown"	"threatfox"	"Stealc,stealc"	"confidence_level=75; threat_type=botnet_cc; malware=win.stealc"
""	"78[.]46[.]40[.]151:80"	"unknown"	"threatfox"	"Stealc,stealc"	"confidence_level=75; threat_type=botnet_cc; malware=win.stealc"
""	"80[.]89[.]224[.]19:80"	"unknown"	"threatfox"	"Stealc,stealc"	"confidence_level=75; threat_type=botnet_cc; malware=win.stealc"
""	"138[.]124[.]115[.]16:80"	"unknown"	"threatfox"	"Stealc,stealc"	"confidence_level=75; threat_type=botnet_cc; malware=win.stealc"
""	"194[.]33[.]61[.]150:80"	"unknown"	"threatfox"	"Stealc,stealc"	"confidence_level=75; threat_type=botnet_cc; malware=win.stealc"
""	"62[.]60[.]246[.]166:80"	"unknown"	"threatfox"	"Stealc,stealc"	"confidence_level=75; threat_type=botnet_cc; malware=win.stealc"
""	"213[.]176[.]77[.]253:80"	"unknown"	"threatfox"	"Stealc,stealc"	"confidence_level=75; threat_type=botnet_cc; malware=win.stealc"
""	"78[.]46[.]40[.]157:80"	"unknown"	"threatfox"	"Stealc,stealc"	"confidence_level=75; threat_type=botnet_cc; malware=win.stealc"
""	"64[.]188[.]106[.]181:80"	"unknown"	"threatfox"	"Stealc,stealc"	"confidence_level=75; threat_type=botnet_cc; malware=win.stealc"
""	"45[.]249[.]90[.]215:80"	"unknown"	"threatfox"	"Stealc,stealc"	"confidence_level=75; threat_type=botnet_cc; malware=win.stealc"
""	"hxxps://5[.]75[.]232[.]223/5065bfaf5315fdfb[.]php"	"url"	"threatfox"	"Stealc,URLscan,c2,stealc"	"confidence_level=50; threat_type=botnet_cc; malware=win.stealc; reference=https://urlscan.io/result/019ca886-ee68-73f6-bbb8-b79b5d41f353"
""	"hxxps://82[.]25[.]63[.]1/9f53354de2964d8b[.]php"	"url"	"threatfox"	"Stealc,URLscan,c2,stealc"	"confidence_level=50; threat_type=botnet_cc; malware=win.stealc; reference=https://urlscan.io/result/019ca886-e3ec-76ec-a09e-2b3e272cae0e"
""	"hxxps://steamcommunity[.]com/profiles/76561198035868993"	"url"	"threatfox"	"Stealc,c2,stealc,stealer,triage"	"confidence_level=100; threat_type=botnet_cc; malware=win.stealc; reference=https://tria.ge/260228-jq8x8aev5g"
""	"hxxps://159[.]198[.]75[.]187/d076201aa1664664[.]php"	"url"	"threatfox"	"Stealc,URLscan,c2,stealc"	"confidence_level=50; threat_type=botnet_cc; malware=win.stealc; reference=https://urlscan.io/result/019c9a8f-3e0b-7053-b940-c6e59b3f1c99"
""	"hxxps://65[.]21[.]200[.]30/1b8295a7e0284b08[.]php"	"url"	"threatfox"	"Stealc,URLscan,c2,stealc"	"confidence_level=50; threat_type=botnet_cc; malware=win.stealc; reference=https://urlscan.io/result/019c944d-8f6c-732d-b850-8e9859f1d9b8"
""	"hxxps://213[.]159[.]79[.]103/c619c3a3bc843eb0[.]php"	"url"	"threatfox"	"Stealc,URLscan,c2,stealc"	"confidence_level=50; threat_type=botnet_cc; malware=win.stealc; reference=https://urlscan.io/result/019c944d-8838-713d-90b2-61ac156d9812"
""	"hxxp://94[.]156[.]155[.]222"	"url"	"threatfox"	"AS207957,SERVHOST-AS,Stealc,c2,stealc,stealer,triage"	"confidence_level=100; threat_type=botnet_cc; malware=win.stealc; reference=https://tria.ge/260223-p7kvlscw7a"
""	"hxxps://85[.]28[.]47[.]70/744f169d372be841[.]php"	"url"	"threatfox"	"Stealc,URLscan,c2,stealc"	"confidence_level=50; threat_type=botnet_cc; malware=win.stealc; reference=https://urlscan.io/result/019c8a85-5c22-72cd-aecf-edbed396b46d"
""	"hxxps://45[.]153[.]34[.]175/c4e3d825c1654e79[.]php"	"url"	"threatfox"	"Stealc,URLscan,c2,stealc"	"confidence_level=50; threat_type=botnet_cc; malware=win.stealc; reference=https://urlscan.io/result/019c8a85-521f-7530-8bed-c661f9acde98"
""	"hxxp://193[.]38[.]248[.]139/8c91e91fdd93452c[.]php"	"url"	"threatfox"	"Stealc,URLscan,c2,stealc"	"confidence_level=50; threat_type=botnet_cc; malware=win.stealc; reference=https://urlscan.io/result/019c80c3-92de-700b-9623-9df076690f88"
""	"hxxps://85[.]28[.]47[.]30/920475a59bac849d[.]php"	"url"	"threatfox"	"Stealc,URLscan,c2,stealc"	"confidence_level=50; threat_type=botnet_cc; malware=win.stealc; reference=https://urlscan.io/result/019c80c3-858c-709a-ad95-2422924cb5c0"
""	"45[.]150[.]32[.]124:80"	"unknown"	"threatfox"	"HGFGJHJKJH,Loader,Stealc,c2,stealc,stealer"	"confidence_level=100; threat_type=botnet_cc; malware=win.stealc"
""	"hxxp://45[.]150[.]32[.]124"	"url"	"threatfox"	"AS210644,Stealc,c2,stealc,stealer,triage"	"confidence_level=100; threat_type=botnet_cc; malware=win.stealc; reference=https://tria.ge/260218-vx9c4scx8d"
""	"sfkjsdhfsdfsdhsken[.]cfd"	"domain"	"threatfox"	"Loader,Stealc,c2,stealc,stealer,testbuild"	"confidence_level=100; threat_type=botnet_cc; malware=win.stealc"
""	"hxxp://217[.]156[.]66[.]135"	"url"	"threatfox"	"AS48753,Stealc,c2,stealc,stealer,triage"	"confidence_level=100; threat_type=botnet_cc; malware=win.stealc; reference=https://tria.ge/260216-s5cm1ab13f"
""	"hxxps://45[.]11[.]92[.]124/982c183d8a9835c6[.]php"	"url"	"threatfox"	"Stealc,URLscan,c2,stealc"	"confidence_level=50; threat_type=botnet_cc; malware=win.stealc; reference=https://urlscan.io/result/019c66c6-da10-776f-9a38-3860dff01ca2"
""	"135[.]136[.]1[.]134:80"	"unknown"	"threatfox"	"Stealc,stealc"	"confidence_level=75; threat_type=botnet_cc; malware=win.stealc"
""	"85[.]137[.]252[.]166:80"	"unknown"	"threatfox"	"Stealc,stealc"	"confidence_level=75; threat_type=botnet_cc; malware=win.stealc"
""	"176[.]65[.]144[.]87:80"	"unknown"	"threatfox"	"Stealc,stealc"	"confidence_level=75; threat_type=botnet_cc; malware=win.stealc"
""	"67[.]217[.]228[.]145:80"	"unknown"	"threatfox"	"Stealc,stealc"	"confidence_level=75; threat_type=botnet_cc; malware=win.stealc"
""	"194[.]33[.]61[.]151:80"	"unknown"	"threatfox"	"Stealc,stealc"	"confidence_level=75; threat_type=botnet_cc; malware=win.stealc"
""	"98[.]142[.]251[.]94:80"	"unknown"	"threatfox"	"Stealc,stealc"	"confidence_level=75; threat_type=botnet_cc; malware=win.stealc"
""	"199[.]91[.]220[.]41:80"	"unknown"	"threatfox"	"Stealc,stealc"	"confidence_level=75; threat_type=botnet_cc; malware=win.stealc"
""	"185[.]156[.]108[.]230:80"	"unknown"	"threatfox"	"Stealc,stealc"	"confidence_level=75; threat_type=botnet_cc; malware=win.stealc"
""	"193[.]221[.]200[.]176:80"	"unknown"	"threatfox"	"Stealc,stealc"	"confidence_level=75; threat_type=botnet_cc; malware=win.stealc"
""	"196[.]251[.]107[.]145:80"	"unknown"	"threatfox"	"Stealc,stealc"	"confidence_level=75; threat_type=botnet_cc; malware=win.stealc"
""	"185[.]143[.]228[.]226:80"	"unknown"	"threatfox"	"Stealc,stealc"	"confidence_level=75; threat_type=botnet_cc; malware=win.stealc"
""	"144[.]31[.]221[.]193:80"	"unknown"	"threatfox"	"Stealc,stealc"	"confidence_level=75; threat_type=botnet_cc; malware=win.stealc"
""	"187[.]77[.]19[.]50:80"	"unknown"	"threatfox"	"Stealc,stealc"	"confidence_level=75; threat_type=botnet_cc; malware=win.stealc"
""	"178[.]16[.]52[.]110:80"	"unknown"	"threatfox"	"Stealc,stealc"	"confidence_level=75; threat_type=botnet_cc; malware=win.stealc"
""	"212[.]224[.]86[.]227:80"	"unknown"	"threatfox"	"Stealc,stealc"	"confidence_level=75; threat_type=botnet_cc; malware=win.stealc"
""	"hxxp://144[.]31[.]139[.]187"	"url"	"threatfox"	"Stealc,stealc"	"confidence_level=75; threat_type=botnet_cc; malware=win.stealc; reference=https://bazaar.abuse.ch/sample/e0cf897ce55ca398a9587c3b8a99ba56b6e4d6949bbfac8e0d31cd7fe90bcc11/"
""	"124[.]198[.]132[.]104:80"	"unknown"	"threatfox"	"1,Loader,Stealc,c2,stealc,stealer"	"confidence_level=100; threat_type=botnet_cc; malware=win.stealc"
""	"hxxp://91[.]196[.]33[.]68"	"url"	"threatfox"	"AS207957,SERVHOST-AS,Stealc,c2,stealc,stealer,triage"	"confidence_level=100; threat_type=botnet_cc; malware=win.stealc; reference=https://tria.ge/260214-dlyzkafz8h"
""	"hxxp://124[.]198[.]132[.]104"	"url"	"threatfox"	"AS210558,Stealc,c2,stealc,stealer,triage"	"confidence_level=100; threat_type=botnet_cc; malware=win.stealc; reference=https://tria.ge/260213-tps6gsgx3e"
""	"hxxp://77[.]221[.]154[.]40/7e1669c87b2a4f93[.]php"	"url"	"threatfox"	"Stealc,URLscan,c2,stealc"	"confidence_level=50; threat_type=botnet_cc; malware=win.stealc; reference=https://urlscan.io/result/019c55d8-dd02-736e-84d9-8524c43ceefa"
""	"hxxps://159[.]69[.]114[.]128/b5caa8f188054fc8[.]php"	"url"	"threatfox"	"Stealc,URLscan,c2,stealc"	"confidence_level=50; threat_type=botnet_cc; malware=win.stealc; reference=https://urlscan.io/result/019c55d8-cf19-758d-8ab4-dae3b7700e44"
""	"hxxps://185[.]196[.]10[.]147/f6c05fe452e5af24[.]php"	"url"	"threatfox"	"Stealc,URLscan,c2,stealc"	"confidence_level=50; threat_type=botnet_cc; malware=win.stealc; reference=https://urlscan.io/result/019c55d8-aeb7-713c-a841-5084f296f0e5"
""	"hxxps://45[.]88[.]76[.]205/30f6901d21ae0dd7[.]php"	"url"	"threatfox"	"Stealc,URLscan,c2,stealc"	"confidence_level=50; threat_type=botnet_cc; malware=win.stealc; reference=https://urlscan.io/result/019c55d8-973c-76b3-85d1-1c8b2b8c78cd"
""	"hxxp://66[.]63[.]187[.]223/d7d759eb06ee4a63[.]php"	"url"	"threatfox"	"Stealc,URLscan,c2,stealc"	"confidence_level=50; threat_type=botnet_cc; malware=win.stealc; reference=https://urlscan.io/result/019c55d8-69d8-76cb-b598-52713fbd196a"
""	"hxxp://93[.]152[.]230[.]54/47fec8f722884ace[.]php"	"url"	"threatfox"	"Stealc,URLscan,c2,stealc"	"confidence_level=50; threat_type=botnet_cc; malware=win.stealc; reference=https://urlscan.io/result/019c55d8-51ea-718a-9ce2-e88a66d03889"
""	"150[.]241[.]83[.]74:80"	"unknown"	"threatfox"	"330256129,Loader,Stealc,c2,stealc,stealer"	"confidence_level=100; threat_type=botnet_cc; malware=win.stealc"
""	"178[.]16[.]55[.]171:80"	"unknown"	"threatfox"	"DonaldTrump,Loader,Stealc,c2,stealc,stealer"	"confidence_level=100; threat_type=botnet_cc; malware=win.stealc"
""	"95[.]85[.]235[.]132:80"	"unknown"	"threatfox"	"Stealc,stealc"	"confidence_level=75; threat_type=botnet_cc; malware=win.stealc"
""	"144[.]31[.]139[.]187:80"	"unknown"	"threatfox"	"Stealc,stealc"	"confidence_level=75; threat_type=botnet_cc; malware=win.stealc"
""	"138[.]124[.]53[.]228:80"	"unknown"	"threatfox"	"Stealc,stealc"	"confidence_level=75; threat_type=botnet_cc; malware=win.stealc"
""	"193[.]58[.]121[.]25:80"	"unknown"	"threatfox"	"Stealc,stealc"	"confidence_level=75; threat_type=botnet_cc; malware=win.stealc"
""	"hxxps://senseapiport[.]live"	"url"	"threatfox"	"Stealc,stealc"	"confidence_level=75; threat_type=botnet_cc; malware=win.stealc; reference=https://bazaar.abuse.ch/sample/0e2ca22da0e4c4b73d68d11f879d0577f5a539c8dc8358c39caa577b89331b82/"
""	"hxxp://178[.]17[.]62[.]64/749c1d9b3f7647ce[.]php"	"url"	"threatfox"	"Stealc,URLscan,c2,stealc"	"confidence_level=50; threat_type=botnet_cc; malware=win.stealc; reference=https://urlscan.io/result/019c2e00-3a79-725a-b817-692d27c8dd85"
""	"hxxp://80[.]97[.]160[.]144/05f640dd85154ef9[.]php"	"url"	"threatfox"	"Stealc,URLscan,c2,stealc"	"confidence_level=50; threat_type=botnet_cc; malware=win.stealc; reference=https://urlscan.io/result/019c2e00-2eb0-76f1-b726-fa2133fdef91"
""	"hxxps://95[.]216[.]187[.]218/cf2bf91a3641f615[.]php"	"url"	"threatfox"	"Stealc,URLscan,c2,stealc"	"confidence_level=50; threat_type=botnet_cc; malware=win.stealc; reference=https://urlscan.io/result/019c2e00-20f8-76df-893c-404760ef5932"
""	"hxxps://172[.]86[.]70[.]117/94ed4bf54583a4fa[.]php"	"url"	"threatfox"	"Stealc,URLscan,c2,stealc"	"confidence_level=50; threat_type=botnet_cc; malware=win.stealc; reference=https://urlscan.io/result/019c2e00-1546-75f5-baec-faa800dc1f3e"
""	"hxxps://77[.]83[.]175[.]105/18a9a962225b1ffb[.]php"	"url"	"threatfox"	"Stealc,URLscan,c2,stealc"	"confidence_level=50; threat_type=botnet_cc; malware=win.stealc; reference=https://urlscan.io/result/019c2e00-0f91-705a-bfe4-8b388efa95ed"
""	"146[.]103[.]127[.]46:80"	"unknown"	"threatfox"	"Stealc,ip,stealc"	"confidence_level=50; threat_type=botnet_cc; malware=win.stealc"
""	"95[.]85[.]237[.]193:80"	"unknown"	"threatfox"	"Stealc,ip,stealc"	"confidence_level=50; threat_type=botnet_cc; malware=win.stealc"
